t_s,mesh_sysid,role,lat,lon,rel_alt_m
46.94,1,leader,-35.3632609,149.1652298,2.23
47.44,1,leader,-35.3632609,149.1652298,3.39
47.94,1,leader,-35.3632609,149.1652298,4.67
48.44,1,leader,-35.3632609,149.1652298,5.95
48.94,1,leader,-35.3632609,149.1652298,7.19
49.44,1,leader,-35.3632609,149.1652298,8.42
49.94,1,leader,-35.3632609,149.1652298,9.66
50.44,1,leader,-35.3632609,149.1652298,10.90
50.94,1,leader,-35.3632609,149.1652298,12.13
51.44,1,leader,-35.3632609,149.1652298,13.22
51.94,1,leader,-35.3632609,149.1652298,14.06
52.44,1,leader,-35.3632609,149.1652298,14.63
52.94,1,leader,-35.3632609,149.1652298,14.94
53.45,1,leader,-35.3632609,149.1652298,15.00
53.94,1,leader,-35.3632609,149.1652298,14.97
54.45,1,leader,-35.3632609,149.1652298,14.95
54.94,1,leader,-35.3632609,149.1652298,14.95
55.44,1,leader,-35.3632609,149.1652298,14.97
55.94,1,leader,-35.3632609,149.1652298,14.98
56.44,1,leader,-35.3632609,149.1652298,14.98
56.94,1,leader,-35.3632609,149.1652297,14.99
57.44,1,leader,-35.3632609,149.1652297,14.99
57.94,1,leader,-35.3632608,149.1652297,14.99
58.44,1,leader,-35.3632608,149.1652297,14.99
58.94,1,leader,-35.3632608,149.1652297,14.99
59.44,1,leader,-35.3632608,149.1652297,14.99
59.94,1,leader,-35.3632608,149.1652297,14.99
60.45,1,leader,-35.3632608,149.1652297,15.00
60.95,1,leader,-35.3632608,149.1652298,15.00
61.44,1,leader,-35.3632608,149.1652298,15.00
61.94,1,leader,-35.3632608,149.1652298,15.00
62.44,1,leader,-35.3632608,149.1652298,15.00
62.94,1,leader,-35.3632608,149.1652298,15.00
63.45,1,leader,-35.3632608,149.1652298,15.00
63.95,1,leader,-35.3632608,149.1652298,15.00
64.44,1,leader,-35.3632608,149.1652298,15.00
64.94,1,leader,-35.3632608,149.1652298,15.00
65.44,1,leader,-35.3632609,149.1652298,15.00
65.94,1,leader,-35.3632609,149.1652298,15.00
66.44,1,leader,-35.3632609,149.1652298,15.00
66.95,1,leader,-35.3632609,149.1652298,15.00
67.44,1,leader,-35.3632609,149.1652298,15.00
67.94,1,leader,-35.3632609,149.1652298,15.00
68.44,1,leader,-35.3632609,149.1652298,15.00
68.94,1,leader,-35.3632609,149.1652298,15.00
69.44,1,leader,-35.3632609,149.1652298,15.00
69.95,1,leader,-35.3632609,149.1652298,15.00
70.44,1,leader,-35.3632609,149.1652298,15.00
70.94,1,leader,-35.3632609,149.1652298,15.00
71.45,1,leader,-35.3632609,149.1652298,15.00
71.94,1,leader,-35.3632609,149.1652298,15.00
72.45,1,leader,-35.3632609,149.1652298,15.00
72.94,1,leader,-35.3632609,149.1652298,15.00
73.45,1,leader,-35.3632609,149.1652298,15.00
73.94,1,leader,-35.3632609,149.1652298,15.00
74.45,1,leader,-35.3632609,149.1652298,15.00
74.95,1,leader,-35.3632609,149.1652298,15.00
75.44,1,leader,-35.3632609,149.1652298,15.00
75.95,1,leader,-35.3632609,149.1652298,15.00
76.44,1,leader,-35.3632609,149.1652298,15.00
76.95,1,leader,-35.3632609,149.1652298,15.00
77.45,1,leader,-35.3632609,149.1652298,15.00
77.95,1,leader,-35.3632609,149.1652298,15.00
78.44,1,leader,-35.3632609,149.1652298,15.00
78.95,1,leader,-35.3632609,149.1652298,15.00
79.45,1,leader,-35.3632609,149.1652298,15.00
79.95,1,leader,-35.3632609,149.1652298,15.00
80.45,1,leader,-35.3632609,149.1652298,15.00
80.95,1,leader,-35.3632609,149.1652298,15.00
81.45,1,leader,-35.3632609,149.1652298,15.00
81.95,1,leader,-35.3632609,149.1652298,15.00
82.45,1,leader,-35.3632609,149.1652298,15.00
82.95,1,leader,-35.3632609,149.1652298,15.00
83.45,1,leader,-35.3632609,149.1652298,15.00
83.94,1,leader,-35.3632609,149.1652298,15.00
84.45,1,leader,-35.3632609,149.1652298,15.00
84.95,1,leader,-35.3632609,149.1652298,15.00
85.45,1,leader,-35.3632609,149.1652298,15.00
85.95,1,leader,-35.3632609,149.1652298,15.00
86.45,1,leader,-35.3632609,149.1652298,15.00
86.94,1,leader,-35.3632609,149.1652298,15.00
87.45,1,leader,-35.3632609,149.1652298,15.00
87.95,1,leader,-35.3632609,149.1652298,15.00
88.45,1,leader,-35.3632609,149.1652298,15.00
88.95,1,leader,-35.3632609,149.1652298,15.00
89.45,1,leader,-35.3632609,149.1652298,15.00
89.95,1,leader,-35.3632609,149.1652298,15.00
90.45,1,leader,-35.3632609,149.1652298,15.00
90.95,1,leader,-35.3632609,149.1652298,15.00
91.45,1,leader,-35.3632609,149.1652298,15.00
91.95,1,leader,-35.3632609,149.1652298,15.00
92.45,1,leader,-35.3632609,149.1652298,15.00
92.95,1,leader,-35.3632609,149.1652298,15.00
93.45,1,leader,-35.3632609,149.1652298,15.00
93.95,1,leader,-35.3632609,149.1652298,15.00
94.45,1,leader,-35.3632609,149.1652298,15.00
94.95,1,leader,-35.3632609,149.1652298,15.00
95.45,1,leader,-35.3632609,149.1652298,15.00
95.95,1,leader,-35.3632609,149.1652298,15.00
96.45,1,leader,-35.3632609,149.1652298,15.00
96.95,1,leader,-35.3632609,149.1652298,15.00
97.45,1,leader,-35.3632609,149.1652298,15.00
97.95,1,leader,-35.3632609,149.1652298,15.00
98.45,1,leader,-35.3632609,149.1652298,15.00
98.95,1,leader,-35.3632609,149.1652298,15.00
99.45,1,leader,-35.3632609,149.1652298,15.00
99.95,1,leader,-35.3632609,149.1652298,15.00
100.45,1,leader,-35.3632609,149.1652298,15.00
100.95,1,leader,-35.3632609,149.1652298,15.00
101.45,1,leader,-35.3632609,149.1652298,15.00
101.95,1,leader,-35.3632609,149.1652298,15.00
102.45,1,leader,-35.3632609,149.1652298,15.00
102.95,1,leader,-35.3632609,149.1652298,15.00
103.45,1,leader,-35.3632609,149.1652298,15.00
103.95,1,leader,-35.3632609,149.1652298,15.00
104.45,1,leader,-35.3632609,149.1652298,15.00
104.95,1,leader,-35.3632609,149.1652298,15.00
105.45,1,leader,-35.3632609,149.1652298,15.00
105.95,1,leader,-35.3632609,149.1652298,15.00
106.45,1,leader,-35.3632609,149.1652298,15.00
106.95,1,leader,-35.3632609,149.1652298,15.00
107.45,1,leader,-35.3632609,149.1652298,15.00
107.95,1,leader,-35.3632609,149.1652298,15.00
108.45,1,leader,-35.3632609,149.1652298,15.00
108.95,1,leader,-35.3632609,149.1652298,15.00
109.46,1,leader,-35.3632609,149.1652298,15.00
109.95,1,leader,-35.3632609,149.1652298,15.00
110.45,1,leader,-35.3632609,149.1652298,15.00
110.95,1,leader,-35.3632609,149.1652298,15.00
111.45,1,leader,-35.3632609,149.1652298,15.00
111.95,1,leader,-35.3632609,149.1652298,15.00
112.45,1,leader,-35.3632609,149.1652298,15.00
112.95,1,leader,-35.3632609,149.1652298,15.00
113.45,1,leader,-35.3632609,149.1652298,15.00
113.95,1,leader,-35.3632609,149.1652298,15.00
114.46,1,leader,-35.3632609,149.1652298,15.00
114.95,1,leader,-35.3632609,149.1652298,15.00
115.46,1,leader,-35.3632609,149.1652298,15.00
115.96,1,leader,-35.3632609,149.1652298,15.00
116.46,1,leader,-35.3632609,149.1652298,15.00
116.96,1,leader,-35.3632609,149.1652298,15.00
117.45,1,leader,-35.3632609,149.1652298,15.00
117.96,1,leader,-35.3632609,149.1652298,15.00
118.45,1,leader,-35.3632609,149.1652298,15.00
118.95,1,leader,-35.3632609,149.1652298,15.00
119.46,1,leader,-35.3632609,149.1652298,15.00
119.95,1,leader,-35.3632609,149.1652298,15.00
120.45,1,leader,-35.3632609,149.1652298,15.00
120.96,1,leader,-35.3632609,149.1652298,15.00
121.46,1,leader,-35.3632609,149.1652298,15.00
121.95,1,leader,-35.3632609,149.1652298,15.00
122.46,1,leader,-35.3632609,149.1652298,15.00
122.96,1,leader,-35.3632609,149.1652298,15.00
123.46,1,leader,-35.3632609,149.1652298,15.00
123.96,1,leader,-35.3632609,149.1652298,15.00
124.46,1,leader,-35.3632605,149.1652297,15.00
124.95,1,leader,-35.3632562,149.1652296,15.00
125.46,1,leader,-35.3632483,149.1652295,15.00
125.96,1,leader,-35.3632396,149.1652295,15.00
126.45,1,leader,-35.3632308,149.1652295,15.00
126.95,1,leader,-35.3632220,149.1652295,15.00
127.46,1,leader,-35.3632130,149.1652296,15.00
127.96,1,leader,-35.3632040,149.1652296,15.00
128.46,1,leader,-35.3631948,149.1652296,15.00
128.95,1,leader,-35.3631857,149.1652296,15.00
129.46,1,leader,-35.3631765,149.1652296,15.00
129.96,1,leader,-35.3631675,149.1652296,15.00
130.46,1,leader,-35.3631584,149.1652296,15.00
130.96,1,leader,-35.3631494,149.1652296,15.00
131.46,1,leader,-35.3631404,149.1652296,15.00
131.96,1,leader,-35.3631314,149.1652295,15.00
132.46,1,leader,-35.3631224,149.1652295,15.00
132.95,1,leader,-35.3631134,149.1652295,15.00
133.45,1,leader,-35.3631044,149.1652295,15.00
133.96,1,leader,-35.3630954,149.1652295,15.00
134.45,1,leader,-35.3630864,149.1652295,15.00
134.95,1,leader,-35.3630774,149.1652295,15.00
135.46,1,leader,-35.3630684,149.1652295,15.00
135.96,1,leader,-35.3630594,149.1652295,15.00
136.45,1,leader,-35.3630504,149.1652295,15.00
136.96,1,leader,-35.3630414,149.1652296,15.00
137.46,1,leader,-35.3630324,149.1652296,15.00
137.96,1,leader,-35.3630234,149.1652296,15.00
138.46,1,leader,-35.3630145,149.1652296,15.00
138.96,1,leader,-35.3630055,149.1652296,15.00
139.46,1,leader,-35.3629967,149.1652296,15.00
139.96,1,leader,-35.3629910,149.1652298,15.00
140.46,1,leader,-35.3629901,149.1652338,15.00
140.96,1,leader,-35.3629904,149.1652430,15.01
141.46,1,leader,-35.3629903,149.1652537,15.01
141.96,1,leader,-35.3629901,149.1652645,15.00
142.46,1,leader,-35.3629901,149.1652752,15.00
142.96,1,leader,-35.3629901,149.1652860,15.00
143.46,1,leader,-35.3629903,149.1652971,15.00
143.96,1,leader,-35.3629905,149.1653082,15.00
144.46,1,leader,-35.3629907,149.1653194,15.00
144.96,1,leader,-35.3629908,149.1653306,15.00
145.46,1,leader,-35.3629909,149.1653419,15.00
145.96,1,leader,-35.3629910,149.1653531,15.00
146.46,1,leader,-35.3629910,149.1653643,15.00
146.96,1,leader,-35.3629910,149.1653754,15.00
147.46,1,leader,-35.3629910,149.1653864,15.00
147.96,1,leader,-35.3629910,149.1653975,15.00
148.46,1,leader,-35.3629910,149.1654086,15.00
148.96,1,leader,-35.3629910,149.1654197,15.00
149.46,1,leader,-35.3629910,149.1654307,15.00
149.96,1,leader,-35.3629910,149.1654417,15.00
150.46,1,leader,-35.3629910,149.1654528,15.00
150.96,1,leader,-35.3629910,149.1654638,15.00
151.46,1,leader,-35.3629910,149.1654748,15.00
151.96,1,leader,-35.3629910,149.1654859,15.00
152.46,1,leader,-35.3629910,149.1654969,15.00
152.96,1,leader,-35.3629910,149.1655080,15.00
153.46,1,leader,-35.3629910,149.1655190,15.00
153.96,1,leader,-35.3629910,149.1655300,15.00
154.46,1,leader,-35.3629910,149.1655410,15.00
154.96,1,leader,-35.3629911,149.1655495,15.00
155.46,1,leader,-35.3629932,149.1655517,15.00
155.96,1,leader,-35.3630000,149.1655515,15.01
156.46,1,leader,-35.3630086,149.1655516,15.01
156.96,1,leader,-35.3630174,149.1655517,15.00
157.46,1,leader,-35.3630261,149.1655518,15.00
157.96,1,leader,-35.3630348,149.1655517,15.00
158.46,1,leader,-35.3630437,149.1655515,15.00
158.96,1,leader,-35.3630528,149.1655512,15.00
159.46,1,leader,-35.3630619,149.1655510,15.00
159.96,1,leader,-35.3630710,149.1655508,15.00
160.46,1,leader,-35.3630802,149.1655507,15.00
160.96,1,leader,-35.3630894,149.1655506,15.00
161.46,1,leader,-35.3630985,149.1655506,15.00
161.96,1,leader,-35.3631075,149.1655505,15.00
162.46,1,leader,-35.3631166,149.1655505,15.00
162.96,1,leader,-35.3631257,149.1655505,15.00
163.46,1,leader,-35.3631347,149.1655505,15.00
163.96,1,leader,-35.3631437,149.1655505,15.00
164.46,1,leader,-35.3631527,149.1655505,15.00
164.96,1,leader,-35.3631617,149.1655505,15.00
165.46,1,leader,-35.3631708,149.1655505,15.00
165.96,1,leader,-35.3631797,149.1655506,15.00
166.46,1,leader,-35.3631887,149.1655506,15.00
166.97,1,leader,-35.3631978,149.1655506,15.00
167.47,1,leader,-35.3632068,149.1655506,15.00
167.96,1,leader,-35.3632158,149.1655505,15.00
168.46,1,leader,-35.3632247,149.1655505,15.00
168.96,1,leader,-35.3632337,149.1655505,15.00
169.46,1,leader,-35.3632427,149.1655505,15.00
169.96,1,leader,-35.3632505,149.1655505,15.00
170.46,1,leader,-35.3632535,149.1655489,15.00
170.96,1,leader,-35.3632533,149.1655417,15.00
171.47,1,leader,-35.3632534,149.1655313,15.01
171.96,1,leader,-35.3632536,149.1655207,15.00
172.47,1,leader,-35.3632537,149.1655101,15.00
172.96,1,leader,-35.3632536,149.1654994,15.00
173.47,1,leader,-35.3632535,149.1654886,15.00
173.96,1,leader,-35.3632532,149.1654775,15.00
174.46,1,leader,-35.3632530,149.1654663,15.00
174.97,1,leader,-35.3632528,149.1654550,15.00
175.46,1,leader,-35.3632527,149.1654437,15.00
175.97,1,leader,-35.3632527,149.1654325,15.00
176.46,1,leader,-35.3632526,149.1654213,15.00
176.97,1,leader,-35.3632526,149.1654102,15.00
177.47,1,leader,-35.3632526,149.1653991,15.00
177.96,1,leader,-35.3632526,149.1653880,15.00
178.46,1,leader,-35.3632525,149.1653770,15.00
178.97,1,leader,-35.3632525,149.1653659,15.00
179.46,1,leader,-35.3632526,149.1653548,15.00
179.97,1,leader,-35.3632526,149.1653438,15.00
180.47,1,leader,-35.3632526,149.1653328,15.00
180.97,1,leader,-35.3632526,149.1653217,15.00
181.47,1,leader,-35.3632526,149.1653107,15.00
181.96,1,leader,-35.3632526,149.1652996,15.00
182.47,1,leader,-35.3632526,149.1652886,15.00
182.97,1,leader,-35.3632526,149.1652776,15.00
183.46,1,leader,-35.3632526,149.1652666,15.00
183.97,1,leader,-35.3632526,149.1652555,15.00
184.47,1,leader,-35.3632526,149.1652445,15.00
184.97,1,leader,-35.3632525,149.1652341,15.00
185.47,1,leader,-35.3632525,149.1652288,15.00
185.97,1,leader,-35.3632524,149.1652276,15.00
186.47,1,leader,-35.3632524,149.1652273,15.00
186.97,1,leader,-35.3632524,149.1652272,15.00
187.47,1,leader,-35.3632524,149.1652271,15.00
187.97,1,leader,-35.3632524,149.1652270,15.00
188.47,1,leader,-35.3632524,149.1652271,15.00
188.97,1,leader,-35.3632524,149.1652272,15.00
189.47,1,leader,-35.3632525,149.1652273,15.00
189.97,1,leader,-35.3632525,149.1652275,15.00
190.47,1,leader,-35.3632525,149.1652276,15.00
190.97,1,leader,-35.3632525,149.1652277,15.00
46.94,2,follower,-35.3632873,149.1652596,2.23
47.44,2,follower,-35.3632873,149.1652596,3.39
47.94,2,follower,-35.3632873,149.1652596,4.67
48.44,2,follower,-35.3632873,149.1652596,5.95
48.94,2,follower,-35.3632873,149.1652596,7.19
49.44,2,follower,-35.3632873,149.1652596,8.42
49.94,2,follower,-35.3632873,149.1652596,9.66
50.44,2,follower,-35.3632873,149.1652596,10.90
50.94,2,follower,-35.3632873,149.1652596,12.13
51.44,2,follower,-35.3632873,149.1652596,13.29
51.94,2,follower,-35.3632873,149.1652596,14.77
52.44,2,follower,-35.3632873,149.1652595,16.54
52.94,2,follower,-35.3632873,149.1652595,17.84
53.44,2,follower,-35.3632873,149.1652595,18.72
53.94,2,follower,-35.3632873,149.1652595,19.32
54.44,2,follower,-35.3632873,149.1652595,19.68
54.94,2,follower,-35.3632873,149.1652595,19.80
55.44,2,follower,-35.3632873,149.1652594,19.69
55.94,2,follower,-35.3632872,149.1652594,19.33
56.44,2,follower,-35.3632872,149.1652593,18.71
56.94,2,follower,-35.3632872,149.1652593,17.93
57.45,2,follower,-35.3632872,149.1652593,17.16
57.94,2,follower,-35.3632872,149.1652593,16.42
58.44,2,follower,-35.3632872,149.1652593,15.71
58.94,2,follower,-35.3632872,149.1652593,15.21
59.44,2,follower,-35.3632872,149.1652594,14.97
59.94,2,follower,-35.3632872,149.1652594,14.97
60.45,2,follower,-35.3632872,149.1652594,15.01
60.94,2,follower,-35.3632872,149.1652594,15.03
61.45,2,follower,-35.3632872,149.1652594,15.02
61.94,2,follower,-35.3632872,149.1652594,15.02
62.45,2,follower,-35.3632872,149.1652594,15.02
62.95,2,follower,-35.3632872,149.1652595,15.01
63.44,2,follower,-35.3632872,149.1652594,15.01
63.95,2,follower,-35.3632872,149.1652594,15.01
64.44,2,follower,-35.3632872,149.1652594,15.01
64.94,2,follower,-35.3632872,149.1652594,15.01
65.44,2,follower,-35.3632872,149.1652594,15.00
65.95,2,follower,-35.3632872,149.1652594,15.00
66.44,2,follower,-35.3632872,149.1652594,15.00
66.94,2,follower,-35.3632872,149.1652594,15.00
67.45,2,follower,-35.3632872,149.1652594,15.00
67.94,2,follower,-35.3632872,149.1652594,15.00
68.44,2,follower,-35.3632872,149.1652594,15.00
68.94,2,follower,-35.3632872,149.1652594,15.00
69.45,2,follower,-35.3632872,149.1652594,15.00
69.94,2,follower,-35.3632872,149.1652594,15.00
70.45,2,follower,-35.3632872,149.1652594,15.00
70.95,2,follower,-35.3632872,149.1652595,15.00
71.44,2,follower,-35.3632872,149.1652595,15.00
71.94,2,follower,-35.3632872,149.1652595,15.00
72.44,2,follower,-35.3632872,149.1652595,15.00
72.95,2,follower,-35.3632872,149.1652595,15.00
73.44,2,follower,-35.3632872,149.1652595,15.00
73.94,2,follower,-35.3632872,149.1652595,15.00
74.44,2,follower,-35.3632872,149.1652595,15.00
74.95,2,follower,-35.3632872,149.1652595,15.00
75.44,2,follower,-35.3632872,149.1652595,15.00
75.95,2,follower,-35.3632872,149.1652595,15.00
76.44,2,follower,-35.3632872,149.1652594,15.00
76.95,2,follower,-35.3632872,149.1652594,15.00
77.45,2,follower,-35.3632872,149.1652594,15.00
77.95,2,follower,-35.3632872,149.1652594,15.00
78.45,2,follower,-35.3632872,149.1652594,15.00
78.95,2,follower,-35.3632872,149.1652594,15.00
79.45,2,follower,-35.3632872,149.1652594,15.00
79.95,2,follower,-35.3632872,149.1652594,15.00
80.45,2,follower,-35.3632872,149.1652594,15.00
80.95,2,follower,-35.3632872,149.1652594,15.00
81.45,2,follower,-35.3632872,149.1652594,15.00
81.95,2,follower,-35.3632872,149.1652594,15.00
82.44,2,follower,-35.3632872,149.1652594,15.00
82.95,2,follower,-35.3632872,149.1652595,15.00
83.45,2,follower,-35.3632872,149.1652595,15.00
83.95,2,follower,-35.3632872,149.1652595,15.00
84.44,2,follower,-35.3632872,149.1652595,15.00
84.95,2,follower,-35.3632872,149.1652595,15.00
85.45,2,follower,-35.3632872,149.1652595,15.00
85.95,2,follower,-35.3632872,149.1652595,15.00
86.45,2,follower,-35.3632872,149.1652595,15.00
86.95,2,follower,-35.3632872,149.1652595,15.00
87.45,2,follower,-35.3632872,149.1652595,15.00
87.95,2,follower,-35.3632872,149.1652595,15.00
88.45,2,follower,-35.3632872,149.1652594,15.00
88.95,2,follower,-35.3632872,149.1652594,15.00
89.45,2,follower,-35.3632872,149.1652594,15.00
89.95,2,follower,-35.3632872,149.1652594,15.00
90.45,2,follower,-35.3632872,149.1652594,15.00
90.95,2,follower,-35.3632872,149.1652594,15.00
91.45,2,follower,-35.3632872,149.1652594,15.00
91.95,2,follower,-35.3632872,149.1652594,15.00
92.45,2,follower,-35.3632872,149.1652594,15.00
92.95,2,follower,-35.3632872,149.1652594,15.00
93.45,2,follower,-35.3632872,149.1652594,15.00
93.95,2,follower,-35.3632872,149.1652594,15.00
94.45,2,follower,-35.3632872,149.1652594,15.00
94.95,2,follower,-35.3632872,149.1652594,15.00
95.45,2,follower,-35.3632872,149.1652594,15.00
95.95,2,follower,-35.3632872,149.1652595,15.00
96.45,2,follower,-35.3632872,149.1652595,15.00
96.95,2,follower,-35.3632872,149.1652595,15.00
97.45,2,follower,-35.3632872,149.1652595,15.00
97.95,2,follower,-35.3632872,149.1652595,15.00
98.45,2,follower,-35.3632872,149.1652595,15.00
98.95,2,follower,-35.3632872,149.1652595,15.00
99.45,2,follower,-35.3632872,149.1652595,15.00
99.95,2,follower,-35.3632872,149.1652595,15.00
100.45,2,follower,-35.3632872,149.1652595,15.00
100.95,2,follower,-35.3632872,149.1652595,15.00
101.45,2,follower,-35.3632872,149.1652595,15.00
101.95,2,follower,-35.3632872,149.1652595,15.00
102.45,2,follower,-35.3632872,149.1652595,15.00
102.95,2,follower,-35.3632872,149.1652595,15.00
103.45,2,follower,-35.3632872,149.1652595,15.00
103.95,2,follower,-35.3632872,149.1652595,15.00
104.45,2,follower,-35.3632872,149.1652595,15.00
104.95,2,follower,-35.3632872,149.1652595,15.00
105.45,2,follower,-35.3632872,149.1652595,15.00
105.95,2,follower,-35.3632872,149.1652595,15.00
106.45,2,follower,-35.3632872,149.1652595,15.00
106.95,2,follower,-35.3632872,149.1652595,15.00
107.45,2,follower,-35.3632872,149.1652595,15.00
107.95,2,follower,-35.3632872,149.1652595,15.00
108.45,2,follower,-35.3632872,149.1652595,15.00
108.96,2,follower,-35.3632872,149.1652595,15.00
109.45,2,follower,-35.3632872,149.1652595,15.00
109.95,2,follower,-35.3632872,149.1652595,15.00
110.45,2,follower,-35.3632872,149.1652595,15.00
110.96,2,follower,-35.3632872,149.1652595,15.00
111.45,2,follower,-35.3632872,149.1652595,15.00
111.95,2,follower,-35.3632872,149.1652595,15.00
112.45,2,follower,-35.3632872,149.1652595,15.00
112.96,2,follower,-35.3632872,149.1652595,15.00
113.45,2,follower,-35.3632872,149.1652595,15.00
113.95,2,follower,-35.3632872,149.1652595,15.00
114.45,2,follower,-35.3632872,149.1652595,15.00
114.95,2,follower,-35.3632872,149.1652595,15.00
115.45,2,follower,-35.3632872,149.1652595,15.00
115.96,2,follower,-35.3632872,149.1652595,15.00
116.45,2,follower,-35.3632872,149.1652595,15.00
116.95,2,follower,-35.3632872,149.1652595,15.00
117.45,2,follower,-35.3632872,149.1652595,15.00
117.95,2,follower,-35.3632872,149.1652595,15.00
118.45,2,follower,-35.3632872,149.1652595,15.00
118.95,2,follower,-35.3632872,149.1652595,15.00
119.45,2,follower,-35.3632872,149.1652595,15.00
119.95,2,follower,-35.3632872,149.1652595,15.00
120.46,2,follower,-35.3632872,149.1652595,15.00
120.95,2,follower,-35.3632872,149.1652595,15.00
121.46,2,follower,-35.3632872,149.1652595,15.00
121.96,2,follower,-35.3632872,149.1652595,15.00
122.46,2,follower,-35.3632872,149.1652595,15.00
122.96,2,follower,-35.3632872,149.1652595,15.00
123.45,2,follower,-35.3632872,149.1652595,15.00
123.96,2,follower,-35.3632872,149.1652595,15.00
124.45,2,follower,-35.3632872,149.1652595,15.00
124.95,2,follower,-35.3632870,149.1652594,15.00
125.45,2,follower,-35.3632850,149.1652593,15.00
125.96,2,follower,-35.3632775,149.1652592,15.00
126.46,2,follower,-35.3632649,149.1652591,15.00
126.96,2,follower,-35.3632521,149.1652591,15.00
127.46,2,follower,-35.3632425,149.1652592,15.00
127.95,2,follower,-35.3632334,149.1652592,15.00
128.46,2,follower,-35.3632240,149.1652593,15.00
128.96,2,follower,-35.3632146,149.1652593,15.00
129.45,2,follower,-35.3632052,149.1652593,15.00
129.96,2,follower,-35.3631959,149.1652593,15.00
130.46,2,follower,-35.3631868,149.1652593,15.00
130.96,2,follower,-35.3631779,149.1652593,15.00
131.45,2,follower,-35.3631690,149.1652592,15.00
131.96,2,follower,-35.3631601,149.1652592,15.00
132.46,2,follower,-35.3631513,149.1652592,15.00
132.96,2,follower,-35.3631424,149.1652592,15.00
133.46,2,follower,-35.3631335,149.1652592,15.00
133.96,2,follower,-35.3631246,149.1652592,15.00
134.46,2,follower,-35.3631157,149.1652592,15.00
134.96,2,follower,-35.3631068,149.1652592,15.00
135.46,2,follower,-35.3630978,149.1652592,15.00
135.95,2,follower,-35.3630890,149.1652592,15.00
136.46,2,follower,-35.3630802,149.1652592,15.00
136.96,2,follower,-35.3630714,149.1652592,15.00
137.45,2,follower,-35.3630625,149.1652592,15.00
137.96,2,follower,-35.3630529,149.1652592,15.00
138.46,2,follower,-35.3630433,149.1652592,15.00
138.96,2,follower,-35.3630338,149.1652592,15.00
139.46,2,follower,-35.3630253,149.1652592,15.00
139.96,2,follower,-35.3630161,149.1652592,15.00
140.46,2,follower,-35.3630097,149.1652592,15.00
140.96,2,follower,-35.3630090,149.1652593,15.00
141.46,2,follower,-35.3630129,149.1652608,15.00
141.96,2,follower,-35.3630161,149.1652671,15.00
142.46,2,follower,-35.3630158,149.1652791,15.00
142.96,2,follower,-35.3630154,149.1652977,15.01
143.46,2,follower,-35.3630152,149.1653178,15.01
143.96,2,follower,-35.3630155,149.1653329,15.00
144.46,2,follower,-35.3630161,149.1653448,15.00
144.96,2,follower,-35.3630167,149.1653563,15.00
145.46,2,follower,-35.3630171,149.1653679,15.00
145.96,2,follower,-35.3630173,149.1653796,15.00
146.46,2,follower,-35.3630174,149.1653911,15.00
146.96,2,follower,-35.3630173,149.1654023,15.00
147.46,2,follower,-35.3630173,149.1654133,15.00
147.96,2,follower,-35.3630173,149.1654243,15.00
148.46,2,follower,-35.3630173,149.1654351,15.00
148.96,2,follower,-35.3630173,149.1654460,15.00
149.46,2,follower,-35.3630173,149.1654569,15.00
149.96,2,follower,-35.3630173,149.1654679,15.00
150.46,2,follower,-35.3630173,149.1654788,15.00
150.96,2,follower,-35.3630173,149.1654898,15.00
151.46,2,follower,-35.3630173,149.1655007,15.00
151.96,2,follower,-35.3630173,149.1655117,15.00
152.46,2,follower,-35.3630173,149.1655226,15.00
152.96,2,follower,-35.3630173,149.1655335,15.00
153.46,2,follower,-35.3630173,149.1655444,15.00
153.96,2,follower,-35.3630173,149.1655553,15.00
154.46,2,follower,-35.3630173,149.1655662,15.00
154.96,2,follower,-35.3630173,149.1655779,15.00
155.46,2,follower,-35.3630174,149.1655875,15.00
155.96,2,follower,-35.3630175,149.1655906,15.00
156.46,2,follower,-35.3630184,149.1655871,15.00
156.96,2,follower,-35.3630227,149.1655831,15.00
157.46,2,follower,-35.3630317,149.1655828,15.00
157.96,2,follower,-35.3630462,149.1655831,15.01
158.46,2,follower,-35.3630628,149.1655831,15.01
158.96,2,follower,-35.3630757,149.1655828,15.00
159.46,2,follower,-35.3630853,149.1655821,15.00
159.96,2,follower,-35.3630946,149.1655813,15.00
160.46,2,follower,-35.3631041,149.1655807,15.00
160.96,2,follower,-35.3631135,149.1655803,15.00
161.47,2,follower,-35.3631228,149.1655802,15.00
161.96,2,follower,-35.3631319,149.1655802,15.00
162.46,2,follower,-35.3631409,149.1655802,15.00
162.96,2,follower,-35.3631498,149.1655802,15.00
163.47,2,follower,-35.3631587,149.1655802,15.00
163.96,2,follower,-35.3631676,149.1655802,15.00
164.47,2,follower,-35.3631764,149.1655803,15.00
164.96,2,follower,-35.3631853,149.1655803,15.00
165.46,2,follower,-35.3631942,149.1655803,15.00
165.96,2,follower,-35.3632032,149.1655803,15.00
166.47,2,follower,-35.3632121,149.1655803,15.00
166.96,2,follower,-35.3632210,149.1655803,15.00
167.46,2,follower,-35.3632300,149.1655803,15.00
167.96,2,follower,-35.3632389,149.1655803,15.00
168.46,2,follower,-35.3632478,149.1655803,15.00
168.96,2,follower,-35.3632567,149.1655803,15.00
169.46,2,follower,-35.3632656,149.1655803,15.00
169.96,2,follower,-35.3632744,149.1655803,15.00
170.47,2,follower,-35.3632827,149.1655803,15.00
170.97,2,follower,-35.3632880,149.1655803,15.00
171.46,2,follower,-35.3632875,149.1655799,15.00
171.97,2,follower,-35.3632838,149.1655767,15.00
172.46,2,follower,-35.3632824,149.1655682,15.00
172.97,2,follower,-35.3632822,149.1655528,15.01
173.47,2,follower,-35.3632819,149.1655327,15.01
173.96,2,follower,-35.3632813,149.1655142,15.00
174.47,2,follower,-35.3632807,149.1655017,15.00
174.96,2,follower,-35.3632800,149.1654901,15.00
175.47,2,follower,-35.3632795,149.1654787,15.00
175.97,2,follower,-35.3632791,149.1654661,15.00
176.46,2,follower,-35.3632790,149.1654545,15.00
176.96,2,follower,-35.3632790,149.1654430,15.00
177.47,2,follower,-35.3632790,149.1654320,15.00
177.96,2,follower,-35.3632790,149.1654205,15.00
178.47,2,follower,-35.3632790,149.1654093,15.00
178.97,2,follower,-35.3632790,149.1653982,15.00
179.46,2,follower,-35.3632790,149.1653873,15.00
179.96,2,follower,-35.3632790,149.1653764,15.00
180.47,2,follower,-35.3632790,149.1653655,15.00
180.97,2,follower,-35.3632790,149.1653545,15.00
181.47,2,follower,-35.3632790,149.1653437,15.00
181.97,2,follower,-35.3632790,149.1653327,15.00
182.47,2,follower,-35.3632790,149.1653218,15.00
182.96,2,follower,-35.3632790,149.1653110,15.00
183.47,2,follower,-35.3632790,149.1653001,15.00
183.97,2,follower,-35.3632790,149.1652892,15.00
184.47,2,follower,-35.3632790,149.1652784,15.00
184.97,2,follower,-35.3632790,149.1652676,15.00
185.47,2,follower,-35.3632790,149.1652569,15.00
185.97,2,follower,-35.3632790,149.1652489,15.00
186.47,2,follower,-35.3632790,149.1652482,15.00
186.96,2,follower,-35.3632788,149.1652523,15.00
187.47,2,follower,-35.3632787,149.1652548,15.00
187.97,2,follower,-35.3632787,149.1652552,15.00
188.47,2,follower,-35.3632787,149.1652553,15.00
188.97,2,follower,-35.3632788,149.1652555,15.00
189.47,2,follower,-35.3632789,149.1652559,15.00
189.97,2,follower,-35.3632790,149.1652563,15.00
190.47,2,follower,-35.3632791,149.1652567,15.00
190.97,2,follower,-35.3632791,149.1652570,15.00
191.47,2,follower,-35.3632791,149.1652572,15.00
46.94,3,follower,-35.3632564,149.1651678,2.23
47.44,3,follower,-35.3632564,149.1651678,3.39
47.94,3,follower,-35.3632564,149.1651677,4.67
48.44,3,follower,-35.3632564,149.1651677,5.95
48.94,3,follower,-35.3632564,149.1651677,7.19
49.44,3,follower,-35.3632564,149.1651677,8.42
49.94,3,follower,-35.3632564,149.1651677,9.66
50.44,3,follower,-35.3632564,149.1651677,10.90
50.94,3,follower,-35.3632564,149.1651678,12.13
51.44,3,follower,-35.3632564,149.1651678,13.28
51.94,3,follower,-35.3632565,149.1651678,14.68
52.44,3,follower,-35.3632565,149.1651678,16.38
52.94,3,follower,-35.3632565,149.1651677,17.66
53.44,3,follower,-35.3632565,149.1651677,18.53
53.94,3,follower,-35.3632564,149.1651677,19.12
54.45,3,follower,-35.3632564,149.1651677,19.47
54.94,3,follower,-35.3632564,149.1651677,19.57
55.44,3,follower,-35.3632564,149.1651677,19.45
55.94,3,follower,-35.3632564,149.1651677,19.07
56.44,3,follower,-35.3632564,149.1651677,18.44
56.95,3,follower,-35.3632564,149.1651677,17.66
57.44,3,follower,-35.3632564,149.1651677,16.89
57.94,3,follower,-35.3632564,149.1651677,16.15
58.44,3,follower,-35.3632564,149.1651677,15.50
58.94,3,follower,-35.3632564,149.1651677,15.09
59.44,3,follower,-35.3632564,149.1651677,14.95
59.94,3,follower,-35.3632564,149.1651677,14.98
60.45,3,follower,-35.3632564,149.1651677,15.02
60.95,3,follower,-35.3632564,149.1651677,15.03
61.44,3,follower,-35.3632564,149.1651677,15.02
61.94,3,follower,-35.3632564,149.1651677,15.02
62.44,3,follower,-35.3632564,149.1651677,15.01
62.95,3,follower,-35.3632564,149.1651678,15.01
63.44,3,follower,-35.3632564,149.1651678,15.01
63.94,3,follower,-35.3632564,149.1651678,15.01
64.44,3,follower,-35.3632564,149.1651678,15.01
64.94,3,follower,-35.3632564,149.1651678,15.00
65.44,3,follower,-35.3632564,149.1651678,15.00
65.94,3,follower,-35.3632564,149.1651678,15.00
66.45,3,follower,-35.3632564,149.1651677,15.00
66.95,3,follower,-35.3632564,149.1651677,15.00
67.45,3,follower,-35.3632564,149.1651677,15.00
67.95,3,follower,-35.3632564,149.1651677,15.00
68.44,3,follower,-35.3632564,149.1651677,15.00
68.94,3,follower,-35.3632564,149.1651677,15.00
69.45,3,follower,-35.3632565,149.1651677,15.00
69.95,3,follower,-35.3632565,149.1651677,15.00
70.44,3,follower,-35.3632564,149.1651678,15.00
70.94,3,follower,-35.3632564,149.1651678,15.00
71.45,3,follower,-35.3632564,149.1651678,15.00
71.94,3,follower,-35.3632564,149.1651678,15.00
72.44,3,follower,-35.3632564,149.1651678,15.00
72.94,3,follower,-35.3632564,149.1651678,15.00
73.44,3,follower,-35.3632564,149.1651678,15.00
73.94,3,follower,-35.3632564,149.1651678,15.00
74.44,3,follower,-35.3632564,149.1651678,15.00
74.94,3,follower,-35.3632564,149.1651678,15.00
75.45,3,follower,-35.3632564,149.1651677,15.00
75.95,3,follower,-35.3632564,149.1651677,15.00
76.45,3,follower,-35.3632564,149.1651677,15.00
76.94,3,follower,-35.3632564,149.1651677,15.00
77.45,3,follower,-35.3632564,149.1651677,15.00
77.95,3,follower,-35.3632564,149.1651677,15.00
78.44,3,follower,-35.3632564,149.1651677,15.00
78.95,3,follower,-35.3632564,149.1651677,15.00
79.45,3,follower,-35.3632564,149.1651677,15.00
79.95,3,follower,-35.3632564,149.1651677,15.00
80.45,3,follower,-35.3632564,149.1651677,15.00
80.95,3,follower,-35.3632564,149.1651677,15.00
81.44,3,follower,-35.3632564,149.1651677,15.00
81.95,3,follower,-35.3632564,149.1651677,15.00
82.45,3,follower,-35.3632564,149.1651678,15.00
82.95,3,follower,-35.3632565,149.1651678,15.00
83.44,3,follower,-35.3632565,149.1651678,15.00
83.95,3,follower,-35.3632565,149.1651678,15.00
84.45,3,follower,-35.3632565,149.1651678,15.00
84.95,3,follower,-35.3632565,149.1651678,15.00
85.45,3,follower,-35.3632565,149.1651678,15.00
85.95,3,follower,-35.3632565,149.1651678,15.00
86.45,3,follower,-35.3632565,149.1651678,15.00
86.95,3,follower,-35.3632565,149.1651678,15.00
87.45,3,follower,-35.3632565,149.1651678,15.00
87.95,3,follower,-35.3632565,149.1651677,15.00
88.45,3,follower,-35.3632565,149.1651677,15.00
88.95,3,follower,-35.3632565,149.1651677,15.00
89.45,3,follower,-35.3632565,149.1651677,15.00
89.95,3,follower,-35.3632565,149.1651677,15.00
90.45,3,follower,-35.3632565,149.1651677,15.00
90.95,3,follower,-35.3632565,149.1651677,15.00
91.45,3,follower,-35.3632565,149.1651677,15.00
91.95,3,follower,-35.3632565,149.1651677,15.00
92.45,3,follower,-35.3632564,149.1651677,15.00
92.95,3,follower,-35.3632564,149.1651677,15.00
93.45,3,follower,-35.3632564,149.1651677,15.00
93.95,3,follower,-35.3632564,149.1651677,15.00
94.45,3,follower,-35.3632564,149.1651677,15.00
94.95,3,follower,-35.3632564,149.1651677,15.00
95.45,3,follower,-35.3632565,149.1651677,15.00
95.95,3,follower,-35.3632565,149.1651678,15.00
96.45,3,follower,-35.3632565,149.1651678,15.00
96.95,3,follower,-35.3632565,149.1651678,15.00
97.45,3,follower,-35.3632565,149.1651678,15.00
97.95,3,follower,-35.3632565,149.1651678,15.00
98.45,3,follower,-35.3632565,149.1651678,15.00
98.95,3,follower,-35.3632565,149.1651678,15.00
99.45,3,follower,-35.3632565,149.1651678,15.00
99.95,3,follower,-35.3632565,149.1651678,15.00
100.45,3,follower,-35.3632565,149.1651678,15.00
100.95,3,follower,-35.3632565,149.1651678,15.00
101.45,3,follower,-35.3632565,149.1651678,15.00
101.95,3,follower,-35.3632565,149.1651678,15.00
102.45,3,follower,-35.3632565,149.1651678,15.00
102.95,3,follower,-35.3632564,149.1651678,15.00
103.45,3,follower,-35.3632564,149.1651678,15.00
103.95,3,follower,-35.3632564,149.1651678,15.00
104.45,3,follower,-35.3632564,149.1651678,15.00
104.95,3,follower,-35.3632564,149.1651678,15.00
105.45,3,follower,-35.3632564,149.1651678,15.00
105.95,3,follower,-35.3632564,149.1651678,15.00
106.45,3,follower,-35.3632565,149.1651678,15.00
106.95,3,follower,-35.3632564,149.1651678,15.00
107.45,3,follower,-35.3632564,149.1651678,15.00
107.95,3,follower,-35.3632564,149.1651678,15.00
108.45,3,follower,-35.3632564,149.1651678,15.00
108.95,3,follower,-35.3632564,149.1651677,15.00
109.45,3,follower,-35.3632564,149.1651677,15.00
109.95,3,follower,-35.3632564,149.1651677,15.00
110.45,3,follower,-35.3632564,149.1651677,15.00
110.95,3,follower,-35.3632564,149.1651677,15.00
111.45,3,follower,-35.3632564,149.1651677,15.00
111.96,3,follower,-35.3632564,149.1651677,15.00
112.46,3,follower,-35.3632564,149.1651677,15.00
112.96,3,follower,-35.3632564,149.1651677,15.00
113.45,3,follower,-35.3632564,149.1651677,15.00
113.95,3,follower,-35.3632564,149.1651678,15.00
114.45,3,follower,-35.3632564,149.1651678,15.00
114.96,3,follower,-35.3632564,149.1651678,15.00
115.45,3,follower,-35.3632564,149.1651678,15.00
115.95,3,follower,-35.3632564,149.1651678,15.00
116.45,3,follower,-35.3632564,149.1651678,15.00
116.95,3,follower,-35.3632565,149.1651678,15.00
117.46,3,follower,-35.3632564,149.1651678,15.00
117.95,3,follower,-35.3632564,149.1651678,15.00
118.45,3,follower,-35.3632564,149.1651678,15.00
118.95,3,follower,-35.3632564,149.1651678,15.00
119.46,3,follower,-35.3632564,149.1651678,15.00
119.95,3,follower,-35.3632564,149.1651678,15.00
120.45,3,follower,-35.3632564,149.1651678,15.00
120.95,3,follower,-35.3632564,149.1651678,15.00
121.45,3,follower,-35.3632564,149.1651678,15.00
121.96,3,follower,-35.3632564,149.1651678,15.00
122.45,3,follower,-35.3632564,149.1651678,15.00
122.95,3,follower,-35.3632564,149.1651678,15.00
123.46,3,follower,-35.3632564,149.1651678,15.00
123.95,3,follower,-35.3632564,149.1651678,15.00
124.45,3,follower,-35.3632564,149.1651678,15.00
124.96,3,follower,-35.3632564,149.1651678,15.00
125.46,3,follower,-35.3632542,149.1651677,15.00
125.96,3,follower,-35.3632463,149.1651675,15.00
126.45,3,follower,-35.3632336,149.1651674,15.00
126.96,3,follower,-35.3632211,149.1651674,15.00
127.46,3,follower,-35.3632115,149.1651675,15.00
127.95,3,follower,-35.3632024,149.1651676,15.00
128.45,3,follower,-35.3631938,149.1651676,15.00
128.96,3,follower,-35.3631843,149.1651675,15.00
129.46,3,follower,-35.3631750,149.1651675,15.00
129.96,3,follower,-35.3631654,149.1651675,15.00
130.46,3,follower,-35.3631559,149.1651675,15.00
130.96,3,follower,-35.3631468,149.1651675,15.00
131.46,3,follower,-35.3631379,149.1651675,15.00
131.96,3,follower,-35.3631289,149.1651675,15.00
132.46,3,follower,-35.3631200,149.1651675,15.00
132.96,3,follower,-35.3631112,149.1651675,15.00
133.46,3,follower,-35.3631022,149.1651675,15.00
133.96,3,follower,-35.3630933,149.1651675,15.00
134.46,3,follower,-35.3630844,149.1651675,15.00
134.96,3,follower,-35.3630755,149.1651675,15.00
135.45,3,follower,-35.3630666,149.1651675,15.00
135.96,3,follower,-35.3630578,149.1651675,15.00
136.46,3,follower,-35.3630490,149.1651675,15.00
136.96,3,follower,-35.3630402,149.1651675,15.00
137.45,3,follower,-35.3630313,149.1651675,15.00
137.96,3,follower,-35.3630224,149.1651675,15.00
138.46,3,follower,-35.3630136,149.1651675,15.00
138.96,3,follower,-35.3630047,149.1651675,15.00
139.46,3,follower,-35.3629958,149.1651675,15.00
139.96,3,follower,-35.3629869,149.1651675,15.00
140.46,3,follower,-35.3629795,149.1651675,15.00
140.96,3,follower,-35.3629776,149.1651675,15.00
141.46,3,follower,-35.3629811,149.1651684,15.00
141.96,3,follower,-35.3629848,149.1651737,15.00
142.46,3,follower,-35.3629850,149.1651847,15.00
142.96,3,follower,-35.3629847,149.1652023,15.01
143.46,3,follower,-35.3629845,149.1652225,15.01
143.96,3,follower,-35.3629847,149.1652392,15.00
144.46,3,follower,-35.3629854,149.1652510,15.00
144.96,3,follower,-35.3629862,149.1652629,15.00
145.46,3,follower,-35.3629866,149.1652755,15.00
145.96,3,follower,-35.3629867,149.1652877,15.00
146.46,3,follower,-35.3629867,149.1652996,15.00
146.96,3,follower,-35.3629867,149.1653111,15.00
147.46,3,follower,-35.3629867,149.1653222,15.00
147.96,3,follower,-35.3629866,149.1653331,15.00
148.46,3,follower,-35.3629866,149.1653440,15.00
148.96,3,follower,-35.3629866,149.1653550,15.00
149.46,3,follower,-35.3629866,149.1653659,15.00
149.96,3,follower,-35.3629865,149.1653769,15.00
150.46,3,follower,-35.3629865,149.1653877,15.00
150.96,3,follower,-35.3629865,149.1653986,15.00
151.46,3,follower,-35.3629865,149.1654095,15.00
151.96,3,follower,-35.3629865,149.1654204,15.00
152.46,3,follower,-35.3629865,149.1654313,15.00
152.96,3,follower,-35.3629865,149.1654422,15.00
153.46,3,follower,-35.3629865,149.1654531,15.00
153.96,3,follower,-35.3629865,149.1654639,15.00
154.46,3,follower,-35.3629866,149.1654748,15.00
154.96,3,follower,-35.3629866,149.1654857,15.00
155.46,3,follower,-35.3629866,149.1654956,15.00
155.96,3,follower,-35.3629866,149.1655002,15.00
156.46,3,follower,-35.3629870,149.1654977,15.00
156.96,3,follower,-35.3629904,149.1654928,15.00
157.46,3,follower,-35.3629982,149.1654916,15.00
157.96,3,follower,-35.3630114,149.1654917,15.01
158.46,3,follower,-35.3630280,149.1654916,15.01
158.96,3,follower,-35.3630425,149.1654911,15.00
159.46,3,follower,-35.3630523,149.1654904,15.00
159.96,3,follower,-35.3630617,149.1654896,15.00
160.46,3,follower,-35.3630720,149.1654890,15.00
160.96,3,follower,-35.3630823,149.1654886,15.00
161.46,3,follower,-35.3630921,149.1654884,15.00
161.96,3,follower,-35.3631015,149.1654884,15.00
162.46,3,follower,-35.3631107,149.1654884,15.00
162.96,3,follower,-35.3631196,149.1654885,15.00
163.46,3,follower,-35.3631285,149.1654885,15.00
163.96,3,follower,-35.3631373,149.1654885,15.00
164.46,3,follower,-35.3631462,149.1654886,15.00
164.96,3,follower,-35.3631550,149.1654886,15.00
165.46,3,follower,-35.3631639,149.1654886,15.00
165.96,3,follower,-35.3631729,149.1654886,15.00
166.46,3,follower,-35.3631818,149.1654886,15.00
166.96,3,follower,-35.3631908,149.1654886,15.00
167.46,3,follower,-35.3631997,149.1654886,15.00
167.97,3,follower,-35.3632086,149.1654886,15.00
168.46,3,follower,-35.3632174,149.1654886,15.00
168.96,3,follower,-35.3632263,149.1654886,15.00
169.46,3,follower,-35.3632352,149.1654886,15.00
169.97,3,follower,-35.3632441,149.1654886,15.00
170.47,3,follower,-35.3632525,149.1654886,15.00
170.96,3,follower,-35.3632575,149.1654886,15.00
171.46,3,follower,-35.3632564,149.1654884,15.00
171.97,3,follower,-35.3632521,149.1654855,15.00
172.47,3,follower,-35.3632502,149.1654775,15.00
172.96,3,follower,-35.3632506,149.1654632,15.00
173.46,3,follower,-35.3632507,149.1654429,15.01
173.97,3,follower,-35.3632505,149.1654223,15.01
174.47,3,follower,-35.3632500,149.1654074,15.00
174.97,3,follower,-35.3632493,149.1653962,15.00
175.46,3,follower,-35.3632487,149.1653859,15.00
175.97,3,follower,-35.3632483,149.1653738,15.00
176.47,3,follower,-35.3632482,149.1653623,15.00
176.97,3,follower,-35.3632482,149.1653508,15.00
177.47,3,follower,-35.3632482,149.1653404,15.00
177.97,3,follower,-35.3632482,149.1653289,15.00
178.46,3,follower,-35.3632482,149.1653181,15.00
178.97,3,follower,-35.3632482,149.1653067,15.00
179.47,3,follower,-35.3632482,149.1652954,15.00
179.97,3,follower,-35.3632482,149.1652842,15.00
180.46,3,follower,-35.3632482,149.1652732,15.00
180.97,3,follower,-35.3632482,149.1652622,15.00
181.46,3,follower,-35.3632482,149.1652512,15.00
181.97,3,follower,-35.3632483,149.1652402,15.00
182.47,3,follower,-35.3632483,149.1652293,15.00
182.97,3,follower,-35.3632483,149.1652185,15.00
183.46,3,follower,-35.3632483,149.1652076,15.00
183.97,3,follower,-35.3632483,149.1651967,15.00
184.47,3,follower,-35.3632482,149.1651859,15.00
184.97,3,follower,-35.3632482,149.1651750,15.00
185.46,3,follower,-35.3632482,149.1651644,15.00
185.97,3,follower,-35.3632482,149.1651569,15.00
186.47,3,follower,-35.3632481,149.1651566,15.00
186.97,3,follower,-35.3632480,149.1651605,15.00
187.46,3,follower,-35.3632479,149.1651627,15.00
187.97,3,follower,-35.3632479,149.1651633,15.00
188.47,3,follower,-35.3632479,149.1651634,15.00
188.97,3,follower,-35.3632481,149.1651637,15.00
189.47,3,follower,-35.3632481,149.1651641,15.00
189.97,3,follower,-35.3632482,149.1651646,15.00
190.47,3,follower,-35.3632482,149.1651650,15.00
190.97,3,follower,-35.3632482,149.1651653,15.00
46.94,4,follower,-35.3632230,149.1652904,2.23
47.44,4,follower,-35.3632230,149.1652904,3.39
47.94,4,follower,-35.3632230,149.1652903,4.67
48.44,4,follower,-35.3632230,149.1652903,5.95
48.94,4,follower,-35.3632230,149.1652903,7.19
49.44,4,follower,-35.3632230,149.1652903,8.42
49.94,4,follower,-35.3632230,149.1652903,9.66
50.44,4,follower,-35.3632230,149.1652903,10.90
50.94,4,follower,-35.3632230,149.1652904,12.13
51.44,4,follower,-35.3632230,149.1652904,13.30
51.94,4,follower,-35.3632231,149.1652904,14.78
52.44,4,follower,-35.3632231,149.1652903,16.54
52.94,4,follower,-35.3632231,149.1652902,17.83
53.44,4,follower,-35.3632231,149.1652902,18.70
53.94,4,follower,-35.3632230,149.1652902,19.29
54.44,4,follower,-35.3632230,149.1652902,19.64
54.94,4,follower,-35.3632230,149.1652902,19.76
55.44,4,follower,-35.3632230,149.1652902,19.63
55.94,4,follower,-35.3632230,149.1652902,19.27
56.44,4,follower,-35.3632230,149.1652902,18.64
56.94,4,follower,-35.3632230,149.1652902,17.86
57.45,4,follower,-35.3632230,149.1652902,17.09
57.94,4,follower,-35.3632230,149.1652902,16.35
58.44,4,follower,-35.3632230,149.1652902,15.66
58.94,4,follower,-35.3632230,149.1652902,15.18
59.45,4,follower,-35.3632230,149.1652902,14.97
59.94,4,follower,-35.3632230,149.1652902,14.97
60.45,4,follower,-35.3632230,149.1652902,15.01
60.94,4,follower,-35.3632230,149.1652902,15.03
61.45,4,follower,-35.3632230,149.1652902,15.02
61.94,4,follower,-35.3632230,149.1652902,15.02
62.45,4,follower,-35.3632230,149.1652902,15.01
62.94,4,follower,-35.3632230,149.1652903,15.01
63.44,4,follower,-35.3632230,149.1652903,15.01
63.94,4,follower,-35.3632230,149.1652903,15.01
64.45,4,follower,-35.3632230,149.1652903,15.01
64.95,4,follower,-35.3632230,149.1652903,15.00
65.45,4,follower,-35.3632230,149.1652903,15.00
65.94,4,follower,-35.3632230,149.1652903,15.00
66.44,4,follower,-35.3632230,149.1652903,15.00
66.95,4,follower,-35.3632230,149.1652903,15.00
67.45,4,follower,-35.3632230,149.1652903,15.00
67.94,4,follower,-35.3632230,149.1652903,15.00
68.44,4,follower,-35.3632230,149.1652903,15.00
68.95,4,follower,-35.3632230,149.1652903,15.00
69.44,4,follower,-35.3632230,149.1652903,15.00
69.95,4,follower,-35.3632231,149.1652903,15.00
70.45,4,follower,-35.3632231,149.1652903,15.00
70.95,4,follower,-35.3632231,149.1652903,15.00
71.45,4,follower,-35.3632231,149.1652903,15.00
71.95,4,follower,-35.3632231,149.1652903,15.00
72.45,4,follower,-35.3632231,149.1652903,15.00
72.95,4,follower,-35.3632231,149.1652903,15.00
73.45,4,follower,-35.3632231,149.1652903,15.00
73.95,4,follower,-35.3632231,149.1652903,15.00
74.45,4,follower,-35.3632231,149.1652903,15.00
74.94,4,follower,-35.3632231,149.1652903,15.00
75.45,4,follower,-35.3632230,149.1652903,15.00
75.95,4,follower,-35.3632230,149.1652903,15.00
76.45,4,follower,-35.3632230,149.1652903,15.00
76.94,4,follower,-35.3632230,149.1652903,15.00
77.45,4,follower,-35.3632230,149.1652903,15.00
77.95,4,follower,-35.3632231,149.1652903,15.00
78.45,4,follower,-35.3632231,149.1652902,15.00
78.95,4,follower,-35.3632231,149.1652902,15.00
79.45,4,follower,-35.3632231,149.1652902,15.00
79.95,4,follower,-35.3632231,149.1652902,15.00
80.45,4,follower,-35.3632231,149.1652902,15.00
80.95,4,follower,-35.3632231,149.1652902,15.00
81.45,4,follower,-35.3632231,149.1652902,15.00
81.95,4,follower,-35.3632231,149.1652902,15.00
82.45,4,follower,-35.3632231,149.1652902,15.00
82.95,4,follower,-35.3632231,149.1652902,15.00
83.45,4,follower,-35.3632231,149.1652903,15.00
83.95,4,follower,-35.3632230,149.1652903,15.00
84.45,4,follower,-35.3632230,149.1652903,15.00
84.95,4,follower,-35.3632230,149.1652903,15.00
85.45,4,follower,-35.3632230,149.1652903,15.00
85.95,4,follower,-35.3632230,149.1652903,15.00
86.45,4,follower,-35.3632231,149.1652903,15.00
86.95,4,follower,-35.3632231,149.1652903,15.00
87.45,4,follower,-35.3632231,149.1652903,15.00
87.95,4,follower,-35.3632231,149.1652902,15.00
88.45,4,follower,-35.3632231,149.1652902,15.00
88.95,4,follower,-35.3632231,149.1652902,15.00
89.45,4,follower,-35.3632231,149.1652902,15.00
89.95,4,follower,-35.3632231,149.1652902,15.00
90.45,4,follower,-35.3632231,149.1652902,15.00
90.95,4,follower,-35.3632231,149.1652902,15.00
91.45,4,follower,-35.3632231,149.1652902,15.00
91.95,4,follower,-35.3632231,149.1652902,15.00
92.45,4,follower,-35.3632231,149.1652902,15.00
92.95,4,follower,-35.3632231,149.1652902,15.00
93.45,4,follower,-35.3632231,149.1652902,15.00
93.95,4,follower,-35.3632231,149.1652902,15.00
94.45,4,follower,-35.3632231,149.1652902,15.00
94.95,4,follower,-35.3632231,149.1652902,15.00
95.45,4,follower,-35.3632230,149.1652902,15.00
95.95,4,follower,-35.3632230,149.1652903,15.00
96.45,4,follower,-35.3632230,149.1652903,15.00
96.95,4,follower,-35.3632230,149.1652903,15.00
97.45,4,follower,-35.3632230,149.1652903,15.00
97.95,4,follower,-35.3632230,149.1652903,15.00
98.45,4,follower,-35.3632230,149.1652903,15.00
98.95,4,follower,-35.3632230,149.1652903,15.00
99.45,4,follower,-35.3632230,149.1652903,15.00
99.95,4,follower,-35.3632230,149.1652903,15.00
100.45,4,follower,-35.3632230,149.1652903,15.00
100.95,4,follower,-35.3632230,149.1652903,15.00
101.45,4,follower,-35.3632230,149.1652903,15.00
101.95,4,follower,-35.3632230,149.1652903,15.00
102.45,4,follower,-35.3632230,149.1652903,15.00
102.95,4,follower,-35.3632230,149.1652903,15.00
103.45,4,follower,-35.3632230,149.1652903,15.00
103.95,4,follower,-35.3632230,149.1652903,15.00
104.45,4,follower,-35.3632230,149.1652903,15.00
104.95,4,follower,-35.3632230,149.1652903,15.00
105.45,4,follower,-35.3632230,149.1652903,15.00
105.95,4,follower,-35.3632230,149.1652903,15.00
106.45,4,follower,-35.3632230,149.1652903,15.00
106.95,4,follower,-35.3632230,149.1652903,15.00
107.45,4,follower,-35.3632230,149.1652903,15.00
107.95,4,follower,-35.3632230,149.1652903,15.00
108.45,4,follower,-35.3632230,149.1652903,15.00
108.95,4,follower,-35.3632230,149.1652903,15.00
109.45,4,follower,-35.3632230,149.1652903,15.00
109.95,4,follower,-35.3632230,149.1652903,15.00
110.45,4,follower,-35.3632230,149.1652903,15.00
110.96,4,follower,-35.3632230,149.1652903,15.00
111.45,4,follower,-35.3632230,149.1652903,15.00
111.95,4,follower,-35.3632230,149.1652903,15.00
112.45,4,follower,-35.3632230,149.1652903,15.00
112.96,4,follower,-35.3632230,149.1652903,15.00
113.45,4,follower,-35.3632230,149.1652903,15.00
113.96,4,follower,-35.3632230,149.1652903,15.00
114.45,4,follower,-35.3632230,149.1652903,15.00
114.95,4,follower,-35.3632230,149.1652903,15.00
115.45,4,follower,-35.3632230,149.1652903,15.00
115.95,4,follower,-35.3632230,149.1652903,15.00
116.45,4,follower,-35.3632230,149.1652903,15.00
116.95,4,follower,-35.3632230,149.1652903,15.00
117.45,4,follower,-35.3632230,149.1652903,15.00
117.95,4,follower,-35.3632230,149.1652903,15.00
118.46,4,follower,-35.3632230,149.1652903,15.00
118.95,4,follower,-35.3632230,149.1652903,15.00
119.46,4,follower,-35.3632230,149.1652903,15.00
119.95,4,follower,-35.3632230,149.1652903,15.00
120.46,4,follower,-35.3632230,149.1652903,15.00
120.95,4,follower,-35.3632230,149.1652903,15.00
121.46,4,follower,-35.3632230,149.1652903,15.00
121.96,4,follower,-35.3632230,149.1652903,15.00
122.45,4,follower,-35.3632230,149.1652903,15.00
122.95,4,follower,-35.3632230,149.1652903,15.00
123.45,4,follower,-35.3632230,149.1652903,15.00
123.96,4,follower,-35.3632230,149.1652903,15.00
124.45,4,follower,-35.3632230,149.1652903,15.00
124.96,4,follower,-35.3632230,149.1652903,15.00
125.46,4,follower,-35.3632207,149.1652901,15.00
125.96,4,follower,-35.3632125,149.1652899,15.00
126.45,4,follower,-35.3632005,149.1652898,15.00
126.96,4,follower,-35.3631899,149.1652898,15.00
127.45,4,follower,-35.3631807,149.1652900,15.00
127.95,4,follower,-35.3631716,149.1652900,15.00
128.46,4,follower,-35.3631617,149.1652901,15.00
128.96,4,follower,-35.3631510,149.1652901,15.00
129.45,4,follower,-35.3631415,149.1652901,15.00
129.96,4,follower,-35.3631321,149.1652900,15.00
130.46,4,follower,-35.3631235,149.1652900,15.00
130.96,4,follower,-35.3631139,149.1652900,15.00
131.46,4,follower,-35.3631044,149.1652900,15.00
131.96,4,follower,-35.3630953,149.1652900,15.00
132.46,4,follower,-35.3630864,149.1652900,15.00
132.96,4,follower,-35.3630775,149.1652900,15.00
133.46,4,follower,-35.3630686,149.1652900,15.00
133.96,4,follower,-35.3630597,149.1652900,15.00
134.46,4,follower,-35.3630508,149.1652900,15.00
134.96,4,follower,-35.3630419,149.1652900,15.00
135.46,4,follower,-35.3630329,149.1652900,15.00
135.96,4,follower,-35.3630240,149.1652900,15.00
136.46,4,follower,-35.3630152,149.1652900,15.00
136.96,4,follower,-35.3630064,149.1652900,15.00
137.46,4,follower,-35.3629975,149.1652900,15.00
137.96,4,follower,-35.3629885,149.1652900,15.00
138.46,4,follower,-35.3629796,149.1652900,15.00
138.96,4,follower,-35.3629708,149.1652900,15.00
139.46,4,follower,-35.3629619,149.1652900,15.00
139.96,4,follower,-35.3629531,149.1652900,15.00
140.46,4,follower,-35.3629458,149.1652900,15.00
140.96,4,follower,-35.3629438,149.1652900,15.00
141.46,4,follower,-35.3629472,149.1652909,15.00
141.96,4,follower,-35.3629510,149.1652962,15.00
142.46,4,follower,-35.3629513,149.1653072,15.00
142.96,4,follower,-35.3629512,149.1653249,15.01
143.46,4,follower,-35.3629510,149.1653453,15.01
143.96,4,follower,-35.3629513,149.1653621,15.00
144.46,4,follower,-35.3629520,149.1653739,15.00
144.96,4,follower,-35.3629527,149.1653854,15.00
145.46,4,follower,-35.3629531,149.1653972,15.00
145.96,4,follower,-35.3629532,149.1654096,15.00
146.46,4,follower,-35.3629532,149.1654208,15.00
146.96,4,follower,-35.3629532,149.1654329,15.00
147.46,4,follower,-35.3629532,149.1654446,15.00
147.96,4,follower,-35.3629532,149.1654559,15.00
148.46,4,follower,-35.3629532,149.1654670,15.00
148.96,4,follower,-35.3629532,149.1654780,15.00
149.46,4,follower,-35.3629532,149.1654888,15.00
149.96,4,follower,-35.3629531,149.1654997,15.00
150.46,4,follower,-35.3629531,149.1655105,15.00
150.96,4,follower,-35.3629531,149.1655214,15.00
151.46,4,follower,-35.3629531,149.1655322,15.00
151.96,4,follower,-35.3629531,149.1655431,15.00
152.46,4,follower,-35.3629531,149.1655540,15.00
152.96,4,follower,-35.3629531,149.1655649,15.00
153.46,4,follower,-35.3629531,149.1655758,15.00
153.96,4,follower,-35.3629531,149.1655867,15.00
154.46,4,follower,-35.3629531,149.1655977,15.00
154.96,4,follower,-35.3629531,149.1656085,15.00
155.46,4,follower,-35.3629531,149.1656183,15.00
155.96,4,follower,-35.3629531,149.1656226,15.00
156.46,4,follower,-35.3629537,149.1656199,15.00
156.96,4,follower,-35.3629571,149.1656151,15.00
157.46,4,follower,-35.3629651,149.1656140,15.00
157.96,4,follower,-35.3629785,149.1656141,15.01
158.46,4,follower,-35.3629952,149.1656141,15.01
158.96,4,follower,-35.3630093,149.1656136,15.00
159.46,4,follower,-35.3630187,149.1656128,15.00
159.96,4,follower,-35.3630287,149.1656120,15.00
160.46,4,follower,-35.3630388,149.1656114,15.00
160.96,4,follower,-35.3630491,149.1656111,15.00
161.46,4,follower,-35.3630582,149.1656110,15.00
161.96,4,follower,-35.3630674,149.1656111,15.00
162.46,4,follower,-35.3630758,149.1656111,15.00
162.97,4,follower,-35.3630853,149.1656111,15.00
163.46,4,follower,-35.3630949,149.1656111,15.00
163.96,4,follower,-35.3631041,149.1656111,15.00
164.46,4,follower,-35.3631131,149.1656111,15.00
164.96,4,follower,-35.3631221,149.1656111,15.00
165.46,4,follower,-35.3631311,149.1656111,15.00
165.96,4,follower,-35.3631400,149.1656111,15.00
166.47,4,follower,-35.3631489,149.1656111,15.00
166.96,4,follower,-35.3631578,149.1656111,15.00
167.47,4,follower,-35.3631667,149.1656111,15.00
167.96,4,follower,-35.3631755,149.1656111,15.00
168.46,4,follower,-35.3631844,149.1656111,15.00
168.97,4,follower,-35.3631933,149.1656111,15.00
169.46,4,follower,-35.3632022,149.1656111,15.00
169.97,4,follower,-35.3632111,149.1656111,15.00
170.46,4,follower,-35.3632195,149.1656111,15.00
170.97,4,follower,-35.3632242,149.1656111,15.00
171.47,4,follower,-35.3632230,149.1656108,15.00
171.96,4,follower,-35.3632187,149.1656077,15.00
172.46,4,follower,-35.3632169,149.1655995,15.00
172.97,4,follower,-35.3632172,149.1655850,15.00
173.47,4,follower,-35.3632173,149.1655651,15.01
173.97,4,follower,-35.3632172,149.1655465,15.01
174.47,4,follower,-35.3632167,149.1655334,15.00
174.97,4,follower,-35.3632160,149.1655219,15.00
175.47,4,follower,-35.3632154,149.1655100,15.00
175.97,4,follower,-35.3632150,149.1654970,15.00
176.47,4,follower,-35.3632148,149.1654853,15.00
176.97,4,follower,-35.3632148,149.1654734,15.00
177.47,4,follower,-35.3632148,149.1654627,15.00
177.97,4,follower,-35.3632148,149.1654512,15.00
178.46,4,follower,-35.3632148,149.1654408,15.00
178.97,4,follower,-35.3632148,149.1654291,15.00
179.46,4,follower,-35.3632148,149.1654176,15.00
179.97,4,follower,-35.3632148,149.1654064,15.00
180.47,4,follower,-35.3632148,149.1653953,15.00
180.97,4,follower,-35.3632148,149.1653843,15.00
181.47,4,follower,-35.3632148,149.1653733,15.00
181.97,4,follower,-35.3632148,149.1653623,15.00
182.47,4,follower,-35.3632148,149.1653514,15.00
182.97,4,follower,-35.3632149,149.1653405,15.00
183.47,4,follower,-35.3632149,149.1653297,15.00
183.97,4,follower,-35.3632149,149.1653189,15.00
184.47,4,follower,-35.3632149,149.1653080,15.00
184.97,4,follower,-35.3632149,149.1652971,15.00
185.47,4,follower,-35.3632148,149.1652865,15.00
185.97,4,follower,-35.3632148,149.1652793,15.00
186.47,4,follower,-35.3632147,149.1652792,15.00
186.97,4,follower,-35.3632146,149.1652832,15.00
187.47,4,follower,-35.3632145,149.1652853,15.00
187.97,4,follower,-35.3632145,149.1652858,15.00
188.47,4,follower,-35.3632145,149.1652859,15.00
188.97,4,follower,-35.3632147,149.1652862,15.00
189.47,4,follower,-35.3632147,149.1652866,15.00
189.97,4,follower,-35.3632148,149.1652871,15.00
190.47,4,follower,-35.3632148,149.1652875,15.00
190.97,4,follower,-35.3632148,149.1652878,15.00
46.94,5,follower,-35.3633316,149.1652144,2.23
47.44,5,follower,-35.3633315,149.1652144,3.39
47.94,5,follower,-35.3633315,149.1652144,4.67
48.44,5,follower,-35.3633315,149.1652144,5.95
48.94,5,follower,-35.3633315,149.1652144,7.19
49.44,5,follower,-35.3633315,149.1652144,8.42
49.94,5,follower,-35.3633315,149.1652144,9.66
50.44,5,follower,-35.3633315,149.1652144,10.90
50.94,5,follower,-35.3633315,149.1652144,12.13
51.44,5,follower,-35.3633315,149.1652144,13.29
51.94,5,follower,-35.3633315,149.1652144,14.72
52.44,5,follower,-35.3633315,149.1652144,16.44
52.94,5,follower,-35.3633315,149.1652144,17.70
53.44,5,follower,-35.3633315,149.1652144,18.57
53.94,5,follower,-35.3633315,149.1652144,19.16
54.44,5,follower,-35.3633315,149.1652144,19.50
54.95,5,follower,-35.3633315,149.1652144,19.61
55.44,5,follower,-35.3633315,149.1652144,19.48
55.94,5,follower,-35.3633315,149.1652144,19.11
56.44,5,follower,-35.3633315,149.1652144,18.47
56.94,5,follower,-35.3633315,149.1652143,17.69
57.45,5,follower,-35.3633315,149.1652143,16.92
57.94,5,follower,-35.3633315,149.1652143,16.18
58.44,5,follower,-35.3633315,149.1652143,15.52
58.95,5,follower,-35.3633315,149.1652143,15.10
59.45,5,follower,-35.3633315,149.1652143,14.95
59.94,5,follower,-35.3633315,149.1652144,14.98
60.45,5,follower,-35.3633315,149.1652144,15.02
60.94,5,follower,-35.3633315,149.1652144,15.03
61.44,5,follower,-35.3633315,149.1652144,15.02
61.94,5,follower,-35.3633315,149.1652144,15.02
62.45,5,follower,-35.3633315,149.1652145,15.01
62.94,5,follower,-35.3633315,149.1652144,15.01
63.45,5,follower,-35.3633315,149.1652144,15.01
63.95,5,follower,-35.3633315,149.1652144,15.01
64.44,5,follower,-35.3633315,149.1652144,15.01
64.94,5,follower,-35.3633315,149.1652144,15.00
65.44,5,follower,-35.3633315,149.1652144,15.00
65.95,5,follower,-35.3633315,149.1652144,15.00
66.45,5,follower,-35.3633315,149.1652144,15.00
66.95,5,follower,-35.3633315,149.1652144,15.00
67.44,5,follower,-35.3633315,149.1652144,15.00
67.94,5,follower,-35.3633315,149.1652144,15.00
68.45,5,follower,-35.3633315,149.1652144,15.00
68.95,5,follower,-35.3633315,149.1652144,15.00
69.44,5,follower,-35.3633315,149.1652144,15.00
69.94,5,follower,-35.3633315,149.1652144,15.00
70.45,5,follower,-35.3633315,149.1652144,15.00
70.94,5,follower,-35.3633315,149.1652144,15.00
71.45,5,follower,-35.3633315,149.1652144,15.00
71.94,5,follower,-35.3633315,149.1652145,15.00
72.45,5,follower,-35.3633315,149.1652145,15.00
72.94,5,follower,-35.3633315,149.1652144,15.00
73.45,5,follower,-35.3633315,149.1652144,15.00
73.95,5,follower,-35.3633315,149.1652144,15.00
74.45,5,follower,-35.3633315,149.1652144,15.00
74.95,5,follower,-35.3633315,149.1652144,15.00
75.45,5,follower,-35.3633315,149.1652144,15.00
75.95,5,follower,-35.3633315,149.1652144,15.00
76.44,5,follower,-35.3633315,149.1652144,15.00
76.95,5,follower,-35.3633315,149.1652144,15.00
77.45,5,follower,-35.3633315,149.1652144,15.00
77.95,5,follower,-35.3633315,149.1652144,15.00
78.45,5,follower,-35.3633315,149.1652144,15.00
78.95,5,follower,-35.3633315,149.1652144,15.00
79.45,5,follower,-35.3633315,149.1652144,15.00
79.95,5,follower,-35.3633315,149.1652144,15.00
80.45,5,follower,-35.3633315,149.1652144,15.00
80.95,5,follower,-35.3633315,149.1652144,15.00
81.44,5,follower,-35.3633315,149.1652144,15.00
81.95,5,follower,-35.3633315,149.1652144,15.00
82.45,5,follower,-35.3633315,149.1652144,15.00
82.95,5,follower,-35.3633315,149.1652144,15.00
83.45,5,follower,-35.3633315,149.1652145,15.00
83.95,5,follower,-35.3633315,149.1652145,15.00
84.45,5,follower,-35.3633315,149.1652145,15.00
84.94,5,follower,-35.3633315,149.1652145,15.00
85.45,5,follower,-35.3633315,149.1652145,15.00
85.95,5,follower,-35.3633315,149.1652145,15.00
86.45,5,follower,-35.3633315,149.1652145,15.00
86.95,5,follower,-35.3633315,149.1652145,15.00
87.45,5,follower,-35.3633315,149.1652145,15.00
87.95,5,follower,-35.3633315,149.1652145,15.00
88.45,5,follower,-35.3633315,149.1652145,15.00
88.95,5,follower,-35.3633315,149.1652144,15.00
89.45,5,follower,-35.3633315,149.1652144,15.00
89.95,5,follower,-35.3633315,149.1652144,15.00
90.45,5,follower,-35.3633315,149.1652144,15.00
90.95,5,follower,-35.3633315,149.1652144,15.00
91.45,5,follower,-35.3633315,149.1652144,15.00
91.95,5,follower,-35.3633315,149.1652144,15.00
92.45,5,follower,-35.3633315,149.1652144,15.00
92.95,5,follower,-35.3633315,149.1652144,15.00
93.45,5,follower,-35.3633315,149.1652144,15.00
93.95,5,follower,-35.3633315,149.1652144,15.00
94.45,5,follower,-35.3633315,149.1652144,15.00
94.95,5,follower,-35.3633315,149.1652144,15.00
95.45,5,follower,-35.3633315,149.1652144,15.00
95.95,5,follower,-35.3633315,149.1652145,15.00
96.45,5,follower,-35.3633315,149.1652145,15.00
96.95,5,follower,-35.3633315,149.1652145,15.00
97.45,5,follower,-35.3633315,149.1652145,15.00
97.95,5,follower,-35.3633315,149.1652145,15.00
98.45,5,follower,-35.3633315,149.1652145,15.00
98.95,5,follower,-35.3633315,149.1652145,15.00
99.45,5,follower,-35.3633315,149.1652145,15.00
99.95,5,follower,-35.3633315,149.1652145,15.00
100.45,5,follower,-35.3633315,149.1652145,15.00
100.95,5,follower,-35.3633315,149.1652145,15.00
101.45,5,follower,-35.3633315,149.1652145,15.00
101.95,5,follower,-35.3633315,149.1652145,15.00
102.45,5,follower,-35.3633315,149.1652145,15.00
102.95,5,follower,-35.3633315,149.1652145,15.00
103.45,5,follower,-35.3633315,149.1652145,15.00
103.95,5,follower,-35.3633315,149.1652145,15.00
104.45,5,follower,-35.3633315,149.1652145,15.00
104.95,5,follower,-35.3633315,149.1652145,15.00
105.45,5,follower,-35.3633315,149.1652145,15.00
105.95,5,follower,-35.3633315,149.1652145,15.00
106.45,5,follower,-35.3633315,149.1652145,15.00
106.95,5,follower,-35.3633315,149.1652145,15.00
107.45,5,follower,-35.3633315,149.1652145,15.00
107.95,5,follower,-35.3633315,149.1652145,15.00
108.45,5,follower,-35.3633315,149.1652145,15.00
108.95,5,follower,-35.3633315,149.1652145,15.00
109.46,5,follower,-35.3633315,149.1652145,15.00
109.95,5,follower,-35.3633315,149.1652145,15.00
110.45,5,follower,-35.3633315,149.1652145,15.00
110.95,5,follower,-35.3633315,149.1652145,15.00
111.45,5,follower,-35.3633315,149.1652145,15.00
111.95,5,follower,-35.3633315,149.1652145,15.00
112.45,5,follower,-35.3633315,149.1652145,15.00
112.95,5,follower,-35.3633315,149.1652145,15.00
113.46,5,follower,-35.3633315,149.1652145,15.00
113.96,5,follower,-35.3633315,149.1652145,15.00
114.45,5,follower,-35.3633315,149.1652145,15.00
114.96,5,follower,-35.3633315,149.1652145,15.00
115.45,5,follower,-35.3633315,149.1652145,15.00
115.96,5,follower,-35.3633315,149.1652145,15.00
116.45,5,follower,-35.3633315,149.1652145,15.00
116.96,5,follower,-35.3633315,149.1652145,15.00
117.45,5,follower,-35.3633315,149.1652145,15.00
117.96,5,follower,-35.3633315,149.1652145,15.00
118.45,5,follower,-35.3633315,149.1652145,15.00
118.95,5,follower,-35.3633315,149.1652145,15.00
119.45,5,follower,-35.3633315,149.1652145,15.00
119.95,5,follower,-35.3633315,149.1652145,15.00
120.45,5,follower,-35.3633315,149.1652145,15.00
120.95,5,follower,-35.3633315,149.1652145,15.00
121.46,5,follower,-35.3633315,149.1652145,15.00
121.95,5,follower,-35.3633315,149.1652145,15.00
122.45,5,follower,-35.3633315,149.1652145,15.00
122.96,5,follower,-35.3633315,149.1652145,15.00
123.45,5,follower,-35.3633315,149.1652145,15.00
123.96,5,follower,-35.3633315,149.1652145,15.00
124.45,5,follower,-35.3633315,149.1652145,15.00
124.96,5,follower,-35.3633315,149.1652145,15.00
125.45,5,follower,-35.3633294,149.1652143,15.00
125.96,5,follower,-35.3633215,149.1652142,15.00
126.45,5,follower,-35.3633089,149.1652140,15.00
126.96,5,follower,-35.3632964,149.1652141,15.00
127.45,5,follower,-35.3632868,149.1652142,15.00
127.96,5,follower,-35.3632776,149.1652142,15.00
128.46,5,follower,-35.3632690,149.1652142,15.00
128.96,5,follower,-35.3632594,149.1652142,15.00
129.45,5,follower,-35.3632496,149.1652142,15.00
129.96,5,follower,-35.3632401,149.1652142,15.00
130.45,5,follower,-35.3632309,149.1652142,15.00
130.96,5,follower,-35.3632219,149.1652142,15.00
131.45,5,follower,-35.3632130,149.1652142,15.00
131.95,5,follower,-35.3632041,149.1652142,15.00
132.46,5,follower,-35.3631952,149.1652142,15.00
132.96,5,follower,-35.3631864,149.1652142,15.00
133.46,5,follower,-35.3631775,149.1652142,15.00
133.96,5,follower,-35.3631685,149.1652142,15.00
134.46,5,follower,-35.3631595,149.1652142,15.00
134.95,5,follower,-35.3631506,149.1652142,15.00
135.45,5,follower,-35.3631417,149.1652142,15.00
135.96,5,follower,-35.3631328,149.1652142,15.00
136.46,5,follower,-35.3631239,149.1652142,15.00
136.96,5,follower,-35.3631150,149.1652142,15.00
137.46,5,follower,-35.3631062,149.1652142,15.00
137.96,5,follower,-35.3630973,149.1652142,15.00
138.46,5,follower,-35.3630884,149.1652142,15.00
138.96,5,follower,-35.3630795,149.1652142,15.00
139.46,5,follower,-35.3630706,149.1652142,15.00
139.96,5,follower,-35.3630618,149.1652142,15.00
140.46,5,follower,-35.3630544,149.1652142,15.00
140.96,5,follower,-35.3630522,149.1652142,15.00
141.46,5,follower,-35.3630555,149.1652151,15.00
141.96,5,follower,-35.3630591,149.1652204,15.00
142.46,5,follower,-35.3630595,149.1652314,15.00
142.96,5,follower,-35.3630595,149.1652492,15.01
143.46,5,follower,-35.3630595,149.1652696,15.01
143.96,5,follower,-35.3630598,149.1652865,15.00
144.46,5,follower,-35.3630605,149.1652982,15.00
144.96,5,follower,-35.3630611,149.1653097,15.00
145.46,5,follower,-35.3630615,149.1653213,15.00
145.96,5,follower,-35.3630616,149.1653339,15.00
146.46,5,follower,-35.3630616,149.1653455,15.00
146.96,5,follower,-35.3630616,149.1653573,15.00
147.46,5,follower,-35.3630616,149.1653688,15.00
147.96,5,follower,-35.3630616,149.1653800,15.00
148.46,5,follower,-35.3630616,149.1653911,15.00
148.96,5,follower,-35.3630616,149.1654020,15.00
149.46,5,follower,-35.3630616,149.1654129,15.00
149.96,5,follower,-35.3630616,149.1654238,15.00
150.46,5,follower,-35.3630616,149.1654346,15.00
150.96,5,follower,-35.3630616,149.1654455,15.00
151.46,5,follower,-35.3630616,149.1654564,15.00
151.96,5,follower,-35.3630616,149.1654673,15.00
152.46,5,follower,-35.3630616,149.1654782,15.00
152.96,5,follower,-35.3630616,149.1654891,15.00
153.46,5,follower,-35.3630616,149.1654999,15.00
153.96,5,follower,-35.3630616,149.1655107,15.00
154.46,5,follower,-35.3630616,149.1655216,15.00
154.96,5,follower,-35.3630616,149.1655324,15.00
155.46,5,follower,-35.3630616,149.1655423,15.00
155.96,5,follower,-35.3630617,149.1655467,15.00
156.46,5,follower,-35.3630625,149.1655441,15.00
156.96,5,follower,-35.3630666,149.1655403,15.00
157.46,5,follower,-35.3630758,149.1655393,15.00
157.96,5,follower,-35.3630903,149.1655389,15.01
158.46,5,follower,-35.3631060,149.1655384,15.01
158.96,5,follower,-35.3631186,149.1655377,15.00
159.46,5,follower,-35.3631285,149.1655368,15.00
159.96,5,follower,-35.3631384,149.1655360,15.00
160.46,5,follower,-35.3631477,149.1655355,15.00
160.97,5,follower,-35.3631575,149.1655353,15.00
161.46,5,follower,-35.3631672,149.1655352,15.00
161.96,5,follower,-35.3631766,149.1655352,15.00
162.46,5,follower,-35.3631857,149.1655352,15.00
162.96,5,follower,-35.3631947,149.1655352,15.00
163.46,5,follower,-35.3632036,149.1655352,15.00
163.96,5,follower,-35.3632125,149.1655353,15.00
164.46,5,follower,-35.3632215,149.1655353,15.00
164.96,5,follower,-35.3632304,149.1655353,15.00
165.47,5,follower,-35.3632393,149.1655353,15.00
165.97,5,follower,-35.3632483,149.1655353,15.00
166.46,5,follower,-35.3632572,149.1655353,15.00
166.96,5,follower,-35.3632661,149.1655353,15.00
167.47,5,follower,-35.3632750,149.1655353,15.00
167.96,5,follower,-35.3632839,149.1655353,15.00
168.47,5,follower,-35.3632927,149.1655353,15.00
168.97,5,follower,-35.3633016,149.1655353,15.00
169.47,5,follower,-35.3633105,149.1655353,15.00
169.96,5,follower,-35.3633194,149.1655353,15.00
170.46,5,follower,-35.3633278,149.1655353,15.00
170.96,5,follower,-35.3633327,149.1655353,15.00
171.47,5,follower,-35.3633315,149.1655350,15.00
171.97,5,follower,-35.3633272,149.1655320,15.00
172.47,5,follower,-35.3633254,149.1655240,15.00
172.97,5,follower,-35.3633257,149.1655096,15.00
173.46,5,follower,-35.3633258,149.1654893,15.01
173.97,5,follower,-35.3633256,149.1654689,15.01
174.46,5,follower,-35.3633251,149.1654541,15.00
174.97,5,follower,-35.3633244,149.1654428,15.00
175.47,5,follower,-35.3633238,149.1654324,15.00
175.97,5,follower,-35.3633234,149.1654202,15.00
176.47,5,follower,-35.3633233,149.1654086,15.00
176.96,5,follower,-35.3633233,149.1653972,15.00
177.47,5,follower,-35.3633232,149.1653869,15.00
177.97,5,follower,-35.3633233,149.1653754,15.00
178.47,5,follower,-35.3633233,149.1653647,15.00
178.97,5,follower,-35.3633233,149.1653533,15.00
179.47,5,follower,-35.3633233,149.1653420,15.00
179.97,5,follower,-35.3633233,149.1653308,15.00
180.46,5,follower,-35.3633233,149.1653197,15.00
180.97,5,follower,-35.3633233,149.1653086,15.00
181.46,5,follower,-35.3633233,149.1652977,15.00
181.96,5,follower,-35.3633233,149.1652867,15.00
182.47,5,follower,-35.3633234,149.1652759,15.00
182.97,5,follower,-35.3633234,149.1652650,15.00
183.47,5,follower,-35.3633234,149.1652541,15.00
183.97,5,follower,-35.3633234,149.1652432,15.00
184.47,5,follower,-35.3633234,149.1652323,15.00
184.96,5,follower,-35.3633234,149.1652215,15.00
185.47,5,follower,-35.3633234,149.1652110,15.00
185.97,5,follower,-35.3633233,149.1652036,15.00
186.47,5,follower,-35.3633233,149.1652035,15.00
186.97,5,follower,-35.3633231,149.1652073,15.00
187.47,5,follower,-35.3633230,149.1652094,15.00
187.97,5,follower,-35.3633230,149.1652099,15.00
188.47,5,follower,-35.3633230,149.1652101,15.00
188.97,5,follower,-35.3633231,149.1652104,15.00
189.47,5,follower,-35.3633232,149.1652109,15.00
189.97,5,follower,-35.3633233,149.1652113,15.00
190.47,5,follower,-35.3633233,149.1652117,15.00
190.97,5,follower,-35.3633233,149.1652120,15.00
46.94,6,follower,-35.3631931,149.1651770,2.23
47.44,6,follower,-35.3631931,149.1651770,3.39
47.94,6,follower,-35.3631931,149.1651770,4.67
48.44,6,follower,-35.3631931,149.1651770,5.95
48.94,6,follower,-35.3631931,149.1651770,7.19
49.45,6,follower,-35.3631931,149.1651770,8.42
49.95,6,follower,-35.3631931,149.1651770,9.66
50.44,6,follower,-35.3631931,149.1651770,10.90
50.94,6,follower,-35.3631931,149.1651770,12.13
51.44,6,follower,-35.3631931,149.1651770,13.29
51.95,6,follower,-35.3631931,149.1651770,14.76
52.44,6,follower,-35.3631932,149.1651770,16.51
52.95,6,follower,-35.3631932,149.1651769,17.80
53.44,6,follower,-35.3631932,149.1651769,18.67
53.94,6,follower,-35.3631932,149.1651770,19.26
54.45,6,follower,-35.3631932,149.1651770,19.62
54.95,6,follower,-35.3631932,149.1651770,19.73
55.44,6,follower,-35.3631931,149.1651769,19.61
55.95,6,follower,-35.3631931,149.1651769,19.24
56.45,6,follower,-35.3631931,149.1651769,18.61
56.94,6,follower,-35.3631931,149.1651768,17.84
57.44,6,follower,-35.3631931,149.1651768,17.07
57.94,6,follower,-35.3631931,149.1651768,16.32
58.45,6,follower,-35.3631931,149.1651768,15.64
58.95,6,follower,-35.3631931,149.1651768,15.16
59.44,6,follower,-35.3631931,149.1651769,14.96
59.94,6,follower,-35.3631931,149.1651768,14.97
60.44,6,follower,-35.3631931,149.1651769,15.01
60.95,6,follower,-35.3631931,149.1651769,15.03
61.44,6,follower,-35.3631931,149.1651769,15.02
61.94,6,follower,-35.3631931,149.1651769,15.02
62.44,6,follower,-35.3631931,149.1651770,15.02
62.95,6,follower,-35.3631931,149.1651770,15.01
63.45,6,follower,-35.3631931,149.1651770,15.01
63.95,6,follower,-35.3631931,149.1651770,15.01
64.45,6,follower,-35.3631931,149.1651770,15.01
64.95,6,follower,-35.3631931,149.1651770,15.00
65.45,6,follower,-35.3631931,149.1651770,15.00
65.95,6,follower,-35.3631931,149.1651770,15.00
66.45,6,follower,-35.3631931,149.1651770,15.00
66.95,6,follower,-35.3631931,149.1651770,15.00
67.45,6,follower,-35.3631931,149.1651769,15.00
67.94,6,follower,-35.3631931,149.1651769,15.00
68.44,6,follower,-35.3631931,149.1651769,15.00
68.95,6,follower,-35.3631931,149.1651769,15.00
69.45,6,follower,-35.3631931,149.1651769,15.00
69.95,6,follower,-35.3631932,149.1651770,15.00
70.44,6,follower,-35.3631932,149.1651770,15.00
70.95,6,follower,-35.3631932,149.1651770,15.00
71.45,6,follower,-35.3631932,149.1651770,15.00
71.95,6,follower,-35.3631932,149.1651770,15.00
72.45,6,follower,-35.3631932,149.1651770,15.00
72.95,6,follower,-35.3631932,149.1651770,15.00
73.45,6,follower,-35.3631932,149.1651770,15.00
73.95,6,follower,-35.3631932,149.1651770,15.00
74.45,6,follower,-35.3631932,149.1651770,15.00
74.95,6,follower,-35.3631932,149.1651770,15.00
75.45,6,follower,-35.3631932,149.1651770,15.00
75.95,6,follower,-35.3631932,149.1651769,15.00
76.45,6,follower,-35.3631932,149.1651769,15.00
76.95,6,follower,-35.3631932,149.1651769,15.00
77.45,6,follower,-35.3631932,149.1651769,15.00
77.95,6,follower,-35.3631932,149.1651769,15.00
78.45,6,follower,-35.3631932,149.1651769,15.00
78.95,6,follower,-35.3631932,149.1651769,15.00
79.45,6,follower,-35.3631932,149.1651769,15.00
79.95,6,follower,-35.3631932,149.1651769,15.00
80.45,6,follower,-35.3631932,149.1651769,15.00
80.95,6,follower,-35.3631932,149.1651770,15.00
81.45,6,follower,-35.3631932,149.1651770,15.00
81.95,6,follower,-35.3631932,149.1651770,15.00
82.45,6,follower,-35.3631932,149.1651770,15.00
82.95,6,follower,-35.3631932,149.1651770,15.00
83.45,6,follower,-35.3631932,149.1651770,15.00
83.95,6,follower,-35.3631932,149.1651770,15.00
84.45,6,follower,-35.3631932,149.1651770,15.00
84.95,6,follower,-35.3631932,149.1651770,15.00
85.45,6,follower,-35.3631932,149.1651770,15.00
85.95,6,follower,-35.3631932,149.1651770,15.00
86.45,6,follower,-35.3631932,149.1651770,15.00
86.95,6,follower,-35.3631932,149.1651770,15.00
87.45,6,follower,-35.3631932,149.1651770,15.00
87.95,6,follower,-35.3631932,149.1651770,15.00
88.45,6,follower,-35.3631932,149.1651769,15.00
88.95,6,follower,-35.3631932,149.1651769,15.00
89.45,6,follower,-35.3631932,149.1651769,15.00
89.95,6,follower,-35.3631932,149.1651769,15.00
90.45,6,follower,-35.3631932,149.1651769,15.00
90.95,6,follower,-35.3631932,149.1651769,15.00
91.45,6,follower,-35.3631932,149.1651769,15.00
91.95,6,follower,-35.3631932,149.1651769,15.00
92.45,6,follower,-35.3631932,149.1651769,15.00
92.95,6,follower,-35.3631932,149.1651770,15.00
93.45,6,follower,-35.3631932,149.1651770,15.00
93.95,6,follower,-35.3631932,149.1651770,15.00
94.45,6,follower,-35.3631932,149.1651770,15.00
94.95,6,follower,-35.3631932,149.1651770,15.00
95.45,6,follower,-35.3631932,149.1651770,15.00
95.95,6,follower,-35.3631932,149.1651770,15.00
96.45,6,follower,-35.3631932,149.1651770,15.00
96.95,6,follower,-35.3631932,149.1651770,15.00
97.45,6,follower,-35.3631932,149.1651770,15.00
97.95,6,follower,-35.3631932,149.1651770,15.00
98.46,6,follower,-35.3631932,149.1651770,15.00
98.96,6,follower,-35.3631932,149.1651770,15.00
99.45,6,follower,-35.3631932,149.1651770,15.00
99.95,6,follower,-35.3631932,149.1651770,15.00
100.45,6,follower,-35.3631932,149.1651770,15.00
100.95,6,follower,-35.3631932,149.1651769,15.00
101.45,6,follower,-35.3631932,149.1651769,15.00
101.95,6,follower,-35.3631932,149.1651769,15.00
102.46,6,follower,-35.3631932,149.1651769,15.00
102.96,6,follower,-35.3631931,149.1651770,15.00
103.45,6,follower,-35.3631931,149.1651770,15.00
103.95,6,follower,-35.3631931,149.1651770,15.00
104.45,6,follower,-35.3631931,149.1651770,15.00
104.96,6,follower,-35.3631931,149.1651770,15.00
105.45,6,follower,-35.3631931,149.1651770,15.00
105.95,6,follower,-35.3631931,149.1651770,15.00
106.45,6,follower,-35.3631931,149.1651770,15.00
106.95,6,follower,-35.3631931,149.1651770,15.00
107.45,6,follower,-35.3631931,149.1651770,15.00
107.95,6,follower,-35.3631931,149.1651770,15.00
108.46,6,follower,-35.3631931,149.1651770,15.00
108.96,6,follower,-35.3631931,149.1651770,15.00
109.45,6,follower,-35.3631931,149.1651770,15.00
109.96,6,follower,-35.3631931,149.1651769,15.00
110.46,6,follower,-35.3631932,149.1651769,15.00
110.95,6,follower,-35.3631932,149.1651769,15.00
111.45,6,follower,-35.3631932,149.1651769,15.00
111.95,6,follower,-35.3631932,149.1651770,15.00
112.46,6,follower,-35.3631932,149.1651770,15.00
112.95,6,follower,-35.3631932,149.1651770,15.00
113.45,6,follower,-35.3631932,149.1651770,15.00
113.95,6,follower,-35.3631931,149.1651770,15.00
114.46,6,follower,-35.3631931,149.1651770,15.00
114.95,6,follower,-35.3631931,149.1651770,15.00
115.46,6,follower,-35.3631931,149.1651770,15.00
115.95,6,follower,-35.3631931,149.1651770,15.00
116.45,6,follower,-35.3631931,149.1651770,15.00
116.96,6,follower,-35.3631931,149.1651770,15.00
117.45,6,follower,-35.3631931,149.1651770,15.00
117.96,6,follower,-35.3631931,149.1651770,15.00
118.45,6,follower,-35.3631931,149.1651770,15.00
118.96,6,follower,-35.3631931,149.1651769,15.00
119.45,6,follower,-35.3631931,149.1651769,15.00
119.95,6,follower,-35.3631931,149.1651769,15.00
120.45,6,follower,-35.3631932,149.1651769,15.00
120.96,6,follower,-35.3631932,149.1651770,15.00
121.46,6,follower,-35.3631932,149.1651770,15.00
121.95,6,follower,-35.3631932,149.1651770,15.00
122.46,6,follower,-35.3631932,149.1651770,15.00
122.96,6,follower,-35.3631932,149.1651770,15.00
123.46,6,follower,-35.3631932,149.1651770,15.00
123.96,6,follower,-35.3631932,149.1651770,15.00
124.46,6,follower,-35.3631932,149.1651770,15.00
124.96,6,follower,-35.3631930,149.1651770,15.00
125.46,6,follower,-35.3631909,149.1651768,15.00
125.96,6,follower,-35.3631830,149.1651767,15.00
126.46,6,follower,-35.3631702,149.1651765,15.00
126.96,6,follower,-35.3631575,149.1651766,15.00
127.46,6,follower,-35.3631480,149.1651767,15.00
127.96,6,follower,-35.3631388,149.1651768,15.00
128.46,6,follower,-35.3631304,149.1651768,15.00
128.95,6,follower,-35.3631209,149.1651767,15.00
129.46,6,follower,-35.3631115,149.1651767,15.00
129.96,6,follower,-35.3631022,149.1651767,15.00
130.46,6,follower,-35.3630931,149.1651767,15.00
130.96,6,follower,-35.3630838,149.1651767,15.00
131.46,6,follower,-35.3630746,149.1651767,15.00
131.96,6,follower,-35.3630656,149.1651767,15.00
132.46,6,follower,-35.3630567,149.1651767,15.00
132.96,6,follower,-35.3630479,149.1651767,15.00
133.46,6,follower,-35.3630390,149.1651767,15.00
133.96,6,follower,-35.3630301,149.1651767,15.00
134.46,6,follower,-35.3630212,149.1651767,15.00
134.96,6,follower,-35.3630122,149.1651767,15.00
135.46,6,follower,-35.3630033,149.1651767,15.00
135.96,6,follower,-35.3629944,149.1651767,15.00
136.46,6,follower,-35.3629855,149.1651767,15.00
136.96,6,follower,-35.3629767,149.1651767,15.00
137.46,6,follower,-35.3629678,149.1651767,15.00
137.96,6,follower,-35.3629588,149.1651767,15.00
138.46,6,follower,-35.3629500,149.1651767,15.00
138.96,6,follower,-35.3629411,149.1651767,15.00
139.46,6,follower,-35.3629322,149.1651767,15.00
139.96,6,follower,-35.3629234,149.1651767,15.00
140.46,6,follower,-35.3629160,149.1651767,15.00
140.96,6,follower,-35.3629139,149.1651767,15.00
141.46,6,follower,-35.3629173,149.1651776,15.00
141.96,6,follower,-35.3629210,149.1651829,15.00
142.46,6,follower,-35.3629214,149.1651938,15.00
142.96,6,follower,-35.3629212,149.1652115,15.01
143.46,6,follower,-35.3629211,149.1652319,15.01
143.96,6,follower,-35.3629214,149.1652488,15.00
144.46,6,follower,-35.3629221,149.1652606,15.00
144.96,6,follower,-35.3629227,149.1652720,15.00
145.46,6,follower,-35.3629231,149.1652839,15.00
145.96,6,follower,-35.3629233,149.1652963,15.00
146.46,6,follower,-35.3629233,149.1653075,15.00
146.96,6,follower,-35.3629232,149.1653196,15.00
147.46,6,follower,-35.3629232,149.1653307,15.00
147.96,6,follower,-35.3629232,149.1653422,15.00
148.46,6,follower,-35.3629232,149.1653536,15.00
148.96,6,follower,-35.3629232,149.1653647,15.00
149.46,6,follower,-35.3629232,149.1653757,15.00
149.96,6,follower,-35.3629232,149.1653867,15.00
150.46,6,follower,-35.3629232,149.1653977,15.00
150.96,6,follower,-35.3629232,149.1654086,15.00
151.46,6,follower,-35.3629232,149.1654194,15.00
151.96,6,follower,-35.3629232,149.1654303,15.00
152.46,6,follower,-35.3629232,149.1654411,15.00
152.97,6,follower,-35.3629232,149.1654519,15.00
153.46,6,follower,-35.3629232,149.1654627,15.00
153.96,6,follower,-35.3629232,149.1654736,15.00
154.46,6,follower,-35.3629232,149.1654846,15.00
154.96,6,follower,-35.3629233,149.1654955,15.00
155.46,6,follower,-35.3629233,149.1655053,15.00
155.96,6,follower,-35.3629233,149.1655094,15.00
156.46,6,follower,-35.3629237,149.1655066,15.00
156.96,6,follower,-35.3629271,149.1655015,15.00
157.46,6,follower,-35.3629348,149.1655003,15.00
157.96,6,follower,-35.3629480,149.1655006,15.01
158.47,6,follower,-35.3629647,149.1655006,15.01
158.96,6,follower,-35.3629794,149.1655003,15.00
159.46,6,follower,-35.3629891,149.1654997,15.00
159.96,6,follower,-35.3629987,149.1654988,15.00
160.46,6,follower,-35.3630091,149.1654981,15.00
160.97,6,follower,-35.3630194,149.1654978,15.00
161.46,6,follower,-35.3630285,149.1654977,15.00
161.96,6,follower,-35.3630377,149.1654978,15.00
162.46,6,follower,-35.3630461,149.1654977,15.00
162.97,6,follower,-35.3630556,149.1654977,15.00
163.47,6,follower,-35.3630651,149.1654978,15.00
163.96,6,follower,-35.3630743,149.1654978,15.00
164.46,6,follower,-35.3630833,149.1654978,15.00
164.96,6,follower,-35.3630922,149.1654978,15.00
165.47,6,follower,-35.3631011,149.1654978,15.00
165.97,6,follower,-35.3631101,149.1654978,15.00
166.47,6,follower,-35.3631190,149.1654978,15.00
166.96,6,follower,-35.3631280,149.1654978,15.00
167.47,6,follower,-35.3631369,149.1654978,15.00
167.97,6,follower,-35.3631458,149.1654978,15.00
168.47,6,follower,-35.3631547,149.1654978,15.00
168.97,6,follower,-35.3631635,149.1654978,15.00
169.46,6,follower,-35.3631723,149.1654978,15.00
169.97,6,follower,-35.3631813,149.1654978,15.00
170.47,6,follower,-35.3631897,149.1654978,15.00
170.96,6,follower,-35.3631944,149.1654978,15.00
171.47,6,follower,-35.3631930,149.1654975,15.00
171.96,6,follower,-35.3631887,149.1654944,15.00
172.47,6,follower,-35.3631870,149.1654862,15.00
172.96,6,follower,-35.3631873,149.1654715,15.00
173.47,6,follower,-35.3631874,149.1654516,15.01
173.97,6,follower,-35.3631873,149.1654330,15.01
174.47,6,follower,-35.3631868,149.1654199,15.00
174.97,6,follower,-35.3631861,149.1654084,15.00
175.47,6,follower,-35.3631855,149.1653968,15.00
175.97,6,follower,-35.3631851,149.1653844,15.00
176.47,6,follower,-35.3631849,149.1653722,15.00
176.96,6,follower,-35.3631849,149.1653601,15.00
177.47,6,follower,-35.3631849,149.1653494,15.00
177.97,6,follower,-35.3631849,149.1653376,15.00
178.47,6,follower,-35.3631849,149.1653269,15.00
178.97,6,follower,-35.3631849,149.1653156,15.00
179.47,6,follower,-35.3631849,149.1653050,15.00
179.97,6,follower,-35.3631849,149.1652937,15.00
180.47,6,follower,-35.3631849,149.1652823,15.00
180.97,6,follower,-35.3631849,149.1652711,15.00
181.47,6,follower,-35.3631849,149.1652601,15.00
181.97,6,follower,-35.3631849,149.1652491,15.00
182.47,6,follower,-35.3631849,149.1652381,15.00
182.97,6,follower,-35.3631849,149.1652272,15.00
183.47,6,follower,-35.3631849,149.1652164,15.00
183.97,6,follower,-35.3631849,149.1652056,15.00
184.47,6,follower,-35.3631849,149.1651947,15.00
184.97,6,follower,-35.3631849,149.1651839,15.00
185.47,6,follower,-35.3631849,149.1651733,15.00
185.97,6,follower,-35.3631849,149.1651661,15.00
186.47,6,follower,-35.3631849,149.1651660,15.00
186.97,6,follower,-35.3631848,149.1651699,15.00
187.47,6,follower,-35.3631847,149.1651719,15.00
187.97,6,follower,-35.3631847,149.1651724,15.00
188.47,6,follower,-35.3631847,149.1651726,15.00
188.97,6,follower,-35.3631848,149.1651729,15.00
189.47,6,follower,-35.3631848,149.1651734,15.00
189.97,6,follower,-35.3631849,149.1651738,15.00
190.47,6,follower,-35.3631849,149.1651742,15.00
190.97,6,follower,-35.3631849,149.1651745,15.00
46.95,7,follower,-35.3632837,149.1653341,2.23
47.44,7,follower,-35.3632837,149.1653341,3.39
47.94,7,follower,-35.3632837,149.1653341,4.67
48.44,7,follower,-35.3632837,149.1653341,5.95
48.94,7,follower,-35.3632837,149.1653341,7.19
49.44,7,follower,-35.3632837,149.1653341,8.42
49.95,7,follower,-35.3632837,149.1653341,9.66
50.45,7,follower,-35.3632837,149.1653341,10.90
50.95,7,follower,-35.3632837,149.1653341,12.13
51.44,7,follower,-35.3632837,149.1653341,13.30
51.94,7,follower,-35.3632837,149.1653341,14.82
52.45,7,follower,-35.3632837,149.1653340,16.60
52.94,7,follower,-35.3632837,149.1653340,17.89
53.44,7,follower,-35.3632837,149.1653340,18.76
53.94,7,follower,-35.3632837,149.1653340,19.35
54.44,7,follower,-35.3632837,149.1653340,19.71
54.95,7,follower,-35.3632836,149.1653340,19.82
55.44,7,follower,-35.3632836,149.1653339,19.71
55.95,7,follower,-35.3632836,149.1653339,19.34
56.45,7,follower,-35.3632836,149.1653339,18.71
56.95,7,follower,-35.3632836,149.1653338,17.94
57.44,7,follower,-35.3632836,149.1653338,17.17
57.95,7,follower,-35.3632836,149.1653338,16.43
58.45,7,follower,-35.3632836,149.1653338,15.72
58.95,7,follower,-35.3632836,149.1653339,15.21
59.45,7,follower,-35.3632836,149.1653339,14.97
59.95,7,follower,-35.3632836,149.1653339,14.96
60.45,7,follower,-35.3632836,149.1653339,15.01
60.95,7,follower,-35.3632836,149.1653339,15.03
61.45,7,follower,-35.3632836,149.1653339,15.02
61.94,7,follower,-35.3632836,149.1653339,15.02
62.45,7,follower,-35.3632836,149.1653340,15.02
62.94,7,follower,-35.3632836,149.1653340,15.01
63.44,7,follower,-35.3632836,149.1653340,15.01
63.95,7,follower,-35.3632836,149.1653340,15.01
64.45,7,follower,-35.3632836,149.1653340,15.01
64.95,7,follower,-35.3632836,149.1653340,15.01
65.45,7,follower,-35.3632836,149.1653340,15.00
65.95,7,follower,-35.3632836,149.1653340,15.00
66.45,7,follower,-35.3632836,149.1653340,15.00
66.95,7,follower,-35.3632836,149.1653340,15.00
67.44,7,follower,-35.3632836,149.1653339,15.00
67.95,7,follower,-35.3632836,149.1653339,15.00
68.45,7,follower,-35.3632836,149.1653339,15.00
68.95,7,follower,-35.3632836,149.1653339,15.00
69.45,7,follower,-35.3632836,149.1653339,15.00
69.95,7,follower,-35.3632836,149.1653340,15.00
70.45,7,follower,-35.3632836,149.1653340,15.00
70.95,7,follower,-35.3632836,149.1653340,15.00
71.45,7,follower,-35.3632836,149.1653340,15.00
71.95,7,follower,-35.3632836,149.1653340,15.00
72.45,7,follower,-35.3632836,149.1653340,15.00
72.95,7,follower,-35.3632836,149.1653340,15.00
73.45,7,follower,-35.3632836,149.1653340,15.00
73.95,7,follower,-35.3632836,149.1653340,15.00
74.45,7,follower,-35.3632836,149.1653340,15.00
74.95,7,follower,-35.3632836,149.1653340,15.00
75.45,7,follower,-35.3632836,149.1653340,15.00
75.95,7,follower,-35.3632836,149.1653339,15.00
76.45,7,follower,-35.3632836,149.1653339,15.00
76.95,7,follower,-35.3632836,149.1653339,15.00
77.45,7,follower,-35.3632836,149.1653339,15.00
77.95,7,follower,-35.3632836,149.1653339,15.00
78.45,7,follower,-35.3632836,149.1653339,15.00
78.95,7,follower,-35.3632836,149.1653339,15.00
79.45,7,follower,-35.3632836,149.1653339,15.00
79.95,7,follower,-35.3632836,149.1653339,15.00
80.45,7,follower,-35.3632836,149.1653339,15.00
80.95,7,follower,-35.3632836,149.1653340,15.00
81.45,7,follower,-35.3632836,149.1653340,15.00
81.95,7,follower,-35.3632836,149.1653340,15.00
82.45,7,follower,-35.3632836,149.1653340,15.00
82.95,7,follower,-35.3632836,149.1653340,15.00
83.45,7,follower,-35.3632836,149.1653340,15.00
83.95,7,follower,-35.3632836,149.1653340,15.00
84.45,7,follower,-35.3632836,149.1653340,15.00
84.95,7,follower,-35.3632836,149.1653340,15.00
85.45,7,follower,-35.3632836,149.1653340,15.00
85.95,7,follower,-35.3632836,149.1653340,15.00
86.45,7,follower,-35.3632836,149.1653340,15.00
86.95,7,follower,-35.3632836,149.1653340,15.00
87.45,7,follower,-35.3632836,149.1653340,15.00
87.95,7,follower,-35.3632836,149.1653340,15.00
88.45,7,follower,-35.3632836,149.1653339,15.00
88.95,7,follower,-35.3632836,149.1653339,15.00
89.45,7,follower,-35.3632836,149.1653339,15.00
89.95,7,follower,-35.3632836,149.1653339,15.00
90.45,7,follower,-35.3632836,149.1653339,15.00
90.95,7,follower,-35.3632836,149.1653339,15.00
91.45,7,follower,-35.3632836,149.1653339,15.00
91.95,7,follower,-35.3632836,149.1653339,15.00
92.45,7,follower,-35.3632836,149.1653339,15.00
92.95,7,follower,-35.3632836,149.1653340,15.00
93.45,7,follower,-35.3632836,149.1653340,15.00
93.95,7,follower,-35.3632836,149.1653340,15.00
94.45,7,follower,-35.3632836,149.1653340,15.00
94.95,7,follower,-35.3632836,149.1653340,15.00
95.45,7,follower,-35.3632836,149.1653340,15.00
95.95,7,follower,-35.3632836,149.1653340,15.00
96.45,7,follower,-35.3632836,149.1653340,15.00
96.95,7,follower,-35.3632836,149.1653340,15.00
97.45,7,follower,-35.3632836,149.1653340,15.00
97.95,7,follower,-35.3632836,149.1653340,15.00
98.45,7,follower,-35.3632836,149.1653340,15.00
98.95,7,follower,-35.3632836,149.1653340,15.00
99.45,7,follower,-35.3632836,149.1653340,15.00
99.96,7,follower,-35.3632836,149.1653340,15.00
100.45,7,follower,-35.3632836,149.1653340,15.00
100.95,7,follower,-35.3632836,149.1653339,15.00
101.45,7,follower,-35.3632836,149.1653339,15.00
101.95,7,follower,-35.3632836,149.1653339,15.00
102.45,7,follower,-35.3632836,149.1653339,15.00
102.96,7,follower,-35.3632836,149.1653339,15.00
103.46,7,follower,-35.3632836,149.1653340,15.00
103.96,7,follower,-35.3632836,149.1653340,15.00
104.45,7,follower,-35.3632836,149.1653340,15.00
104.95,7,follower,-35.3632836,149.1653340,15.00
105.46,7,follower,-35.3632836,149.1653340,15.00
105.95,7,follower,-35.3632836,149.1653340,15.00
106.46,7,follower,-35.3632836,149.1653340,15.00
106.96,7,follower,-35.3632836,149.1653340,15.00
107.45,7,follower,-35.3632836,149.1653340,15.00
107.96,7,follower,-35.3632836,149.1653340,15.00
108.46,7,follower,-35.3632836,149.1653340,15.00
108.95,7,follower,-35.3632836,149.1653340,15.00
109.45,7,follower,-35.3632836,149.1653340,15.00
109.95,7,follower,-35.3632836,149.1653339,15.00
110.45,7,follower,-35.3632836,149.1653339,15.00
110.96,7,follower,-35.3632836,149.1653339,15.00
111.45,7,follower,-35.3632836,149.1653339,15.00
111.96,7,follower,-35.3632836,149.1653339,15.00
112.45,7,follower,-35.3632836,149.1653339,15.00
112.96,7,follower,-35.3632836,149.1653340,15.00
113.46,7,follower,-35.3632836,149.1653340,15.00
113.95,7,follower,-35.3632836,149.1653340,15.00
114.46,7,follower,-35.3632836,149.1653340,15.00
114.96,7,follower,-35.3632836,149.1653340,15.00
115.45,7,follower,-35.3632836,149.1653340,15.00
115.96,7,follower,-35.3632836,149.1653340,15.00
116.45,7,follower,-35.3632836,149.1653340,15.00
116.96,7,follower,-35.3632836,149.1653340,15.00
117.46,7,follower,-35.3632836,149.1653340,15.00
117.96,7,follower,-35.3632836,149.1653340,15.00
118.46,7,follower,-35.3632836,149.1653340,15.00
118.96,7,follower,-35.3632836,149.1653339,15.00
119.46,7,follower,-35.3632836,149.1653339,15.00
119.96,7,follower,-35.3632836,149.1653339,15.00
120.46,7,follower,-35.3632836,149.1653339,15.00
120.96,7,follower,-35.3632836,149.1653339,15.00
121.46,7,follower,-35.3632836,149.1653339,15.00
121.95,7,follower,-35.3632836,149.1653340,15.00
122.46,7,follower,-35.3632836,149.1653340,15.00
122.96,7,follower,-35.3632836,149.1653340,15.00
123.46,7,follower,-35.3632836,149.1653340,15.00
123.96,7,follower,-35.3632836,149.1653340,15.00
124.46,7,follower,-35.3632836,149.1653340,15.00
124.96,7,follower,-35.3632835,149.1653340,15.00
125.46,7,follower,-35.3632807,149.1653338,15.00
125.96,7,follower,-35.3632720,149.1653336,15.00
126.46,7,follower,-35.3632600,149.1653335,15.00
126.96,7,follower,-35.3632496,149.1653335,15.00
127.46,7,follower,-35.3632405,149.1653337,15.00
127.96,7,follower,-35.3632315,149.1653338,15.00
128.46,7,follower,-35.3632223,149.1653338,15.00
128.96,7,follower,-35.3632129,149.1653338,15.00
129.46,7,follower,-35.3632035,149.1653338,15.00
129.96,7,follower,-35.3631943,149.1653337,15.00
130.46,7,follower,-35.3631846,149.1653337,15.00
130.96,7,follower,-35.3631746,149.1653337,15.00
131.46,7,follower,-35.3631656,149.1653337,15.00
131.96,7,follower,-35.3631560,149.1653337,15.00
132.46,7,follower,-35.3631472,149.1653337,15.00
132.96,7,follower,-35.3631381,149.1653337,15.00
133.46,7,follower,-35.3631298,149.1653337,15.00
133.96,7,follower,-35.3631203,149.1653337,15.00
134.46,7,follower,-35.3631116,149.1653337,15.00
134.96,7,follower,-35.3631023,149.1653337,15.00
135.46,7,follower,-35.3630930,149.1653337,15.00
135.96,7,follower,-35.3630839,149.1653337,15.00
136.46,7,follower,-35.3630750,149.1653337,15.00
136.96,7,follower,-35.3630661,149.1653337,15.00
137.46,7,follower,-35.3630572,149.1653337,15.00
137.96,7,follower,-35.3630483,149.1653337,15.00
138.46,7,follower,-35.3630394,149.1653337,15.00
138.96,7,follower,-35.3630306,149.1653337,15.00
139.46,7,follower,-35.3630217,149.1653337,15.00
139.96,7,follower,-35.3630129,149.1653337,15.00
140.46,7,follower,-35.3630059,149.1653337,15.00
140.96,7,follower,-35.3630045,149.1653337,15.00
141.46,7,follower,-35.3630081,149.1653350,15.00
141.96,7,follower,-35.3630115,149.1653407,15.00
142.46,7,follower,-35.3630118,149.1653524,15.00
142.96,7,follower,-35.3630116,149.1653707,15.01
143.46,7,follower,-35.3630116,149.1653908,15.01
143.96,7,follower,-35.3630118,149.1654059,15.00
144.46,7,follower,-35.3630124,149.1654175,15.00
144.96,7,follower,-35.3630130,149.1654289,15.00
145.46,7,follower,-35.3630135,149.1654404,15.00
145.96,7,follower,-35.3630137,149.1654519,15.00
146.47,7,follower,-35.3630138,149.1654637,15.00
146.96,7,follower,-35.3630138,149.1654763,15.00
147.46,7,follower,-35.3630138,149.1654877,15.00
147.96,7,follower,-35.3630138,149.1654993,15.00
148.46,7,follower,-35.3630138,149.1655097,15.00
148.97,7,follower,-35.3630137,149.1655214,15.00
149.47,7,follower,-35.3630137,149.1655324,15.00
149.96,7,follower,-35.3630137,149.1655434,15.00
150.46,7,follower,-35.3630137,149.1655536,15.00
150.96,7,follower,-35.3630137,149.1655652,15.00
151.46,7,follower,-35.3630137,149.1655768,15.00
151.96,7,follower,-35.3630137,149.1655880,15.00
152.47,7,follower,-35.3630137,149.1655990,15.00
152.96,7,follower,-35.3630137,149.1656100,15.00
153.46,7,follower,-35.3630137,149.1656210,15.00
153.97,7,follower,-35.3630137,149.1656319,15.00
154.46,7,follower,-35.3630138,149.1656429,15.00
154.96,7,follower,-35.3630138,149.1656537,15.00
155.46,7,follower,-35.3630138,149.1656631,15.00
155.96,7,follower,-35.3630138,149.1656665,15.00
156.47,7,follower,-35.3630144,149.1656630,15.00
156.97,7,follower,-35.3630183,149.1656581,15.00
157.46,7,follower,-35.3630265,149.1656573,15.00
157.96,7,follower,-35.3630402,149.1656576,15.01
158.47,7,follower,-35.3630567,149.1656577,15.01
158.97,7,follower,-35.3630701,149.1656574,15.00
159.46,7,follower,-35.3630799,149.1656567,15.00
159.96,7,follower,-35.3630892,149.1656558,15.00
160.46,7,follower,-35.3630987,149.1656551,15.00
160.97,7,follower,-35.3631082,149.1656548,15.00
161.47,7,follower,-35.3631175,149.1656547,15.00
161.97,7,follower,-35.3631266,149.1656547,15.00
162.47,7,follower,-35.3631363,149.1656547,15.00
162.96,7,follower,-35.3631463,149.1656547,15.00
163.46,7,follower,-35.3631552,149.1656548,15.00
163.97,7,follower,-35.3631647,149.1656548,15.00
164.46,7,follower,-35.3631735,149.1656548,15.00
164.97,7,follower,-35.3631825,149.1656548,15.00
165.47,7,follower,-35.3631910,149.1656548,15.00
165.97,7,follower,-35.3632005,149.1656548,15.00
166.47,7,follower,-35.3632094,149.1656548,15.00
166.96,7,follower,-35.3632187,149.1656548,15.00
167.46,7,follower,-35.3632280,149.1656549,15.00
167.97,7,follower,-35.3632370,149.1656549,15.00
168.47,7,follower,-35.3632459,149.1656549,15.00
168.97,7,follower,-35.3632548,149.1656549,15.00
169.47,7,follower,-35.3632637,149.1656548,15.00
169.97,7,follower,-35.3632726,149.1656548,15.00
170.47,7,follower,-35.3632808,149.1656548,15.00
170.96,7,follower,-35.3632850,149.1656547,15.00
171.47,7,follower,-35.3632831,149.1656543,15.00
171.97,7,follower,-35.3632789,149.1656508,15.00
172.47,7,follower,-35.3632775,149.1656420,15.00
172.97,7,follower,-35.3632778,149.1656267,15.01
173.47,7,follower,-35.3632779,149.1656067,15.01
173.97,7,follower,-35.3632778,149.1655886,15.00
174.47,7,follower,-35.3632772,149.1655759,15.00
174.97,7,follower,-35.3632765,149.1655644,15.00
175.47,7,follower,-35.3632759,149.1655527,15.00
175.97,7,follower,-35.3632755,149.1655412,15.00
176.47,7,follower,-35.3632753,149.1655298,15.00
176.97,7,follower,-35.3632753,149.1655186,15.00
177.47,7,follower,-35.3632753,149.1655075,15.00
177.97,7,follower,-35.3632753,149.1654965,15.00
178.47,7,follower,-35.3632754,149.1654856,15.00
178.97,7,follower,-35.3632754,149.1654747,15.00
179.47,7,follower,-35.3632754,149.1654630,15.00
179.97,7,follower,-35.3632754,149.1654506,15.00
180.47,7,follower,-35.3632754,149.1654393,15.00
180.97,7,follower,-35.3632755,149.1654278,15.00
181.47,7,follower,-35.3632755,149.1654172,15.00
181.97,7,follower,-35.3632755,149.1654059,15.00
182.47,7,follower,-35.3632755,149.1653954,15.00
182.97,7,follower,-35.3632755,149.1653842,15.00
183.47,7,follower,-35.3632755,149.1653736,15.00
183.97,7,follower,-35.3632755,149.1653623,15.00
184.47,7,follower,-35.3632755,149.1653511,15.00
184.97,7,follower,-35.3632754,149.1653400,15.00
185.47,7,follower,-35.3632754,149.1653294,15.00
185.97,7,follower,-35.3632754,149.1653226,15.00
186.47,7,follower,-35.3632754,149.1653229,15.00
186.97,7,follower,-35.3632752,149.1653271,15.00
187.47,7,follower,-35.3632750,149.1653291,15.00
187.97,7,follower,-35.3632751,149.1653295,15.00
188.47,7,follower,-35.3632751,149.1653297,15.00
188.97,7,follower,-35.3632752,149.1653299,15.00
189.47,7,follower,-35.3632753,149.1653304,15.00
189.97,7,follower,-35.3632754,149.1653308,15.00
190.47,7,follower,-35.3632754,149.1653312,15.00
190.97,7,follower,-35.3632754,149.1653315,15.00
46.95,8,follower,-35.3633047,149.1651263,2.23
47.44,8,follower,-35.3633047,149.1651263,3.39
47.94,8,follower,-35.3633047,149.1651263,4.67
48.45,8,follower,-35.3633047,149.1651263,5.95
48.94,8,follower,-35.3633047,149.1651263,7.19
49.45,8,follower,-35.3633047,149.1651263,8.42
49.94,8,follower,-35.3633047,149.1651263,9.66
50.44,8,follower,-35.3633047,149.1651263,10.90
50.95,8,follower,-35.3633047,149.1651263,12.13
51.44,8,follower,-35.3633047,149.1651263,13.31
51.95,8,follower,-35.3633047,149.1651263,14.84
52.45,8,follower,-35.3633047,149.1651263,16.63
52.95,8,follower,-35.3633047,149.1651263,17.93
53.45,8,follower,-35.3633047,149.1651263,18.81
53.95,8,follower,-35.3633047,149.1651263,19.40
54.45,8,follower,-35.3633047,149.1651263,19.76
54.95,8,follower,-35.3633047,149.1651263,19.88
55.45,8,follower,-35.3633046,149.1651263,19.77
55.94,8,follower,-35.3633046,149.1651263,19.41
56.45,8,follower,-35.3633046,149.1651263,18.79
56.95,8,follower,-35.3633046,149.1651263,18.01
57.45,8,follower,-35.3633046,149.1651263,17.24
57.95,8,follower,-35.3633046,149.1651262,16.50
58.45,8,follower,-35.3633046,149.1651262,15.79
58.95,8,follower,-35.3633046,149.1651262,15.25
59.45,8,follower,-35.3633046,149.1651262,14.99
59.94,8,follower,-35.3633045,149.1651263,14.96
60.44,8,follower,-35.3633045,149.1651263,15.00
60.95,8,follower,-35.3633045,149.1651263,15.03
61.45,8,follower,-35.3633046,149.1651263,15.03
61.95,8,follower,-35.3633046,149.1651263,15.02
62.44,8,follower,-35.3633046,149.1651263,15.02
62.95,8,follower,-35.3633046,149.1651263,15.01
63.45,8,follower,-35.3633046,149.1651263,15.01
63.95,8,follower,-35.3633046,149.1651263,15.01
64.45,8,follower,-35.3633046,149.1651263,15.01
64.95,8,follower,-35.3633046,149.1651263,15.01
65.45,8,follower,-35.3633046,149.1651263,15.00
65.94,8,follower,-35.3633046,149.1651263,15.00
66.45,8,follower,-35.3633046,149.1651263,15.00
66.95,8,follower,-35.3633046,149.1651263,15.00
67.45,8,follower,-35.3633046,149.1651263,15.00
67.95,8,follower,-35.3633046,149.1651263,15.00
68.45,8,follower,-35.3633046,149.1651263,15.00
68.95,8,follower,-35.3633046,149.1651263,15.00
69.45,8,follower,-35.3633046,149.1651263,15.00
69.95,8,follower,-35.3633046,149.1651263,15.00
70.45,8,follower,-35.3633046,149.1651263,15.00
70.95,8,follower,-35.3633046,149.1651263,15.00
71.45,8,follower,-35.3633046,149.1651263,15.00
71.95,8,follower,-35.3633046,149.1651264,15.00
72.45,8,follower,-35.3633046,149.1651264,15.00
72.95,8,follower,-35.3633046,149.1651263,15.00
73.45,8,follower,-35.3633046,149.1651263,15.00
73.95,8,follower,-35.3633046,149.1651263,15.00
74.45,8,follower,-35.3633046,149.1651263,15.00
74.95,8,follower,-35.3633046,149.1651263,15.00
75.45,8,follower,-35.3633046,149.1651263,15.00
75.95,8,follower,-35.3633046,149.1651263,15.00
76.45,8,follower,-35.3633046,149.1651263,15.00
76.95,8,follower,-35.3633046,149.1651263,15.00
77.45,8,follower,-35.3633046,149.1651263,15.00
77.95,8,follower,-35.3633046,149.1651263,15.00
78.45,8,follower,-35.3633046,149.1651263,15.00
78.95,8,follower,-35.3633046,149.1651263,15.00
79.45,8,follower,-35.3633046,149.1651263,15.00
79.95,8,follower,-35.3633046,149.1651263,15.00
80.45,8,follower,-35.3633046,149.1651263,15.00
80.95,8,follower,-35.3633046,149.1651263,15.00
81.45,8,follower,-35.3633046,149.1651263,15.00
81.95,8,follower,-35.3633046,149.1651263,15.00
82.45,8,follower,-35.3633046,149.1651263,15.00
82.95,8,follower,-35.3633046,149.1651263,15.00
83.45,8,follower,-35.3633046,149.1651264,15.00
83.95,8,follower,-35.3633046,149.1651264,15.00
84.45,8,follower,-35.3633046,149.1651264,15.00
84.95,8,follower,-35.3633046,149.1651264,15.00
85.45,8,follower,-35.3633046,149.1651264,15.00
85.95,8,follower,-35.3633046,149.1651264,15.00
86.45,8,follower,-35.3633046,149.1651264,15.00
86.95,8,follower,-35.3633046,149.1651264,15.00
87.45,8,follower,-35.3633046,149.1651264,15.00
87.95,8,follower,-35.3633046,149.1651264,15.00
88.45,8,follower,-35.3633046,149.1651263,15.00
88.95,8,follower,-35.3633046,149.1651263,15.00
89.45,8,follower,-35.3633046,149.1651263,15.00
89.96,8,follower,-35.3633046,149.1651263,15.00
90.46,8,follower,-35.3633046,149.1651263,15.00
90.95,8,follower,-35.3633046,149.1651263,15.00
91.45,8,follower,-35.3633046,149.1651263,15.00
91.95,8,follower,-35.3633046,149.1651263,15.00
92.45,8,follower,-35.3633046,149.1651263,15.00
92.95,8,follower,-35.3633046,149.1651263,15.00
93.45,8,follower,-35.3633046,149.1651263,15.00
93.95,8,follower,-35.3633046,149.1651263,15.00
94.46,8,follower,-35.3633046,149.1651263,15.00
94.95,8,follower,-35.3633046,149.1651263,15.00
95.45,8,follower,-35.3633046,149.1651263,15.00
95.95,8,follower,-35.3633046,149.1651264,15.00
96.45,8,follower,-35.3633046,149.1651264,15.00
96.96,8,follower,-35.3633046,149.1651264,15.00
97.45,8,follower,-35.3633046,149.1651264,15.00
97.96,8,follower,-35.3633046,149.1651264,15.00
98.45,8,follower,-35.3633046,149.1651264,15.00
98.95,8,follower,-35.3633046,149.1651264,15.00
99.45,8,follower,-35.3633046,149.1651264,15.00
99.95,8,follower,-35.3633046,149.1651264,15.00
100.45,8,follower,-35.3633046,149.1651264,15.00
100.96,8,follower,-35.3633046,149.1651264,15.00
101.46,8,follower,-35.3633046,149.1651264,15.00
101.96,8,follower,-35.3633046,149.1651264,15.00
102.46,8,follower,-35.3633046,149.1651264,15.00
102.95,8,follower,-35.3633046,149.1651264,15.00
103.46,8,follower,-35.3633046,149.1651264,15.00
103.95,8,follower,-35.3633046,149.1651264,15.00
104.46,8,follower,-35.3633046,149.1651264,15.00
104.96,8,follower,-35.3633046,149.1651264,15.00
105.46,8,follower,-35.3633046,149.1651264,15.00
105.95,8,follower,-35.3633046,149.1651264,15.00
106.46,8,follower,-35.3633046,149.1651264,15.00
106.95,8,follower,-35.3633046,149.1651264,15.00
107.45,8,follower,-35.3633046,149.1651264,15.00
107.96,8,follower,-35.3633046,149.1651264,15.00
108.45,8,follower,-35.3633046,149.1651264,15.00
108.96,8,follower,-35.3633046,149.1651264,15.00
109.46,8,follower,-35.3633046,149.1651264,15.00
109.96,8,follower,-35.3633046,149.1651264,15.00
110.45,8,follower,-35.3633046,149.1651264,15.00
110.95,8,follower,-35.3633046,149.1651264,15.00
111.45,8,follower,-35.3633046,149.1651264,15.00
111.95,8,follower,-35.3633046,149.1651264,15.00
112.46,8,follower,-35.3633046,149.1651264,15.00
112.96,8,follower,-35.3633046,149.1651264,15.00
113.46,8,follower,-35.3633046,149.1651264,15.00
113.95,8,follower,-35.3633046,149.1651264,15.00
114.46,8,follower,-35.3633046,149.1651264,15.00
114.96,8,follower,-35.3633046,149.1651264,15.00
115.46,8,follower,-35.3633046,149.1651264,15.00
115.96,8,follower,-35.3633046,149.1651264,15.00
116.46,8,follower,-35.3633046,149.1651264,15.00
116.96,8,follower,-35.3633046,149.1651264,15.00
117.46,8,follower,-35.3633046,149.1651264,15.00
117.96,8,follower,-35.3633046,149.1651264,15.00
118.46,8,follower,-35.3633046,149.1651264,15.00
118.96,8,follower,-35.3633046,149.1651264,15.00
119.46,8,follower,-35.3633046,149.1651264,15.00
119.96,8,follower,-35.3633046,149.1651264,15.00
120.46,8,follower,-35.3633046,149.1651264,15.00
120.96,8,follower,-35.3633046,149.1651264,15.00
121.46,8,follower,-35.3633046,149.1651264,15.00
121.96,8,follower,-35.3633046,149.1651264,15.00
122.46,8,follower,-35.3633046,149.1651264,15.00
122.96,8,follower,-35.3633046,149.1651264,15.00
123.46,8,follower,-35.3633046,149.1651264,15.00
123.96,8,follower,-35.3633046,149.1651264,15.00
124.46,8,follower,-35.3633046,149.1651264,15.00
124.96,8,follower,-35.3633046,149.1651263,15.00
125.46,8,follower,-35.3633021,149.1651262,15.00
125.96,8,follower,-35.3632938,149.1651260,15.00
126.46,8,follower,-35.3632818,149.1651259,15.00
126.96,8,follower,-35.3632713,149.1651259,15.00
127.46,8,follower,-35.3632621,149.1651261,15.00
127.96,8,follower,-35.3632530,149.1651261,15.00
128.46,8,follower,-35.3632431,149.1651262,15.00
128.96,8,follower,-35.3632328,149.1651262,15.00
129.46,8,follower,-35.3632234,149.1651262,15.00
129.96,8,follower,-35.3632137,149.1651262,15.00
130.46,8,follower,-35.3632050,149.1651261,15.00
130.96,8,follower,-35.3631953,149.1651261,15.00
131.46,8,follower,-35.3631863,149.1651261,15.00
131.96,8,follower,-35.3631770,149.1651261,15.00
132.46,8,follower,-35.3631685,149.1651261,15.00
132.96,8,follower,-35.3631593,149.1651261,15.00
133.46,8,follower,-35.3631500,149.1651261,15.00
133.96,8,follower,-35.3631409,149.1651261,15.00
134.46,8,follower,-35.3631319,149.1651261,15.00
134.96,8,follower,-35.3631229,149.1651261,15.00
135.46,8,follower,-35.3631140,149.1651261,15.00
135.96,8,follower,-35.3631052,149.1651261,15.00
136.46,8,follower,-35.3630963,149.1651261,15.00
136.96,8,follower,-35.3630875,149.1651261,15.00
137.46,8,follower,-35.3630787,149.1651261,15.00
137.96,8,follower,-35.3630699,149.1651261,15.00
138.46,8,follower,-35.3630611,149.1651261,15.00
138.96,8,follower,-35.3630523,149.1651261,15.00
139.46,8,follower,-35.3630434,149.1651261,15.00
139.96,8,follower,-35.3630346,149.1651261,15.00
140.46,8,follower,-35.3630274,149.1651261,15.00
140.96,8,follower,-35.3630255,149.1651261,15.00
141.46,8,follower,-35.3630289,149.1651271,15.00
141.96,8,follower,-35.3630325,149.1651325,15.00
142.46,8,follower,-35.3630329,149.1651436,15.00
142.96,8,follower,-35.3630327,149.1651614,15.01
143.46,8,follower,-35.3630327,149.1651819,15.01
143.96,8,follower,-35.3630329,149.1651986,15.00
144.46,8,follower,-35.3630336,149.1652103,15.00
144.97,8,follower,-35.3630343,149.1652219,15.00
145.46,8,follower,-35.3630347,149.1652336,15.00
145.96,8,follower,-35.3630348,149.1652459,15.00
146.46,8,follower,-35.3630348,149.1652570,15.00
146.96,8,follower,-35.3630348,149.1652691,15.00
147.46,8,follower,-35.3630348,149.1652808,15.00
147.96,8,follower,-35.3630348,149.1652921,15.00
148.46,8,follower,-35.3630348,149.1653032,15.00
148.96,8,follower,-35.3630348,149.1653141,15.00
149.46,8,follower,-35.3630348,149.1653250,15.00
149.96,8,follower,-35.3630347,149.1653359,15.00
150.46,8,follower,-35.3630347,149.1653468,15.00
150.96,8,follower,-35.3630347,149.1653577,15.00
151.47,8,follower,-35.3630347,149.1653685,15.00
151.97,8,follower,-35.3630347,149.1653794,15.00
152.47,8,follower,-35.3630347,149.1653903,15.00
152.96,8,follower,-35.3630347,149.1654011,15.00
153.47,8,follower,-35.3630347,149.1654120,15.00
153.96,8,follower,-35.3630347,149.1654228,15.00
154.47,8,follower,-35.3630347,149.1654337,15.00
154.97,8,follower,-35.3630347,149.1654445,15.00
155.47,8,follower,-35.3630347,149.1654543,15.00
155.96,8,follower,-35.3630348,149.1654587,15.00
156.46,8,follower,-35.3630353,149.1654560,15.00
156.97,8,follower,-35.3630387,149.1654512,15.00
157.47,8,follower,-35.3630467,149.1654502,15.00
157.97,8,follower,-35.3630601,149.1654503,15.01
158.47,8,follower,-35.3630768,149.1654502,15.01
158.96,8,follower,-35.3630911,149.1654497,15.00
159.47,8,follower,-35.3631007,149.1654489,15.00
159.97,8,follower,-35.3631101,149.1654481,15.00
160.47,8,follower,-35.3631204,149.1654475,15.00
160.97,8,follower,-35.3631306,149.1654472,15.00
161.46,8,follower,-35.3631397,149.1654471,15.00
161.97,8,follower,-35.3631492,149.1654472,15.00
162.46,8,follower,-35.3631586,149.1654472,15.00
162.97,8,follower,-35.3631677,149.1654472,15.00
163.47,8,follower,-35.3631767,149.1654472,15.00
163.97,8,follower,-35.3631856,149.1654472,15.00
164.46,8,follower,-35.3631944,149.1654472,15.00
164.97,8,follower,-35.3632033,149.1654472,15.00
165.47,8,follower,-35.3632122,149.1654472,15.00
165.97,8,follower,-35.3632211,149.1654472,15.00
166.47,8,follower,-35.3632300,149.1654472,15.00
166.97,8,follower,-35.3632389,149.1654472,15.00
167.47,8,follower,-35.3632478,149.1654472,15.00
167.97,8,follower,-35.3632567,149.1654472,15.00
168.47,8,follower,-35.3632655,149.1654473,15.00
168.97,8,follower,-35.3632742,149.1654472,15.00
169.47,8,follower,-35.3632831,149.1654472,15.00
169.96,8,follower,-35.3632920,149.1654472,15.00
170.47,8,follower,-35.3633005,149.1654473,15.00
170.97,8,follower,-35.3633058,149.1654472,15.00
171.47,8,follower,-35.3633050,149.1654469,15.00
171.97,8,follower,-35.3633009,149.1654438,15.00
172.47,8,follower,-35.3632993,149.1654356,15.00
172.97,8,follower,-35.3632993,149.1654207,15.00
173.47,8,follower,-35.3632992,149.1654005,15.01
173.97,8,follower,-35.3632987,149.1653811,15.01
174.47,8,follower,-35.3632981,149.1653674,15.00
174.97,8,follower,-35.3632974,149.1653559,15.00
175.47,8,follower,-35.3632969,149.1653452,15.00
175.97,8,follower,-35.3632965,149.1653329,15.00
176.47,8,follower,-35.3632964,149.1653206,15.00
176.97,8,follower,-35.3632963,149.1653092,15.00
177.47,8,follower,-35.3632963,149.1652988,15.00
177.97,8,follower,-35.3632964,149.1652874,15.00
178.47,8,follower,-35.3632964,149.1652762,15.00
178.97,8,follower,-35.3632964,149.1652651,15.00
179.47,8,follower,-35.3632964,149.1652542,15.00
179.97,8,follower,-35.3632964,149.1652432,15.00
180.47,8,follower,-35.3632964,149.1652322,15.00
180.97,8,follower,-35.3632964,149.1652214,15.00
181.47,8,follower,-35.3632965,149.1652105,15.00
181.97,8,follower,-35.3632965,149.1651995,15.00
182.47,8,follower,-35.3632965,149.1651886,15.00
182.97,8,follower,-35.3632965,149.1651778,15.00
183.47,8,follower,-35.3632965,149.1651669,15.00
183.97,8,follower,-35.3632965,149.1651560,15.00
184.47,8,follower,-35.3632965,149.1651451,15.00
184.97,8,follower,-35.3632965,149.1651342,15.00
185.47,8,follower,-35.3632965,149.1651235,15.00
185.97,8,follower,-35.3632964,149.1651157,15.00
186.47,8,follower,-35.3632964,149.1651151,15.00
186.97,8,follower,-35.3632962,149.1651193,15.01
187.47,8,follower,-35.3632961,149.1651217,15.00
187.97,8,follower,-35.3632961,149.1651221,15.00
188.47,8,follower,-35.3632961,149.1651222,15.00
188.97,8,follower,-35.3632962,149.1651224,15.00
189.47,8,follower,-35.3632963,149.1651228,15.00
189.97,8,follower,-35.3632964,149.1651233,15.00
190.47,8,follower,-35.3632964,149.1651236,15.00
190.97,8,follower,-35.3632964,149.1651239,15.00
46.95,9,follower,-35.3631654,149.1652726,2.23
47.45,9,follower,-35.3631654,149.1652726,3.39
47.95,9,follower,-35.3631654,149.1652725,4.67
48.44,9,follower,-35.3631654,149.1652725,5.95
48.95,9,follower,-35.3631654,149.1652725,7.19
49.44,9,follower,-35.3631654,149.1652725,8.42
49.95,9,follower,-35.3631654,149.1652725,9.66
50.45,9,follower,-35.3631654,149.1652725,10.90
50.95,9,follower,-35.3631654,149.1652726,12.13
51.45,9,follower,-35.3631654,149.1652726,13.26
51.94,9,follower,-35.3631654,149.1652726,14.57
52.44,9,follower,-35.3631654,149.1652726,16.19
52.94,9,follower,-35.3631654,149.1652725,17.44
53.44,9,follower,-35.3631654,149.1652724,18.31
53.94,9,follower,-35.3631654,149.1652724,18.89
54.44,9,follower,-35.3631654,149.1652724,19.22
54.95,9,follower,-35.3631654,149.1652724,19.32
55.45,9,follower,-35.3631654,149.1652724,19.17
55.94,9,follower,-35.3631654,149.1652724,18.78
56.44,9,follower,-35.3631654,149.1652724,18.13
56.95,9,follower,-35.3631654,149.1652724,17.36
57.45,9,follower,-35.3631654,149.1652724,16.59
57.95,9,follower,-35.3631654,149.1652724,15.86
58.44,9,follower,-35.3631654,149.1652724,15.30
58.95,9,follower,-35.3631654,149.1652724,15.00
59.45,9,follower,-35.3631654,149.1652724,14.95
59.95,9,follower,-35.3631654,149.1652724,15.00
60.45,9,follower,-35.3631654,149.1652724,15.02
60.94,9,follower,-35.3631654,149.1652724,15.02
61.45,9,follower,-35.3631654,149.1652724,15.02
61.95,9,follower,-35.3631654,149.1652724,15.01
62.45,9,follower,-35.3631654,149.1652725,15.01
62.95,9,follower,-35.3631654,149.1652725,15.01
63.45,9,follower,-35.3631654,149.1652725,15.01
63.95,9,follower,-35.3631654,149.1652725,15.01
64.45,9,follower,-35.3631654,149.1652725,15.01
64.95,9,follower,-35.3631654,149.1652725,15.00
65.45,9,follower,-35.3631654,149.1652725,15.00
65.95,9,follower,-35.3631654,149.1652725,15.00
66.45,9,follower,-35.3631654,149.1652725,15.00
66.95,9,follower,-35.3631654,149.1652725,15.00
67.45,9,follower,-35.3631654,149.1652725,15.00
67.95,9,follower,-35.3631654,149.1652725,15.00
68.45,9,follower,-35.3631654,149.1652725,15.00
68.95,9,follower,-35.3631654,149.1652725,15.00
69.45,9,follower,-35.3631654,149.1652725,15.00
69.95,9,follower,-35.3631654,149.1652725,15.00
70.45,9,follower,-35.3631654,149.1652725,15.00
70.95,9,follower,-35.3631654,149.1652725,15.00
71.45,9,follower,-35.3631654,149.1652725,15.00
71.95,9,follower,-35.3631654,149.1652725,15.00
72.45,9,follower,-35.3631654,149.1652725,15.00
72.95,9,follower,-35.3631654,149.1652725,15.00
73.45,9,follower,-35.3631654,149.1652725,15.00
73.95,9,follower,-35.3631654,149.1652725,15.00
74.45,9,follower,-35.3631654,149.1652725,15.00
74.95,9,follower,-35.3631654,149.1652725,15.00
75.45,9,follower,-35.3631654,149.1652725,15.00
75.95,9,follower,-35.3631654,149.1652725,15.00
76.45,9,follower,-35.3631654,149.1652725,15.00
76.95,9,follower,-35.3631654,149.1652725,15.00
77.45,9,follower,-35.3631654,149.1652725,15.00
77.95,9,follower,-35.3631654,149.1652725,15.00
78.45,9,follower,-35.3631654,149.1652725,15.00
78.95,9,follower,-35.3631654,149.1652725,15.00
79.45,9,follower,-35.3631654,149.1652724,15.00
79.95,9,follower,-35.3631654,149.1652724,15.00
80.45,9,follower,-35.3631654,149.1652724,15.00
80.95,9,follower,-35.3631654,149.1652724,15.00
81.45,9,follower,-35.3631654,149.1652724,15.00
81.95,9,follower,-35.3631654,149.1652724,15.00
82.45,9,follower,-35.3631654,149.1652724,15.00
82.95,9,follower,-35.3631654,149.1652724,15.00
83.45,9,follower,-35.3631654,149.1652725,15.00
83.95,9,follower,-35.3631654,149.1652725,15.00
84.45,9,follower,-35.3631654,149.1652725,15.00
84.95,9,follower,-35.3631654,149.1652725,15.00
85.45,9,follower,-35.3631654,149.1652725,15.00
85.95,9,follower,-35.3631654,149.1652725,15.00
86.45,9,follower,-35.3631654,149.1652725,15.00
86.95,9,follower,-35.3631654,149.1652725,15.00
87.45,9,follower,-35.3631654,149.1652725,15.00
87.96,9,follower,-35.3631654,149.1652725,15.00
88.45,9,follower,-35.3631654,149.1652725,15.00
88.95,9,follower,-35.3631654,149.1652725,15.00
89.45,9,follower,-35.3631654,149.1652725,15.00
89.95,9,follower,-35.3631654,149.1652725,15.00
90.45,9,follower,-35.3631654,149.1652725,15.00
90.95,9,follower,-35.3631654,149.1652725,15.00
91.45,9,follower,-35.3631654,149.1652725,15.00
91.95,9,follower,-35.3631654,149.1652725,15.00
92.45,9,follower,-35.3631654,149.1652725,15.00
92.95,9,follower,-35.3631654,149.1652725,15.00
93.45,9,follower,-35.3631654,149.1652725,15.00
93.95,9,follower,-35.3631654,149.1652725,15.00
94.45,9,follower,-35.3631654,149.1652725,15.00
94.95,9,follower,-35.3631654,149.1652725,15.00
95.45,9,follower,-35.3631654,149.1652725,15.00
95.95,9,follower,-35.3631654,149.1652725,15.00
96.45,9,follower,-35.3631654,149.1652725,15.00
96.96,9,follower,-35.3631654,149.1652725,15.00
97.45,9,follower,-35.3631654,149.1652725,15.00
97.95,9,follower,-35.3631654,149.1652725,15.00
98.45,9,follower,-35.3631654,149.1652725,15.00
98.95,9,follower,-35.3631654,149.1652725,15.00
99.46,9,follower,-35.3631654,149.1652725,15.00
99.95,9,follower,-35.3631654,149.1652725,15.00
100.45,9,follower,-35.3631654,149.1652725,15.00
100.96,9,follower,-35.3631654,149.1652725,15.00
101.46,9,follower,-35.3631654,149.1652725,15.00
101.95,9,follower,-35.3631654,149.1652725,15.00
102.45,9,follower,-35.3631654,149.1652725,15.00
102.96,9,follower,-35.3631654,149.1652725,15.00
103.46,9,follower,-35.3631654,149.1652725,15.00
103.95,9,follower,-35.3631654,149.1652725,15.00
104.45,9,follower,-35.3631654,149.1652725,15.00
104.96,9,follower,-35.3631654,149.1652725,15.00
105.46,9,follower,-35.3631654,149.1652725,15.00
105.96,9,follower,-35.3631654,149.1652725,15.00
106.45,9,follower,-35.3631654,149.1652725,15.00
106.96,9,follower,-35.3631654,149.1652725,15.00
107.45,9,follower,-35.3631654,149.1652725,15.00
107.95,9,follower,-35.3631654,149.1652725,15.00
108.46,9,follower,-35.3631654,149.1652725,15.00
108.96,9,follower,-35.3631654,149.1652725,15.00
109.46,9,follower,-35.3631654,149.1652725,15.00
109.96,9,follower,-35.3631654,149.1652725,15.00
110.46,9,follower,-35.3631654,149.1652725,15.00
110.95,9,follower,-35.3631654,149.1652725,15.00
111.46,9,follower,-35.3631654,149.1652725,15.00
111.95,9,follower,-35.3631654,149.1652725,15.00
112.45,9,follower,-35.3631654,149.1652725,15.00
112.96,9,follower,-35.3631654,149.1652725,15.00
113.46,9,follower,-35.3631654,149.1652725,15.00
113.96,9,follower,-35.3631654,149.1652725,15.00
114.45,9,follower,-35.3631654,149.1652725,15.00
114.96,9,follower,-35.3631654,149.1652725,15.00
115.46,9,follower,-35.3631654,149.1652725,15.00
115.96,9,follower,-35.3631654,149.1652725,15.00
116.46,9,follower,-35.3631654,149.1652725,15.00
116.96,9,follower,-35.3631654,149.1652725,15.00
117.46,9,follower,-35.3631654,149.1652725,15.00
117.96,9,follower,-35.3631654,149.1652725,15.00
118.46,9,follower,-35.3631654,149.1652725,15.00
118.95,9,follower,-35.3631654,149.1652725,15.00
119.46,9,follower,-35.3631654,149.1652725,15.00
119.96,9,follower,-35.3631654,149.1652725,15.00
120.46,9,follower,-35.3631654,149.1652725,15.00
120.96,9,follower,-35.3631654,149.1652725,15.00
121.46,9,follower,-35.3631654,149.1652725,15.00
121.96,9,follower,-35.3631654,149.1652725,15.00
122.46,9,follower,-35.3631654,149.1652725,15.00
122.96,9,follower,-35.3631654,149.1652725,15.00
123.46,9,follower,-35.3631654,149.1652725,15.00
123.96,9,follower,-35.3631654,149.1652725,15.00
124.46,9,follower,-35.3631654,149.1652725,15.00
124.96,9,follower,-35.3631652,149.1652725,15.00
125.46,9,follower,-35.3631618,149.1652723,15.00
125.96,9,follower,-35.3631524,149.1652721,15.00
126.46,9,follower,-35.3631404,149.1652720,15.00
126.96,9,follower,-35.3631303,149.1652720,15.00
127.46,9,follower,-35.3631212,149.1652722,15.00
127.96,9,follower,-35.3631122,149.1652722,15.00
128.46,9,follower,-35.3631029,149.1652723,15.00
128.96,9,follower,-35.3630936,149.1652723,15.00
129.46,9,follower,-35.3630842,149.1652723,15.00
129.96,9,follower,-35.3630750,149.1652723,15.00
130.46,9,follower,-35.3630660,149.1652723,15.00
130.96,9,follower,-35.3630570,149.1652723,15.00
131.46,9,follower,-35.3630481,149.1652723,15.00
131.96,9,follower,-35.3630391,149.1652722,15.00
132.46,9,follower,-35.3630303,149.1652722,15.00
132.96,9,follower,-35.3630214,149.1652722,15.00
133.46,9,follower,-35.3630125,149.1652722,15.00
133.96,9,follower,-35.3630036,149.1652722,15.00
134.46,9,follower,-35.3629947,149.1652722,15.00
134.96,9,follower,-35.3629858,149.1652722,15.00
135.46,9,follower,-35.3629768,149.1652722,15.00
135.96,9,follower,-35.3629671,149.1652722,15.00
136.46,9,follower,-35.3629574,149.1652722,15.00
136.96,9,follower,-35.3629480,149.1652722,15.00
137.46,9,follower,-35.3629394,149.1652722,15.00
137.96,9,follower,-35.3629298,149.1652722,15.00
138.46,9,follower,-35.3629210,149.1652722,15.00
138.96,9,follower,-35.3629120,149.1652722,15.00
139.46,9,follower,-35.3629036,149.1652722,15.00
139.96,9,follower,-35.3628945,149.1652722,15.00
140.47,9,follower,-35.3628880,149.1652722,15.00
140.96,9,follower,-35.3628871,149.1652722,15.00
141.46,9,follower,-35.3628908,149.1652741,15.00
141.96,9,follower,-35.3628934,149.1652807,15.00
142.46,9,follower,-35.3628934,149.1652937,15.00
142.96,9,follower,-35.3628933,149.1653129,15.01
143.46,9,follower,-35.3628933,149.1653324,15.01
143.96,9,follower,-35.3628937,149.1653464,15.00
144.46,9,follower,-35.3628943,149.1653578,15.00
144.96,9,follower,-35.3628949,149.1653692,15.00
145.46,9,follower,-35.3628954,149.1653807,15.00
145.96,9,follower,-35.3628956,149.1653922,15.00
146.46,9,follower,-35.3628956,149.1654037,15.00
146.96,9,follower,-35.3628956,149.1654150,15.00
147.47,9,follower,-35.3628956,149.1654260,15.00
147.96,9,follower,-35.3628956,149.1654369,15.00
148.47,9,follower,-35.3628956,149.1654477,15.00
148.96,9,follower,-35.3628956,149.1654586,15.00
149.46,9,follower,-35.3628956,149.1654695,15.00
149.96,9,follower,-35.3628956,149.1654805,15.00
150.46,9,follower,-35.3628955,149.1654914,15.00
150.97,9,follower,-35.3628955,149.1655024,15.00
151.47,9,follower,-35.3628955,149.1655133,15.00
151.97,9,follower,-35.3628955,149.1655242,15.00
152.47,9,follower,-35.3628955,149.1655359,15.00
152.96,9,follower,-35.3628955,149.1655480,15.00
153.47,9,follower,-35.3628955,149.1655588,15.00
153.97,9,follower,-35.3628955,149.1655702,15.00
154.47,9,follower,-35.3628955,149.1655808,15.00
154.97,9,follower,-35.3628955,149.1655921,15.00
155.46,9,follower,-35.3628957,149.1656008,15.00
155.96,9,follower,-35.3628959,149.1656038,15.00
156.47,9,follower,-35.3628969,149.1656001,15.00
156.97,9,follower,-35.3629013,149.1655962,15.00
157.47,9,follower,-35.3629104,149.1655959,15.00
157.97,9,follower,-35.3629249,149.1655962,15.01
158.46,9,follower,-35.3629413,149.1655962,15.01
158.96,9,follower,-35.3629538,149.1655958,15.00
159.46,9,follower,-35.3629632,149.1655951,15.00
159.97,9,follower,-35.3629725,149.1655942,15.00
160.47,9,follower,-35.3629819,149.1655936,15.00
160.96,9,follower,-35.3629913,149.1655933,15.00
161.47,9,follower,-35.3630006,149.1655932,15.00
161.97,9,follower,-35.3630097,149.1655932,15.00
162.46,9,follower,-35.3630187,149.1655932,15.00
162.97,9,follower,-35.3630277,149.1655932,15.00
163.46,9,follower,-35.3630365,149.1655932,15.00
163.97,9,follower,-35.3630454,149.1655933,15.00
164.47,9,follower,-35.3630544,149.1655933,15.00
164.97,9,follower,-35.3630633,149.1655933,15.00
165.47,9,follower,-35.3630722,149.1655933,15.00
165.97,9,follower,-35.3630811,149.1655933,15.00
166.47,9,follower,-35.3630900,149.1655933,15.00
166.97,9,follower,-35.3630989,149.1655933,15.00
167.47,9,follower,-35.3631078,149.1655933,15.00
167.97,9,follower,-35.3631167,149.1655933,15.00
168.47,9,follower,-35.3631258,149.1655933,15.00
168.96,9,follower,-35.3631357,149.1655933,15.00
169.47,9,follower,-35.3631449,149.1655933,15.00
169.97,9,follower,-35.3631543,149.1655933,15.00
170.47,9,follower,-35.3631621,149.1655933,15.00
170.97,9,follower,-35.3631661,149.1655932,15.00
171.47,9,follower,-35.3631643,149.1655926,15.00
171.97,9,follower,-35.3631605,149.1655886,15.00
172.47,9,follower,-35.3631595,149.1655793,15.00
172.97,9,follower,-35.3631598,149.1655632,15.01
173.47,9,follower,-35.3631598,149.1655440,15.01
173.97,9,follower,-35.3631595,149.1655274,15.00
174.47,9,follower,-35.3631588,149.1655142,15.00
174.97,9,follower,-35.3631581,149.1655020,15.00
175.47,9,follower,-35.3631575,149.1654900,15.00
175.97,9,follower,-35.3631573,149.1654782,15.00
176.47,9,follower,-35.3631572,149.1654667,15.00
176.97,9,follower,-35.3631572,149.1654554,15.00
177.47,9,follower,-35.3631572,149.1654444,15.00
177.97,9,follower,-35.3631572,149.1654334,15.00
178.47,9,follower,-35.3631572,149.1654226,15.00
178.97,9,follower,-35.3631572,149.1654117,15.00
179.47,9,follower,-35.3631572,149.1654008,15.00
179.97,9,follower,-35.3631572,149.1653899,15.00
180.47,9,follower,-35.3631573,149.1653789,15.00
180.97,9,follower,-35.3631573,149.1653680,15.00
181.47,9,follower,-35.3631573,149.1653571,15.00
181.97,9,follower,-35.3631573,149.1653461,15.00
182.47,9,follower,-35.3631573,149.1653353,15.00
182.97,9,follower,-35.3631573,149.1653244,15.00
183.47,9,follower,-35.3631573,149.1653136,15.00
183.97,9,follower,-35.3631573,149.1653027,15.00
184.47,9,follower,-35.3631572,149.1652915,15.00
184.97,9,follower,-35.3631573,149.1652792,15.00
185.47,9,follower,-35.3631573,149.1652680,15.00
185.97,9,follower,-35.3631572,149.1652615,15.00
186.47,9,follower,-35.3631571,149.1652620,15.00
186.97,9,follower,-35.3631569,149.1652660,15.00
187.47,9,follower,-35.3631568,149.1652677,15.00
187.97,9,follower,-35.3631569,149.1652680,15.00
188.47,9,follower,-35.3631569,149.1652681,15.00
188.97,9,follower,-35.3631570,149.1652684,15.00
189.47,9,follower,-35.3631571,149.1652689,15.00
189.97,9,follower,-35.3631572,149.1652694,15.00
190.47,9,follower,-35.3631572,149.1652697,15.00
190.97,9,follower,-35.3631572,149.1652700,15.00
46.95,10,follower,-35.3633605,149.1652803,2.23
47.45,10,follower,-35.3633605,149.1652803,3.39
47.94,10,follower,-35.3633605,149.1652802,4.67
48.45,10,follower,-35.3633605,149.1652802,5.95
48.95,10,follower,-35.3633605,149.1652802,7.19
49.44,10,follower,-35.3633605,149.1652802,8.42
49.95,10,follower,-35.3633605,149.1652802,9.66
50.44,10,follower,-35.3633605,149.1652802,10.90
50.94,10,follower,-35.3633605,149.1652803,12.13
51.44,10,follower,-35.3633605,149.1652803,13.29
51.94,10,follower,-35.3633605,149.1652803,14.75
52.45,10,follower,-35.3633605,149.1652802,16.50
52.94,10,follower,-35.3633605,149.1652801,17.79
53.45,10,follower,-35.3633605,149.1652801,18.66
53.95,10,follower,-35.3633605,149.1652801,19.25
54.45,10,follower,-35.3633605,149.1652801,19.61
54.94,10,follower,-35.3633605,149.1652801,19.72
55.44,10,follower,-35.3633604,149.1652801,19.60
55.95,10,follower,-35.3633604,149.1652801,19.23
56.45,10,follower,-35.3633604,149.1652801,18.60
56.95,10,follower,-35.3633604,149.1652801,17.83
57.45,10,follower,-35.3633604,149.1652801,17.06
57.95,10,follower,-35.3633604,149.1652801,16.32
58.44,10,follower,-35.3633604,149.1652801,15.63
58.95,10,follower,-35.3633604,149.1652801,15.16
59.45,10,follower,-35.3633604,149.1652801,14.96
59.95,10,follower,-35.3633604,149.1652801,14.97
60.45,10,follower,-35.3633604,149.1652801,15.01
60.95,10,follower,-35.3633604,149.1652801,15.03
61.45,10,follower,-35.3633604,149.1652801,15.02
61.95,10,follower,-35.3633604,149.1652801,15.02
62.45,10,follower,-35.3633604,149.1652802,15.01
62.95,10,follower,-35.3633604,149.1652802,15.01
63.45,10,follower,-35.3633604,149.1652802,15.01
63.95,10,follower,-35.3633604,149.1652802,15.01
64.45,10,follower,-35.3633604,149.1652802,15.01
64.95,10,follower,-35.3633604,149.1652802,15.00
65.45,10,follower,-35.3633604,149.1652802,15.00
65.95,10,follower,-35.3633604,149.1652802,15.00
66.45,10,follower,-35.3633604,149.1652802,15.00
66.95,10,follower,-35.3633604,149.1652802,15.00
67.45,10,follower,-35.3633604,149.1652802,15.00
67.95,10,follower,-35.3633604,149.1652802,15.00
68.45,10,follower,-35.3633604,149.1652802,15.00
68.95,10,follower,-35.3633604,149.1652802,15.00
69.45,10,follower,-35.3633604,149.1652802,15.00
69.95,10,follower,-35.3633604,149.1652802,15.00
70.45,10,follower,-35.3633604,149.1652802,15.00
70.95,10,follower,-35.3633604,149.1652802,15.00
71.45,10,follower,-35.3633604,149.1652802,15.00
71.95,10,follower,-35.3633604,149.1652802,15.00
72.45,10,follower,-35.3633604,149.1652802,15.00
72.95,10,follower,-35.3633604,149.1652802,15.00
73.45,10,follower,-35.3633604,149.1652802,15.00
73.95,10,follower,-35.3633604,149.1652802,15.00
74.45,10,follower,-35.3633604,149.1652802,15.00
74.95,10,follower,-35.3633604,149.1652802,15.00
75.45,10,follower,-35.3633604,149.1652802,15.00
75.95,10,follower,-35.3633604,149.1652802,15.00
76.45,10,follower,-35.3633604,149.1652802,15.00
76.95,10,follower,-35.3633604,149.1652802,15.00
77.45,10,follower,-35.3633604,149.1652802,15.00
77.95,10,follower,-35.3633604,149.1652802,15.00
78.45,10,follower,-35.3633604,149.1652802,15.00
78.95,10,follower,-35.3633604,149.1652801,15.00
79.45,10,follower,-35.3633604,149.1652801,15.00
79.95,10,follower,-35.3633604,149.1652801,15.00
80.45,10,follower,-35.3633604,149.1652801,15.00
80.95,10,follower,-35.3633604,149.1652801,15.00
81.45,10,follower,-35.3633604,149.1652801,15.00
81.95,10,follower,-35.3633605,149.1652801,15.00
82.45,10,follower,-35.3633605,149.1652801,15.00
82.95,10,follower,-35.3633605,149.1652801,15.00
83.45,10,follower,-35.3633605,149.1652802,15.00
83.95,10,follower,-35.3633605,149.1652802,15.00
84.45,10,follower,-35.3633605,149.1652802,15.00
84.95,10,follower,-35.3633605,149.1652802,15.00
85.45,10,follower,-35.3633605,149.1652802,15.00
85.95,10,follower,-35.3633605,149.1652802,15.00
86.45,10,follower,-35.3633605,149.1652802,15.00
86.95,10,follower,-35.3633605,149.1652802,15.00
87.45,10,follower,-35.3633604,149.1652802,15.00
87.95,10,follower,-35.3633604,149.1652802,15.00
88.45,10,follower,-35.3633604,149.1652802,15.00
88.95,10,follower,-35.3633604,149.1652802,15.00
89.45,10,follower,-35.3633604,149.1652802,15.00
89.95,10,follower,-35.3633604,149.1652802,15.00
90.45,10,follower,-35.3633604,149.1652802,15.00
90.95,10,follower,-35.3633604,149.1652802,15.00
91.45,10,follower,-35.3633604,149.1652802,15.00
91.95,10,follower,-35.3633604,149.1652802,15.00
92.45,10,follower,-35.3633604,149.1652802,15.00
92.95,10,follower,-35.3633604,149.1652802,15.00
93.45,10,follower,-35.3633604,149.1652802,15.00
93.95,10,follower,-35.3633604,149.1652802,15.00
94.45,10,follower,-35.3633604,149.1652802,15.00
94.95,10,follower,-35.3633604,149.1652802,15.00
95.46,10,follower,-35.3633604,149.1652802,15.00
95.95,10,follower,-35.3633604,149.1652802,15.00
96.45,10,follower,-35.3633604,149.1652802,15.00
96.95,10,follower,-35.3633604,149.1652802,15.00
97.45,10,follower,-35.3633604,149.1652802,15.00
97.96,10,follower,-35.3633604,149.1652802,15.00
98.45,10,follower,-35.3633604,149.1652802,15.00
98.95,10,follower,-35.3633604,149.1652802,15.00
99.46,10,follower,-35.3633604,149.1652802,15.00
99.95,10,follower,-35.3633604,149.1652802,15.00
100.46,10,follower,-35.3633604,149.1652802,15.00
100.96,10,follower,-35.3633604,149.1652802,15.00
101.46,10,follower,-35.3633604,149.1652802,15.00
101.96,10,follower,-35.3633605,149.1652802,15.00
102.45,10,follower,-35.3633604,149.1652802,15.00
102.95,10,follower,-35.3633604,149.1652802,15.00
103.45,10,follower,-35.3633604,149.1652802,15.00
103.96,10,follower,-35.3633604,149.1652802,15.00
104.46,10,follower,-35.3633604,149.1652802,15.00
104.96,10,follower,-35.3633604,149.1652802,15.00
105.45,10,follower,-35.3633604,149.1652802,15.00
105.96,10,follower,-35.3633604,149.1652802,15.00
106.46,10,follower,-35.3633604,149.1652802,15.00
106.95,10,follower,-35.3633604,149.1652802,15.00
107.46,10,follower,-35.3633604,149.1652802,15.00
107.95,10,follower,-35.3633604,149.1652802,15.00
108.46,10,follower,-35.3633604,149.1652802,15.00
108.95,10,follower,-35.3633604,149.1652802,15.00
109.45,10,follower,-35.3633604,149.1652802,15.00
109.96,10,follower,-35.3633604,149.1652802,15.00
110.46,10,follower,-35.3633604,149.1652802,15.00
110.96,10,follower,-35.3633604,149.1652802,15.00
111.45,10,follower,-35.3633604,149.1652802,15.00
111.95,10,follower,-35.3633604,149.1652802,15.00
112.46,10,follower,-35.3633604,149.1652802,15.00
112.96,10,follower,-35.3633604,149.1652802,15.00
113.46,10,follower,-35.3633604,149.1652802,15.00
113.96,10,follower,-35.3633604,149.1652802,15.00
114.46,10,follower,-35.3633604,149.1652802,15.00
114.96,10,follower,-35.3633604,149.1652802,15.00
115.46,10,follower,-35.3633604,149.1652802,15.00
115.96,10,follower,-35.3633604,149.1652802,15.00
116.46,10,follower,-35.3633604,149.1652802,15.00
116.96,10,follower,-35.3633604,149.1652802,15.00
117.46,10,follower,-35.3633604,149.1652802,15.00
117.96,10,follower,-35.3633604,149.1652802,15.00
118.46,10,follower,-35.3633604,149.1652802,15.00
118.96,10,follower,-35.3633604,149.1652802,15.00
119.46,10,follower,-35.3633604,149.1652802,15.00
119.96,10,follower,-35.3633604,149.1652802,15.00
120.46,10,follower,-35.3633604,149.1652802,15.00
120.96,10,follower,-35.3633604,149.1652802,15.00
121.46,10,follower,-35.3633604,149.1652802,15.00
121.96,10,follower,-35.3633604,149.1652802,15.00
122.46,10,follower,-35.3633604,149.1652802,15.00
122.96,10,follower,-35.3633604,149.1652802,15.00
123.46,10,follower,-35.3633604,149.1652802,15.00
123.96,10,follower,-35.3633604,149.1652802,15.00
124.46,10,follower,-35.3633604,149.1652802,15.00
124.96,10,follower,-35.3633604,149.1652802,15.00
125.46,10,follower,-35.3633581,149.1652800,15.00
125.96,10,follower,-35.3633500,149.1652798,15.00
126.46,10,follower,-35.3633372,149.1652797,15.00
126.96,10,follower,-35.3633246,149.1652798,15.00
127.46,10,follower,-35.3633151,149.1652799,15.00
127.96,10,follower,-35.3633063,149.1652799,15.00
128.46,10,follower,-35.3632979,149.1652800,15.00
128.96,10,follower,-35.3632880,149.1652799,15.00
129.46,10,follower,-35.3632786,149.1652799,15.00
129.96,10,follower,-35.3632693,149.1652799,15.00
130.46,10,follower,-35.3632609,149.1652799,15.00
130.96,10,follower,-35.3632514,149.1652799,15.00
131.46,10,follower,-35.3632425,149.1652799,15.00
131.96,10,follower,-35.3632333,149.1652799,15.00
132.46,10,follower,-35.3632240,149.1652799,15.00
132.96,10,follower,-35.3632150,149.1652799,15.00
133.46,10,follower,-35.3632060,149.1652799,15.00
133.96,10,follower,-35.3631971,149.1652799,15.00
134.46,10,follower,-35.3631882,149.1652799,15.00
134.96,10,follower,-35.3631793,149.1652799,15.00
135.46,10,follower,-35.3631704,149.1652799,15.00
135.96,10,follower,-35.3631615,149.1652799,15.00
136.46,10,follower,-35.3631526,149.1652799,15.00
136.96,10,follower,-35.3631438,149.1652799,15.00
137.46,10,follower,-35.3631349,149.1652799,15.00
137.96,10,follower,-35.3631260,149.1652799,15.00
138.46,10,follower,-35.3631170,149.1652799,15.00
138.96,10,follower,-35.3631081,149.1652799,15.00
139.46,10,follower,-35.3630992,149.1652799,15.00
139.96,10,follower,-35.3630904,149.1652799,15.00
140.46,10,follower,-35.3630832,149.1652799,15.00
140.96,10,follower,-35.3630813,149.1652799,15.00
141.46,10,follower,-35.3630848,149.1652809,15.00
141.96,10,follower,-35.3630884,149.1652863,15.00
142.47,10,follower,-35.3630887,149.1652975,15.00
142.97,10,follower,-35.3630885,149.1653153,15.01
143.46,10,follower,-35.3630885,149.1653357,15.01
143.96,10,follower,-35.3630887,149.1653522,15.00
144.46,10,follower,-35.3630894,149.1653637,15.00
144.96,10,follower,-35.3630900,149.1653759,15.00
145.46,10,follower,-35.3630904,149.1653879,15.00
145.96,10,follower,-35.3630906,149.1654001,15.00
146.46,10,follower,-35.3630906,149.1654112,15.00
146.96,10,follower,-35.3630906,149.1654232,15.00
147.46,10,follower,-35.3630906,149.1654341,15.00
147.96,10,follower,-35.3630906,149.1654456,15.00
148.46,10,follower,-35.3630906,149.1654570,15.00
148.96,10,follower,-35.3630906,149.1654681,15.00
149.47,10,follower,-35.3630906,149.1654791,15.00
149.96,10,follower,-35.3630906,149.1654901,15.00
150.47,10,follower,-35.3630906,149.1655011,15.00
150.96,10,follower,-35.3630905,149.1655120,15.00
151.47,10,follower,-35.3630905,149.1655229,15.00
151.97,10,follower,-35.3630905,149.1655337,15.00
152.47,10,follower,-35.3630905,149.1655446,15.00
152.97,10,follower,-35.3630905,149.1655554,15.00
153.47,10,follower,-35.3630905,149.1655663,15.00
153.96,10,follower,-35.3630905,149.1655772,15.00
154.47,10,follower,-35.3630905,149.1655881,15.00
154.97,10,follower,-35.3630905,149.1655989,15.00
155.46,10,follower,-35.3630905,149.1656086,15.00
155.97,10,follower,-35.3630905,149.1656126,15.00
156.46,10,follower,-35.3630910,149.1656096,15.00
156.97,10,follower,-35.3630945,149.1656045,15.00
157.47,10,follower,-35.3631023,149.1656034,15.00
157.97,10,follower,-35.3631155,149.1656037,15.01
158.47,10,follower,-35.3631323,149.1656038,15.01
158.96,10,follower,-35.3631469,149.1656035,15.00
159.47,10,follower,-35.3631566,149.1656028,15.00
159.97,10,follower,-35.3631660,149.1656020,15.00
160.47,10,follower,-35.3631758,149.1656013,15.00
160.97,10,follower,-35.3631864,149.1656010,15.00
161.46,10,follower,-35.3631959,149.1656009,15.00
161.96,10,follower,-35.3632052,149.1656009,15.00
162.47,10,follower,-35.3632136,149.1656009,15.00
162.97,10,follower,-35.3632232,149.1656009,15.00
163.47,10,follower,-35.3632321,149.1656009,15.00
163.96,10,follower,-35.3632414,149.1656010,15.00
164.46,10,follower,-35.3632500,149.1656010,15.00
164.97,10,follower,-35.3632592,149.1656010,15.00
165.47,10,follower,-35.3632685,149.1656011,15.00
165.97,10,follower,-35.3632776,149.1656010,15.00
166.47,10,follower,-35.3632866,149.1656011,15.00
166.96,10,follower,-35.3632955,149.1656011,15.00
167.47,10,follower,-35.3633044,149.1656011,15.00
167.97,10,follower,-35.3633133,149.1656011,15.00
168.47,10,follower,-35.3633222,149.1656010,15.00
168.97,10,follower,-35.3633310,149.1656010,15.00
169.47,10,follower,-35.3633399,149.1656010,15.00
169.97,10,follower,-35.3633488,149.1656010,15.00
170.47,10,follower,-35.3633571,149.1656010,15.00
170.97,10,follower,-35.3633617,149.1656010,15.00
171.47,10,follower,-35.3633602,149.1656007,15.00
171.97,10,follower,-35.3633559,149.1655975,15.00
172.47,10,follower,-35.3633542,149.1655891,15.00
172.97,10,follower,-35.3633546,149.1655744,15.00
173.47,10,follower,-35.3633547,149.1655545,15.01
173.97,10,follower,-35.3633545,149.1655360,15.01
174.47,10,follower,-35.3633541,149.1655230,15.00
174.97,10,follower,-35.3633534,149.1655114,15.00
175.47,10,follower,-35.3633528,149.1654998,15.00
175.97,10,follower,-35.3633524,149.1654882,15.00
176.47,10,follower,-35.3633522,149.1654760,15.00
176.97,10,follower,-35.3633522,149.1654635,15.00
177.47,10,follower,-35.3633522,149.1654525,15.00
177.97,10,follower,-35.3633522,149.1654410,15.00
178.47,10,follower,-35.3633522,149.1654306,15.00
178.97,10,follower,-35.3633522,149.1654188,15.00
179.47,10,follower,-35.3633522,149.1654080,15.00
179.97,10,follower,-35.3633522,149.1653966,15.00
180.47,10,follower,-35.3633522,149.1653852,15.00
180.97,10,follower,-35.3633522,149.1653740,15.00
181.47,10,follower,-35.3633522,149.1653630,15.00
181.97,10,follower,-35.3633522,149.1653520,15.00
182.47,10,follower,-35.3633522,149.1653412,15.00
182.97,10,follower,-35.3633523,149.1653304,15.00
183.47,10,follower,-35.3633523,149.1653195,15.00
183.97,10,follower,-35.3633523,149.1653087,15.00
184.47,10,follower,-35.3633523,149.1652978,15.00
184.97,10,follower,-35.3633522,149.1652870,15.00
185.47,10,follower,-35.3633522,149.1652764,15.00
185.97,10,follower,-35.3633522,149.1652692,15.00
186.47,10,follower,-35.3633522,149.1652692,15.00
186.97,10,follower,-35.3633520,149.1652731,15.00
187.47,10,follower,-35.3633519,149.1652751,15.00
187.97,10,follower,-35.3633519,149.1652756,15.00
188.47,10,follower,-35.3633519,149.1652758,15.00
188.97,10,follower,-35.3633520,149.1652761,15.00
189.47,10,follower,-35.3633521,149.1652765,15.00
189.97,10,follower,-35.3633522,149.1652770,15.00
190.47,10,follower,-35.3633522,149.1652774,15.00
190.97,10,follower,-35.3633522,149.1652777,15.00
46.94,11,follower,-35.3632127,149.1651036,2.23
47.44,11,follower,-35.3632127,149.1651036,3.39
47.94,11,follower,-35.3632127,149.1651035,4.67
48.45,11,follower,-35.3632127,149.1651035,5.95
48.94,11,follower,-35.3632127,149.1651035,7.19
49.45,11,follower,-35.3632127,149.1651035,8.42
49.95,11,follower,-35.3632127,149.1651035,9.66
50.45,11,follower,-35.3632127,149.1651035,10.90
50.94,11,follower,-35.3632127,149.1651036,12.13
51.44,11,follower,-35.3632127,149.1651036,13.29
51.94,11,follower,-35.3632128,149.1651036,14.78
52.44,11,follower,-35.3632127,149.1651036,16.53
52.95,11,follower,-35.3632127,149.1651036,17.81
53.45,11,follower,-35.3632127,149.1651035,18.68
53.95,11,follower,-35.3632127,149.1651035,19.28
54.45,11,follower,-35.3632127,149.1651035,19.63
54.95,11,follower,-35.3632127,149.1651035,19.74
55.45,11,follower,-35.3632127,149.1651035,19.62
55.95,11,follower,-35.3632127,149.1651035,19.25
56.45,11,follower,-35.3632127,149.1651035,18.62
56.94,11,follower,-35.3632127,149.1651035,17.84
57.45,11,follower,-35.3632127,149.1651035,17.07
57.95,11,follower,-35.3632127,149.1651035,16.33
58.45,11,follower,-35.3632127,149.1651035,15.64
58.95,11,follower,-35.3632127,149.1651035,15.17
59.45,11,follower,-35.3632127,149.1651035,14.96
59.95,11,follower,-35.3632126,149.1651035,14.97
60.45,11,follower,-35.3632126,149.1651035,15.01
60.95,11,follower,-35.3632126,149.1651035,15.03
61.45,11,follower,-35.3632127,149.1651035,15.02
61.95,11,follower,-35.3632127,149.1651035,15.02
62.45,11,follower,-35.3632127,149.1651035,15.01
62.95,11,follower,-35.3632127,149.1651036,15.01
63.45,11,follower,-35.3632127,149.1651036,15.01
63.95,11,follower,-35.3632127,149.1651036,15.01
64.45,11,follower,-35.3632127,149.1651036,15.01
64.95,11,follower,-35.3632127,149.1651036,15.00
65.45,11,follower,-35.3632127,149.1651036,15.00
65.95,11,follower,-35.3632127,149.1651036,15.00
66.45,11,follower,-35.3632127,149.1651036,15.00
66.95,11,follower,-35.3632127,149.1651036,15.00
67.45,11,follower,-35.3632127,149.1651036,15.00
67.95,11,follower,-35.3632127,149.1651036,15.00
68.45,11,follower,-35.3632127,149.1651036,15.00
68.95,11,follower,-35.3632127,149.1651036,15.00
69.45,11,follower,-35.3632127,149.1651036,15.00
69.95,11,follower,-35.3632127,149.1651036,15.00
70.45,11,follower,-35.3632127,149.1651036,15.00
70.95,11,follower,-35.3632127,149.1651036,15.00
71.45,11,follower,-35.3632127,149.1651036,15.00
71.95,11,follower,-35.3632127,149.1651036,15.00
72.45,11,follower,-35.3632127,149.1651036,15.00
72.95,11,follower,-35.3632127,149.1651036,15.00
73.45,11,follower,-35.3632127,149.1651036,15.00
73.95,11,follower,-35.3632127,149.1651036,15.00
74.45,11,follower,-35.3632127,149.1651036,15.00
74.95,11,follower,-35.3632127,149.1651036,15.00
75.45,11,follower,-35.3632127,149.1651036,15.00
75.95,11,follower,-35.3632127,149.1651036,15.00
76.45,11,follower,-35.3632127,149.1651036,15.00
76.95,11,follower,-35.3632127,149.1651036,15.00
77.45,11,follower,-35.3632127,149.1651036,15.00
77.95,11,follower,-35.3632127,149.1651036,15.00
78.45,11,follower,-35.3632127,149.1651035,15.00
78.95,11,follower,-35.3632127,149.1651035,15.00
79.45,11,follower,-35.3632127,149.1651035,15.00
79.95,11,follower,-35.3632127,149.1651035,15.00
80.45,11,follower,-35.3632127,149.1651035,15.00
80.95,11,follower,-35.3632127,149.1651035,15.00
81.45,11,follower,-35.3632127,149.1651035,15.00
81.95,11,follower,-35.3632127,149.1651035,15.00
82.45,11,follower,-35.3632127,149.1651035,15.00
82.95,11,follower,-35.3632127,149.1651035,15.00
83.45,11,follower,-35.3632127,149.1651036,15.00
83.95,11,follower,-35.3632127,149.1651036,15.00
84.45,11,follower,-35.3632127,149.1651036,15.00
84.95,11,follower,-35.3632127,149.1651036,15.00
85.45,11,follower,-35.3632127,149.1651036,15.00
85.95,11,follower,-35.3632127,149.1651036,15.00
86.45,11,follower,-35.3632127,149.1651036,15.00
86.95,11,follower,-35.3632127,149.1651036,15.00
87.45,11,follower,-35.3632127,149.1651036,15.00
87.95,11,follower,-35.3632127,149.1651035,15.00
88.45,11,follower,-35.3632127,149.1651035,15.00
88.95,11,follower,-35.3632127,149.1651035,15.00
89.45,11,follower,-35.3632127,149.1651035,15.00
89.95,11,follower,-35.3632127,149.1651035,15.00
90.45,11,follower,-35.3632127,149.1651035,15.00
90.95,11,follower,-35.3632127,149.1651035,15.00
91.45,11,follower,-35.3632127,149.1651035,15.00
91.96,11,follower,-35.3632127,149.1651035,15.00
92.45,11,follower,-35.3632127,149.1651035,15.00
92.95,11,follower,-35.3632127,149.1651035,15.00
93.45,11,follower,-35.3632127,149.1651035,15.00
93.95,11,follower,-35.3632127,149.1651035,15.00
94.45,11,follower,-35.3632127,149.1651035,15.00
94.95,11,follower,-35.3632127,149.1651035,15.00
95.45,11,follower,-35.3632127,149.1651035,15.00
95.96,11,follower,-35.3632127,149.1651036,15.00
96.46,11,follower,-35.3632127,149.1651036,15.00
96.95,11,follower,-35.3632127,149.1651036,15.00
97.45,11,follower,-35.3632127,149.1651036,15.00
97.96,11,follower,-35.3632127,149.1651036,15.00
98.45,11,follower,-35.3632127,149.1651036,15.00
98.96,11,follower,-35.3632127,149.1651036,15.00
99.45,11,follower,-35.3632127,149.1651036,15.00
99.96,11,follower,-35.3632127,149.1651036,15.00
100.45,11,follower,-35.3632127,149.1651036,15.00
100.95,11,follower,-35.3632127,149.1651036,15.00
101.45,11,follower,-35.3632127,149.1651036,15.00
101.96,11,follower,-35.3632127,149.1651036,15.00
102.45,11,follower,-35.3632127,149.1651036,15.00
102.95,11,follower,-35.3632127,149.1651036,15.00
103.46,11,follower,-35.3632127,149.1651036,15.00
103.96,11,follower,-35.3632127,149.1651036,15.00
104.45,11,follower,-35.3632127,149.1651036,15.00
104.95,11,follower,-35.3632127,149.1651036,15.00
105.46,11,follower,-35.3632127,149.1651036,15.00
105.96,11,follower,-35.3632127,149.1651036,15.00
106.46,11,follower,-35.3632127,149.1651036,15.00
106.96,11,follower,-35.3632127,149.1651036,15.00
107.46,11,follower,-35.3632127,149.1651036,15.00
107.96,11,follower,-35.3632127,149.1651036,15.00
108.46,11,follower,-35.3632127,149.1651036,15.00
108.96,11,follower,-35.3632127,149.1651036,15.00
109.46,11,follower,-35.3632127,149.1651036,15.00
109.96,11,follower,-35.3632127,149.1651036,15.00
110.46,11,follower,-35.3632127,149.1651036,15.00
110.96,11,follower,-35.3632127,149.1651036,15.00
111.46,11,follower,-35.3632127,149.1651036,15.00
111.96,11,follower,-35.3632127,149.1651036,15.00
112.46,11,follower,-35.3632127,149.1651036,15.00
112.96,11,follower,-35.3632127,149.1651036,15.00
113.46,11,follower,-35.3632127,149.1651036,15.00
113.96,11,follower,-35.3632127,149.1651036,15.00
114.46,11,follower,-35.3632127,149.1651036,15.00
114.96,11,follower,-35.3632127,149.1651036,15.00
115.46,11,follower,-35.3632127,149.1651036,15.00
115.96,11,follower,-35.3632127,149.1651036,15.00
116.46,11,follower,-35.3632127,149.1651036,15.00
116.96,11,follower,-35.3632127,149.1651036,15.00
117.46,11,follower,-35.3632127,149.1651036,15.00
117.96,11,follower,-35.3632127,149.1651036,15.00
118.46,11,follower,-35.3632127,149.1651036,15.00
118.96,11,follower,-35.3632127,149.1651036,15.00
119.46,11,follower,-35.3632127,149.1651036,15.00
119.96,11,follower,-35.3632127,149.1651036,15.00
120.46,11,follower,-35.3632127,149.1651036,15.00
120.96,11,follower,-35.3632127,149.1651036,15.00
121.46,11,follower,-35.3632127,149.1651036,15.00
121.96,11,follower,-35.3632127,149.1651036,15.00
122.46,11,follower,-35.3632127,149.1651036,15.00
122.96,11,follower,-35.3632127,149.1651036,15.00
123.46,11,follower,-35.3632127,149.1651036,15.00
123.96,11,follower,-35.3632127,149.1651036,15.00
124.46,11,follower,-35.3632127,149.1651036,15.00
124.96,11,follower,-35.3632127,149.1651035,15.00
125.46,11,follower,-35.3632106,149.1651034,15.00
125.96,11,follower,-35.3632027,149.1651033,15.00
126.46,11,follower,-35.3631900,149.1651032,15.00
126.96,11,follower,-35.3631773,149.1651033,15.00
127.46,11,follower,-35.3631677,149.1651033,15.00
127.96,11,follower,-35.3631586,149.1651034,15.00
128.46,11,follower,-35.3631500,149.1651034,15.00
128.96,11,follower,-35.3631405,149.1651033,15.00
129.46,11,follower,-35.3631312,149.1651033,15.00
129.96,11,follower,-35.3631217,149.1651033,15.00
130.46,11,follower,-35.3631122,149.1651033,15.00
130.96,11,follower,-35.3631030,149.1651033,15.00
131.46,11,follower,-35.3630941,149.1651033,15.00
131.96,11,follower,-35.3630852,149.1651033,15.00
132.46,11,follower,-35.3630764,149.1651033,15.00
132.96,11,follower,-35.3630675,149.1651033,15.00
133.46,11,follower,-35.3630586,149.1651033,15.00
133.96,11,follower,-35.3630497,149.1651033,15.00
134.46,11,follower,-35.3630408,149.1651033,15.00
134.96,11,follower,-35.3630319,149.1651033,15.00
135.46,11,follower,-35.3630230,149.1651033,15.00
135.96,11,follower,-35.3630142,149.1651033,15.00
136.46,11,follower,-35.3630054,149.1651033,15.00
136.96,11,follower,-35.3629966,149.1651033,15.00
137.46,11,follower,-35.3629878,149.1651033,15.00
137.96,11,follower,-35.3629790,149.1651033,15.00
138.46,11,follower,-35.3629701,149.1651033,15.00
138.96,11,follower,-35.3629612,149.1651033,15.00
139.46,11,follower,-35.3629516,149.1651033,15.00
139.96,11,follower,-35.3629417,149.1651033,15.00
140.46,11,follower,-35.3629351,149.1651033,15.00
140.96,11,follower,-35.3629342,149.1651033,15.00
141.46,11,follower,-35.3629381,149.1651047,15.00
141.96,11,follower,-35.3629413,149.1651108,15.00
142.47,11,follower,-35.3629412,149.1651227,15.00
142.96,11,follower,-35.3629409,149.1651410,15.01
143.46,11,follower,-35.3629407,149.1651607,15.01
143.96,11,follower,-35.3629410,149.1651760,15.00
144.47,11,follower,-35.3629416,149.1651885,15.00
144.96,11,follower,-35.3629422,149.1652004,15.00
145.47,11,follower,-35.3629427,149.1652121,15.00
145.96,11,follower,-35.3629429,149.1652239,15.00
146.47,11,follower,-35.3629429,149.1652354,15.00
146.97,11,follower,-35.3629429,149.1652467,15.00
147.47,11,follower,-35.3629429,149.1652578,15.00
147.96,11,follower,-35.3629429,149.1652687,15.00
148.47,11,follower,-35.3629429,149.1652796,15.00
148.96,11,follower,-35.3629429,149.1652905,15.00
149.46,11,follower,-35.3629429,149.1653013,15.00
149.96,11,follower,-35.3629429,149.1653122,15.00
150.47,11,follower,-35.3629429,149.1653231,15.00
150.96,11,follower,-35.3629428,149.1653340,15.00
151.46,11,follower,-35.3629428,149.1653449,15.00
151.97,11,follower,-35.3629427,149.1653558,15.00
152.47,11,follower,-35.3629427,149.1653666,15.00
152.97,11,follower,-35.3629428,149.1653775,15.00
153.47,11,follower,-35.3629428,149.1653883,15.00
153.96,11,follower,-35.3629428,149.1653992,15.00
154.46,11,follower,-35.3629429,149.1654109,15.00
154.96,11,follower,-35.3629429,149.1654230,15.00
155.46,11,follower,-35.3629429,149.1654318,15.00
155.96,11,follower,-35.3629432,149.1654345,15.00
156.46,11,follower,-35.3629448,149.1654309,15.00
156.97,11,follower,-35.3629499,149.1654277,15.00
157.47,11,follower,-35.3629601,149.1654274,15.00
157.96,11,follower,-35.3629753,149.1654275,15.01
158.47,11,follower,-35.3629907,149.1654273,15.01
158.97,11,follower,-35.3630017,149.1654269,15.00
159.46,11,follower,-35.3630101,149.1654261,15.00
159.97,11,follower,-35.3630195,149.1654252,15.00
160.47,11,follower,-35.3630293,149.1654247,15.00
160.97,11,follower,-35.3630391,149.1654244,15.00
161.47,11,follower,-35.3630485,149.1654244,15.00
161.97,11,follower,-35.3630576,149.1654244,15.00
162.47,11,follower,-35.3630665,149.1654244,15.00
162.97,11,follower,-35.3630754,149.1654244,15.00
163.47,11,follower,-35.3630843,149.1654244,15.00
163.97,11,follower,-35.3630932,149.1654244,15.00
164.47,11,follower,-35.3631020,149.1654244,15.00
164.97,11,follower,-35.3631109,149.1654244,15.00
165.47,11,follower,-35.3631198,149.1654244,15.00
165.97,11,follower,-35.3631287,149.1654244,15.00
166.47,11,follower,-35.3631376,149.1654244,15.00
166.97,11,follower,-35.3631466,149.1654244,15.00
167.47,11,follower,-35.3631555,149.1654244,15.00
167.97,11,follower,-35.3631644,149.1654244,15.00
168.47,11,follower,-35.3631732,149.1654244,15.00
168.97,11,follower,-35.3631821,149.1654244,15.00
169.47,11,follower,-35.3631911,149.1654244,15.00
169.97,11,follower,-35.3632000,149.1654244,15.00
170.47,11,follower,-35.3632080,149.1654244,15.00
170.97,11,follower,-35.3632126,149.1654242,15.00
171.47,11,follower,-35.3632118,149.1654233,15.00
171.97,11,follower,-35.3632086,149.1654190,15.00
172.47,11,follower,-35.3632076,149.1654090,15.00
172.97,11,follower,-35.3632074,149.1653922,15.01
173.47,11,follower,-35.3632071,149.1653732,15.01
173.97,11,follower,-35.3632067,149.1653575,15.00
174.47,11,follower,-35.3632059,149.1653459,15.00
174.97,11,follower,-35.3632052,149.1653341,15.00
175.47,11,follower,-35.3632049,149.1653226,15.00
175.97,11,follower,-35.3632047,149.1653100,15.00
176.47,11,follower,-35.3632045,149.1652978,15.00
176.97,11,follower,-35.3632045,149.1652866,15.00
177.47,11,follower,-35.3632045,149.1652762,15.00
177.97,11,follower,-35.3632045,149.1652648,15.00
178.47,11,follower,-35.3632045,149.1652534,15.00
178.97,11,follower,-35.3632045,149.1652422,15.00
179.47,11,follower,-35.3632045,149.1652312,15.00
179.97,11,follower,-35.3632045,149.1652203,15.00
180.47,11,follower,-35.3632045,149.1652093,15.00
180.97,11,follower,-35.3632045,149.1651985,15.00
181.47,11,follower,-35.3632046,149.1651876,15.00
181.97,11,follower,-35.3632046,149.1651767,15.00
182.47,11,follower,-35.3632046,149.1651658,15.00
182.97,11,follower,-35.3632046,149.1651549,15.00
183.47,11,follower,-35.3632046,149.1651440,15.00
183.97,11,follower,-35.3632046,149.1651331,15.00
184.47,11,follower,-35.3632046,149.1651223,15.00
184.97,11,follower,-35.3632046,149.1651114,15.00
185.47,11,follower,-35.3632046,149.1651007,15.00
185.97,11,follower,-35.3632046,149.1650929,15.00
186.47,11,follower,-35.3632045,149.1650923,15.00
186.97,11,follower,-35.3632043,149.1650964,15.00
187.47,11,follower,-35.3632041,149.1650989,15.00
187.97,11,follower,-35.3632042,149.1650993,15.00
188.47,11,follower,-35.3632042,149.1650994,15.00
188.98,11,follower,-35.3632043,149.1650996,15.00
189.47,11,follower,-35.3632044,149.1651000,15.00
189.97,11,follower,-35.3632045,149.1651004,15.00
190.47,11,follower,-35.3632045,149.1651008,15.00
190.97,11,follower,-35.3632045,149.1651011,15.00
46.95,12,follower,-35.3632252,149.1653693,2.23
47.45,12,follower,-35.3632251,149.1653693,3.39
47.94,12,follower,-35.3632251,149.1653692,4.67
48.44,12,follower,-35.3632251,149.1653692,5.95
48.95,12,follower,-35.3632251,149.1653692,7.19
49.45,12,follower,-35.3632251,149.1653692,8.42
49.95,12,follower,-35.3632251,149.1653692,9.66
50.44,12,follower,-35.3632251,149.1653692,10.90
50.94,12,follower,-35.3632251,149.1653693,12.13
51.44,12,follower,-35.3632251,149.1653693,13.27
51.94,12,follower,-35.3632252,149.1653693,14.61
52.45,12,follower,-35.3632252,149.1653693,16.26
52.95,12,follower,-35.3632252,149.1653692,17.50
53.44,12,follower,-35.3632252,149.1653691,18.36
53.94,12,follower,-35.3632252,149.1653691,18.94
54.45,12,follower,-35.3632252,149.1653691,19.27
54.95,12,follower,-35.3632252,149.1653691,19.36
55.45,12,follower,-35.3632252,149.1653691,19.22
55.95,12,follower,-35.3632252,149.1653691,18.83
56.45,12,follower,-35.3632252,149.1653691,18.18
56.95,12,follower,-35.3632252,149.1653691,17.40
57.45,12,follower,-35.3632252,149.1653691,16.63
57.95,12,follower,-35.3632252,149.1653691,15.90
58.45,12,follower,-35.3632252,149.1653691,15.32
58.95,12,follower,-35.3632252,149.1653691,15.01
59.45,12,follower,-35.3632252,149.1653691,14.95
59.95,12,follower,-35.3632252,149.1653691,15.00
60.45,12,follower,-35.3632252,149.1653691,15.02
60.95,12,follower,-35.3632252,149.1653691,15.02
61.45,12,follower,-35.3632252,149.1653691,15.02
61.95,12,follower,-35.3632252,149.1653691,15.01
62.45,12,follower,-35.3632252,149.1653692,15.01
62.95,12,follower,-35.3632252,149.1653692,15.01
63.45,12,follower,-35.3632252,149.1653692,15.01
63.95,12,follower,-35.3632252,149.1653692,15.01
64.45,12,follower,-35.3632252,149.1653692,15.01
64.95,12,follower,-35.3632252,149.1653692,15.00
65.45,12,follower,-35.3632252,149.1653692,15.00
65.95,12,follower,-35.3632252,149.1653692,15.00
66.45,12,follower,-35.3632252,149.1653692,15.00
66.95,12,follower,-35.3632252,149.1653692,15.00
67.45,12,follower,-35.3632252,149.1653692,15.00
67.95,12,follower,-35.3632252,149.1653692,15.00
68.45,12,follower,-35.3632252,149.1653692,15.00
68.95,12,follower,-35.3632252,149.1653692,15.00
69.45,12,follower,-35.3632252,149.1653692,15.00
69.95,12,follower,-35.3632252,149.1653692,15.00
70.45,12,follower,-35.3632252,149.1653692,15.00
70.95,12,follower,-35.3632252,149.1653692,15.00
71.45,12,follower,-35.3632252,149.1653692,15.00
71.95,12,follower,-35.3632252,149.1653692,15.00
72.45,12,follower,-35.3632252,149.1653692,15.00
72.95,12,follower,-35.3632252,149.1653692,15.00
73.45,12,follower,-35.3632252,149.1653692,15.00
73.95,12,follower,-35.3632252,149.1653692,15.00
74.45,12,follower,-35.3632252,149.1653692,15.00
74.95,12,follower,-35.3632252,149.1653692,15.00
75.45,12,follower,-35.3632252,149.1653692,15.00
75.95,12,follower,-35.3632252,149.1653692,15.00
76.45,12,follower,-35.3632252,149.1653692,15.00
76.95,12,follower,-35.3632252,149.1653692,15.00
77.45,12,follower,-35.3632252,149.1653692,15.00
77.95,12,follower,-35.3632252,149.1653692,15.00
78.45,12,follower,-35.3632252,149.1653692,15.00
78.95,12,follower,-35.3632252,149.1653692,15.00
79.45,12,follower,-35.3632252,149.1653691,15.00
79.95,12,follower,-35.3632252,149.1653691,15.00
80.45,12,follower,-35.3632252,149.1653691,15.00
80.95,12,follower,-35.3632252,149.1653691,15.00
81.45,12,follower,-35.3632252,149.1653691,15.00
81.95,12,follower,-35.3632252,149.1653691,15.00
82.45,12,follower,-35.3632252,149.1653691,15.00
82.95,12,follower,-35.3632252,149.1653691,15.00
83.45,12,follower,-35.3632252,149.1653692,15.00
83.95,12,follower,-35.3632252,149.1653692,15.00
84.45,12,follower,-35.3632252,149.1653692,15.00
84.95,12,follower,-35.3632252,149.1653692,15.00
85.45,12,follower,-35.3632252,149.1653692,15.00
85.95,12,follower,-35.3632252,149.1653692,15.00
86.46,12,follower,-35.3632252,149.1653692,15.00
86.95,12,follower,-35.3632252,149.1653692,15.00
87.45,12,follower,-35.3632252,149.1653692,15.00
87.95,12,follower,-35.3632252,149.1653692,15.00
88.46,12,follower,-35.3632252,149.1653692,15.00
88.95,12,follower,-35.3632252,149.1653692,15.00
89.45,12,follower,-35.3632252,149.1653692,15.00
89.96,12,follower,-35.3632252,149.1653692,15.00
90.45,12,follower,-35.3632252,149.1653692,15.00
90.95,12,follower,-35.3632252,149.1653692,15.00
91.45,12,follower,-35.3632252,149.1653692,15.00
91.95,12,follower,-35.3632252,149.1653692,15.00
92.45,12,follower,-35.3632252,149.1653692,15.00
92.95,12,follower,-35.3632252,149.1653692,15.00
93.46,12,follower,-35.3632252,149.1653692,15.00
93.95,12,follower,-35.3632252,149.1653692,15.00
94.46,12,follower,-35.3632252,149.1653692,15.00
94.95,12,follower,-35.3632252,149.1653692,15.00
95.45,12,follower,-35.3632252,149.1653692,15.00
95.96,12,follower,-35.3632252,149.1653692,15.00
96.45,12,follower,-35.3632252,149.1653692,15.00
96.95,12,follower,-35.3632252,149.1653692,15.00
97.46,12,follower,-35.3632252,149.1653692,15.00
97.95,12,follower,-35.3632252,149.1653692,15.00
98.45,12,follower,-35.3632252,149.1653692,15.00
98.95,12,follower,-35.3632252,149.1653692,15.00
99.46,12,follower,-35.3632252,149.1653692,15.00
99.96,12,follower,-35.3632252,149.1653692,15.00
100.45,12,follower,-35.3632252,149.1653692,15.00
100.96,12,follower,-35.3632252,149.1653692,15.00
101.46,12,follower,-35.3632252,149.1653692,15.00
101.96,12,follower,-35.3632252,149.1653692,15.00
102.45,12,follower,-35.3632252,149.1653692,15.00
102.95,12,follower,-35.3632252,149.1653692,15.00
103.46,12,follower,-35.3632252,149.1653692,15.00
103.96,12,follower,-35.3632252,149.1653692,15.00
104.46,12,follower,-35.3632252,149.1653692,15.00
104.96,12,follower,-35.3632252,149.1653692,15.00
105.46,12,follower,-35.3632252,149.1653692,15.00
105.95,12,follower,-35.3632252,149.1653692,15.00
106.46,12,follower,-35.3632252,149.1653692,15.00
106.95,12,follower,-35.3632252,149.1653692,15.00
107.46,12,follower,-35.3632252,149.1653692,15.00
107.96,12,follower,-35.3632252,149.1653692,15.00
108.45,12,follower,-35.3632252,149.1653692,15.00
108.95,12,follower,-35.3632252,149.1653692,15.00
109.46,12,follower,-35.3632252,149.1653692,15.00
109.96,12,follower,-35.3632252,149.1653692,15.00
110.45,12,follower,-35.3632252,149.1653692,15.00
110.96,12,follower,-35.3632252,149.1653692,15.00
111.45,12,follower,-35.3632252,149.1653692,15.00
111.96,12,follower,-35.3632252,149.1653692,15.00
112.46,12,follower,-35.3632252,149.1653692,15.00
112.96,12,follower,-35.3632252,149.1653692,15.00
113.46,12,follower,-35.3632252,149.1653692,15.00
113.96,12,follower,-35.3632252,149.1653692,15.00
114.46,12,follower,-35.3632252,149.1653692,15.00
114.96,12,follower,-35.3632252,149.1653692,15.00
115.46,12,follower,-35.3632252,149.1653692,15.00
115.96,12,follower,-35.3632252,149.1653692,15.00
116.46,12,follower,-35.3632252,149.1653692,15.00
116.96,12,follower,-35.3632252,149.1653692,15.00
117.46,12,follower,-35.3632252,149.1653692,15.00
117.96,12,follower,-35.3632252,149.1653692,15.00
118.46,12,follower,-35.3632252,149.1653692,15.00
118.96,12,follower,-35.3632252,149.1653692,15.00
119.46,12,follower,-35.3632252,149.1653692,15.00
119.96,12,follower,-35.3632252,149.1653692,15.00
120.46,12,follower,-35.3632252,149.1653692,15.00
120.96,12,follower,-35.3632252,149.1653692,15.00
121.46,12,follower,-35.3632252,149.1653692,15.00
121.96,12,follower,-35.3632252,149.1653692,15.00
122.46,12,follower,-35.3632252,149.1653692,15.00
122.96,12,follower,-35.3632252,149.1653692,15.00
123.46,12,follower,-35.3632252,149.1653692,15.00
123.96,12,follower,-35.3632252,149.1653692,15.00
124.46,12,follower,-35.3632252,149.1653692,15.00
124.96,12,follower,-35.3632252,149.1653692,15.00
125.46,12,follower,-35.3632231,149.1653691,15.00
125.96,12,follower,-35.3632152,149.1653689,15.00
126.46,12,follower,-35.3632025,149.1653688,15.00
126.96,12,follower,-35.3631899,149.1653688,15.00
127.46,12,follower,-35.3631803,149.1653688,15.00
127.96,12,follower,-35.3631712,149.1653689,15.00
128.46,12,follower,-35.3631626,149.1653690,15.00
128.96,12,follower,-35.3631530,149.1653690,15.00
129.46,12,follower,-35.3631438,149.1653690,15.00
129.96,12,follower,-35.3631342,149.1653689,15.00
130.46,12,follower,-35.3631247,149.1653690,15.00
130.96,12,follower,-35.3631156,149.1653690,15.00
131.46,12,follower,-35.3631067,149.1653689,15.00
131.96,12,follower,-35.3630977,149.1653689,15.00
132.46,12,follower,-35.3630888,149.1653689,15.00
132.96,12,follower,-35.3630799,149.1653689,15.00
133.46,12,follower,-35.3630710,149.1653689,15.00
133.96,12,follower,-35.3630622,149.1653689,15.00
134.46,12,follower,-35.3630533,149.1653689,15.00
134.96,12,follower,-35.3630444,149.1653689,15.00
135.46,12,follower,-35.3630356,149.1653689,15.00
135.96,12,follower,-35.3630267,149.1653689,15.00
136.46,12,follower,-35.3630178,149.1653689,15.00
136.96,12,follower,-35.3630090,149.1653689,15.00
137.46,12,follower,-35.3630001,149.1653689,15.00
137.96,12,follower,-35.3629913,149.1653689,15.00
138.46,12,follower,-35.3629824,149.1653689,15.00
138.96,12,follower,-35.3629736,149.1653689,15.00
139.46,12,follower,-35.3629640,149.1653689,15.00
139.96,12,follower,-35.3629541,149.1653689,15.00
140.46,12,follower,-35.3629475,149.1653689,15.00
140.97,12,follower,-35.3629467,149.1653689,15.00
141.47,12,follower,-35.3629506,149.1653704,15.00
141.96,12,follower,-35.3629538,149.1653766,15.00
142.47,12,follower,-35.3629537,149.1653885,15.00
142.96,12,follower,-35.3629534,149.1654070,15.01
143.47,12,follower,-35.3629532,149.1654268,15.01
143.96,12,follower,-35.3629535,149.1654420,15.00
144.47,12,follower,-35.3629541,149.1654545,15.00
144.96,12,follower,-35.3629547,149.1654663,15.00
145.46,12,follower,-35.3629552,149.1654780,15.00
145.96,12,follower,-35.3629554,149.1654897,15.00
146.47,12,follower,-35.3629554,149.1655013,15.00
146.97,12,follower,-35.3629553,149.1655126,15.00
147.46,12,follower,-35.3629553,149.1655236,15.00
147.96,12,follower,-35.3629553,149.1655346,15.00
148.46,12,follower,-35.3629553,149.1655455,15.00
148.96,12,follower,-35.3629553,149.1655565,15.00
149.47,12,follower,-35.3629553,149.1655674,15.00
149.96,12,follower,-35.3629553,149.1655784,15.00
150.47,12,follower,-35.3629553,149.1655893,15.00
150.97,12,follower,-35.3629553,149.1656001,15.00
151.46,12,follower,-35.3629553,149.1656110,15.00
151.97,12,follower,-35.3629553,149.1656219,15.00
152.46,12,follower,-35.3629553,149.1656328,15.00
152.96,12,follower,-35.3629553,149.1656437,15.00
153.47,12,follower,-35.3629553,149.1656545,15.00
153.97,12,follower,-35.3629553,149.1656655,15.00
154.47,12,follower,-35.3629553,149.1656765,15.00
154.97,12,follower,-35.3629553,149.1656874,15.00
155.47,12,follower,-35.3629553,149.1656972,15.00
155.97,12,follower,-35.3629553,149.1657016,15.00
156.46,12,follower,-35.3629559,149.1656988,15.00
156.97,12,follower,-35.3629594,149.1656940,15.00
157.47,12,follower,-35.3629673,149.1656929,15.00
157.97,12,follower,-35.3629807,149.1656931,15.01
158.47,12,follower,-35.3629973,149.1656930,15.01
158.97,12,follower,-35.3630114,149.1656925,15.00
159.47,12,follower,-35.3630210,149.1656917,15.00
159.97,12,follower,-35.3630310,149.1656909,15.00
160.47,12,follower,-35.3630413,149.1656903,15.00
160.97,12,follower,-35.3630515,149.1656900,15.00
161.47,12,follower,-35.3630606,149.1656899,15.00
161.97,12,follower,-35.3630698,149.1656899,15.00
162.46,12,follower,-35.3630783,149.1656899,15.00
162.97,12,follower,-35.3630879,149.1656899,15.00
163.47,12,follower,-35.3630973,149.1656899,15.00
163.97,12,follower,-35.3631064,149.1656899,15.00
164.47,12,follower,-35.3631154,149.1656900,15.00
164.97,12,follower,-35.3631243,149.1656900,15.00
165.47,12,follower,-35.3631332,149.1656900,15.00
165.97,12,follower,-35.3631421,149.1656900,15.00
166.47,12,follower,-35.3631510,149.1656900,15.00
166.97,12,follower,-35.3631599,149.1656900,15.00
167.47,12,follower,-35.3631688,149.1656900,15.00
167.97,12,follower,-35.3631777,149.1656900,15.00
168.47,12,follower,-35.3631866,149.1656900,15.00
168.97,12,follower,-35.3631954,149.1656900,15.00
169.47,12,follower,-35.3632042,149.1656900,15.00
169.97,12,follower,-35.3632130,149.1656900,15.00
170.47,12,follower,-35.3632214,149.1656900,15.00
170.97,12,follower,-35.3632264,149.1656900,15.00
171.47,12,follower,-35.3632253,149.1656898,15.00
171.97,12,follower,-35.3632210,149.1656868,15.00
172.47,12,follower,-35.3632191,149.1656788,15.00
172.97,12,follower,-35.3632194,149.1656644,15.00
173.47,12,follower,-35.3632195,149.1656442,15.01
173.97,12,follower,-35.3632193,149.1656236,15.01
174.47,12,follower,-35.3632188,149.1656088,15.00
174.97,12,follower,-35.3632182,149.1655975,15.00
175.47,12,follower,-35.3632175,149.1655871,15.00
175.97,12,follower,-35.3632171,149.1655749,15.00
176.47,12,follower,-35.3632170,149.1655636,15.00
176.97,12,follower,-35.3632170,149.1655522,15.00
177.47,12,follower,-35.3632169,149.1655419,15.00
177.97,12,follower,-35.3632169,149.1655302,15.00
178.47,12,follower,-35.3632170,149.1655186,15.00
178.97,12,follower,-35.3632170,149.1655074,15.00
179.47,12,follower,-35.3632170,149.1654964,15.00
179.97,12,follower,-35.3632170,149.1654854,15.00
180.47,12,follower,-35.3632170,149.1654744,15.00
180.97,12,follower,-35.3632170,149.1654634,15.00
181.47,12,follower,-35.3632171,149.1654525,15.00
181.97,12,follower,-35.3632171,149.1654414,15.00
182.47,12,follower,-35.3632171,149.1654305,15.00
182.97,12,follower,-35.3632171,149.1654196,15.00
183.47,12,follower,-35.3632171,149.1654086,15.00
183.97,12,follower,-35.3632171,149.1653977,15.00
184.47,12,follower,-35.3632171,149.1653868,15.00
184.97,12,follower,-35.3632171,149.1653760,15.00
185.47,12,follower,-35.3632171,149.1653654,15.00
185.97,12,follower,-35.3632170,149.1653581,15.00
186.47,12,follower,-35.3632170,149.1653581,15.00
186.97,12,follower,-35.3632168,149.1653621,15.01
187.47,12,follower,-35.3632166,149.1653642,15.00
187.97,12,follower,-35.3632167,149.1653647,15.00
188.47,12,follower,-35.3632167,149.1653648,15.00
188.97,12,follower,-35.3632168,149.1653651,15.00
189.47,12,follower,-35.3632169,149.1653655,15.00
189.97,12,follower,-35.3632170,149.1653660,15.00
190.47,12,follower,-35.3632170,149.1653664,15.00
190.97,12,follower,-35.3632170,149.1653667,15.00
46.95,13,follower,-35.3633685,149.1651532,2.23
47.45,13,follower,-35.3633685,149.1651532,3.39
47.95,13,follower,-35.3633685,149.1651532,4.67
48.45,13,follower,-35.3633685,149.1651532,5.95
48.95,13,follower,-35.3633685,149.1651532,7.19
49.45,13,follower,-35.3633685,149.1651532,8.42
49.95,13,follower,-35.3633685,149.1651532,9.66
50.45,13,follower,-35.3633685,149.1651532,10.90
50.95,13,follower,-35.3633685,149.1651532,12.13
51.45,13,follower,-35.3633685,149.1651532,13.28
51.95,13,follower,-35.3633685,149.1651532,14.71
52.45,13,follower,-35.3633685,149.1651532,16.43
52.95,13,follower,-35.3633685,149.1651532,17.70
53.45,13,follower,-35.3633685,149.1651532,18.57
53.95,13,follower,-35.3633685,149.1651532,19.15
54.45,13,follower,-35.3633685,149.1651532,19.50
54.95,13,follower,-35.3633685,149.1651532,19.60
55.45,13,follower,-35.3633685,149.1651532,19.47
55.95,13,follower,-35.3633684,149.1651532,19.10
56.45,13,follower,-35.3633684,149.1651532,18.46
56.95,13,follower,-35.3633684,149.1651532,17.68
57.45,13,follower,-35.3633684,149.1651532,16.91
57.95,13,follower,-35.3633684,149.1651532,16.17
58.45,13,follower,-35.3633684,149.1651532,15.52
58.95,13,follower,-35.3633684,149.1651532,15.10
59.45,13,follower,-35.3633684,149.1651532,14.95
59.95,13,follower,-35.3633683,149.1651532,14.98
60.45,13,follower,-35.3633683,149.1651532,15.02
60.95,13,follower,-35.3633683,149.1651532,15.03
61.45,13,follower,-35.3633683,149.1651532,15.02
61.95,13,follower,-35.3633684,149.1651532,15.02
62.45,13,follower,-35.3633684,149.1651533,15.01
62.95,13,follower,-35.3633684,149.1651533,15.01
63.45,13,follower,-35.3633684,149.1651533,15.01
63.95,13,follower,-35.3633684,149.1651533,15.01
64.45,13,follower,-35.3633684,149.1651533,15.01
64.95,13,follower,-35.3633684,149.1651533,15.00
65.45,13,follower,-35.3633684,149.1651533,15.00
65.95,13,follower,-35.3633684,149.1651533,15.00
66.45,13,follower,-35.3633684,149.1651533,15.00
66.95,13,follower,-35.3633684,149.1651533,15.00
67.45,13,follower,-35.3633684,149.1651533,15.00
67.95,13,follower,-35.3633684,149.1651533,15.00
68.45,13,follower,-35.3633684,149.1651533,15.00
68.95,13,follower,-35.3633684,149.1651533,15.00
69.45,13,follower,-35.3633684,149.1651533,15.00
69.95,13,follower,-35.3633684,149.1651533,15.00
70.45,13,follower,-35.3633684,149.1651533,15.00
70.95,13,follower,-35.3633684,149.1651533,15.00
71.45,13,follower,-35.3633684,149.1651533,15.00
71.95,13,follower,-35.3633684,149.1651533,15.00
72.45,13,follower,-35.3633684,149.1651533,15.00
72.95,13,follower,-35.3633684,149.1651533,15.00
73.45,13,follower,-35.3633684,149.1651533,15.00
73.95,13,follower,-35.3633684,149.1651533,15.00
74.45,13,follower,-35.3633684,149.1651533,15.00
74.95,13,follower,-35.3633684,149.1651533,15.00
75.45,13,follower,-35.3633684,149.1651533,15.00
75.95,13,follower,-35.3633684,149.1651533,15.00
76.45,13,follower,-35.3633684,149.1651533,15.00
76.95,13,follower,-35.3633684,149.1651533,15.00
77.46,13,follower,-35.3633684,149.1651533,15.00
77.95,13,follower,-35.3633684,149.1651532,15.00
78.45,13,follower,-35.3633684,149.1651532,15.00
78.95,13,follower,-35.3633684,149.1651532,15.00
79.45,13,follower,-35.3633684,149.1651532,15.00
79.96,13,follower,-35.3633684,149.1651532,15.00
80.46,13,follower,-35.3633684,149.1651532,15.00
80.95,13,follower,-35.3633684,149.1651532,15.00
81.45,13,follower,-35.3633684,149.1651532,15.00
81.95,13,follower,-35.3633684,149.1651532,15.00
82.45,13,follower,-35.3633684,149.1651532,15.00
82.95,13,follower,-35.3633684,149.1651533,15.00
83.46,13,follower,-35.3633684,149.1651533,15.00
83.95,13,follower,-35.3633684,149.1651533,15.00
84.46,13,follower,-35.3633684,149.1651533,15.00
84.95,13,follower,-35.3633684,149.1651533,15.00
85.46,13,follower,-35.3633684,149.1651533,15.00
85.95,13,follower,-35.3633684,149.1651533,15.00
86.46,13,follower,-35.3633684,149.1651533,15.00
86.95,13,follower,-35.3633684,149.1651533,15.00
87.45,13,follower,-35.3633684,149.1651533,15.00
87.96,13,follower,-35.3633684,149.1651533,15.00
88.45,13,follower,-35.3633684,149.1651533,15.00
88.95,13,follower,-35.3633684,149.1651533,15.00
89.46,13,follower,-35.3633684,149.1651533,15.00
89.96,13,follower,-35.3633684,149.1651533,15.00
90.45,13,follower,-35.3633684,149.1651533,15.00
90.96,13,follower,-35.3633684,149.1651533,15.00
91.46,13,follower,-35.3633684,149.1651533,15.00
91.95,13,follower,-35.3633684,149.1651533,15.00
92.45,13,follower,-35.3633684,149.1651533,15.00
92.95,13,follower,-35.3633684,149.1651533,15.00
93.46,13,follower,-35.3633684,149.1651533,15.00
93.96,13,follower,-35.3633684,149.1651533,15.00
94.46,13,follower,-35.3633684,149.1651533,15.00
94.96,13,follower,-35.3633684,149.1651533,15.00
95.45,13,follower,-35.3633684,149.1651533,15.00
95.96,13,follower,-35.3633684,149.1651533,15.00
96.46,13,follower,-35.3633684,149.1651533,15.00
96.96,13,follower,-35.3633684,149.1651533,15.00
97.46,13,follower,-35.3633684,149.1651533,15.00
97.95,13,follower,-35.3633684,149.1651533,15.00
98.45,13,follower,-35.3633684,149.1651533,15.00
98.96,13,follower,-35.3633684,149.1651533,15.00
99.45,13,follower,-35.3633684,149.1651533,15.00
99.95,13,follower,-35.3633684,149.1651533,15.00
100.46,13,follower,-35.3633684,149.1651533,15.00
100.96,13,follower,-35.3633684,149.1651533,15.00
101.45,13,follower,-35.3633684,149.1651533,15.00
101.96,13,follower,-35.3633684,149.1651533,15.00
102.46,13,follower,-35.3633684,149.1651533,15.00
102.96,13,follower,-35.3633684,149.1651533,15.00
103.46,13,follower,-35.3633684,149.1651533,15.00
103.95,13,follower,-35.3633684,149.1651533,15.00
104.46,13,follower,-35.3633684,149.1651533,15.00
104.96,13,follower,-35.3633684,149.1651533,15.00
105.46,13,follower,-35.3633684,149.1651533,15.00
105.96,13,follower,-35.3633684,149.1651533,15.00
106.46,13,follower,-35.3633684,149.1651533,15.00
106.96,13,follower,-35.3633684,149.1651533,15.00
107.46,13,follower,-35.3633684,149.1651533,15.00
107.96,13,follower,-35.3633684,149.1651533,15.00
108.46,13,follower,-35.3633684,149.1651533,15.00
108.96,13,follower,-35.3633684,149.1651533,15.00
109.46,13,follower,-35.3633684,149.1651533,15.00
109.96,13,follower,-35.3633684,149.1651533,15.00
110.46,13,follower,-35.3633684,149.1651533,15.00
110.96,13,follower,-35.3633684,149.1651533,15.00
111.46,13,follower,-35.3633684,149.1651533,15.00
111.96,13,follower,-35.3633684,149.1651533,15.00
112.46,13,follower,-35.3633684,149.1651533,15.00
112.96,13,follower,-35.3633684,149.1651533,15.00
113.46,13,follower,-35.3633684,149.1651533,15.00
113.96,13,follower,-35.3633684,149.1651533,15.00
114.46,13,follower,-35.3633684,149.1651533,15.00
114.96,13,follower,-35.3633684,149.1651533,15.00
115.46,13,follower,-35.3633684,149.1651533,15.00
115.96,13,follower,-35.3633684,149.1651533,15.00
116.46,13,follower,-35.3633684,149.1651533,15.00
116.96,13,follower,-35.3633684,149.1651533,15.00
117.46,13,follower,-35.3633684,149.1651533,15.00
117.96,13,follower,-35.3633684,149.1651533,15.00
118.46,13,follower,-35.3633684,149.1651533,15.00
118.96,13,follower,-35.3633684,149.1651533,15.00
119.46,13,follower,-35.3633684,149.1651533,15.00
119.96,13,follower,-35.3633684,149.1651533,15.00
120.46,13,follower,-35.3633684,149.1651533,15.00
120.96,13,follower,-35.3633684,149.1651533,15.00
121.46,13,follower,-35.3633684,149.1651533,15.00
121.96,13,follower,-35.3633684,149.1651533,15.00
122.46,13,follower,-35.3633684,149.1651533,15.00
122.96,13,follower,-35.3633684,149.1651533,15.00
123.46,13,follower,-35.3633684,149.1651533,15.00
123.96,13,follower,-35.3633684,149.1651533,15.00
124.46,13,follower,-35.3633684,149.1651533,15.00
124.96,13,follower,-35.3633684,149.1651533,15.00
125.46,13,follower,-35.3633659,149.1651531,15.00
125.96,13,follower,-35.3633576,149.1651529,15.00
126.46,13,follower,-35.3633456,149.1651528,15.00
126.96,13,follower,-35.3633351,149.1651528,15.00
127.46,13,follower,-35.3633257,149.1651529,15.00
127.96,13,follower,-35.3633157,149.1651530,15.00
128.46,13,follower,-35.3633061,149.1651531,15.00
128.96,13,follower,-35.3632960,149.1651531,15.00
129.46,13,follower,-35.3632869,149.1651531,15.00
129.96,13,follower,-35.3632776,149.1651530,15.00
130.46,13,follower,-35.3632690,149.1651530,15.00
130.96,13,follower,-35.3632594,149.1651530,15.00
131.47,13,follower,-35.3632499,149.1651530,15.00
131.97,13,follower,-35.3632408,149.1651530,15.00
132.47,13,follower,-35.3632317,149.1651530,15.00
132.96,13,follower,-35.3632228,149.1651530,15.00
133.46,13,follower,-35.3632139,149.1651530,15.00
133.96,13,follower,-35.3632050,149.1651530,15.00
134.46,13,follower,-35.3631961,149.1651530,15.00
134.96,13,follower,-35.3631872,149.1651530,15.00
135.46,13,follower,-35.3631783,149.1651530,15.00
135.97,13,follower,-35.3631694,149.1651530,15.00
136.46,13,follower,-35.3631606,149.1651530,15.00
136.97,13,follower,-35.3631518,149.1651530,15.00
137.46,13,follower,-35.3631429,149.1651530,15.00
137.97,13,follower,-35.3631340,149.1651530,15.00
138.47,13,follower,-35.3631251,149.1651530,15.00
138.96,13,follower,-35.3631163,149.1651530,15.00
139.46,13,follower,-35.3631074,149.1651530,15.00
139.96,13,follower,-35.3630985,149.1651530,15.00
140.47,13,follower,-35.3630912,149.1651530,15.00
140.96,13,follower,-35.3630891,149.1651530,15.00
141.46,13,follower,-35.3630925,149.1651540,15.00
141.97,13,follower,-35.3630960,149.1651593,15.00
142.47,13,follower,-35.3630964,149.1651705,15.00
142.97,13,follower,-35.3630964,149.1651884,15.01
143.46,13,follower,-35.3630964,149.1652088,15.01
143.97,13,follower,-35.3630967,149.1652255,15.00
144.47,13,follower,-35.3630974,149.1652371,15.00
144.97,13,follower,-35.3630981,149.1652486,15.00
145.47,13,follower,-35.3630985,149.1652602,15.00
145.96,13,follower,-35.3630986,149.1652729,15.00
146.46,13,follower,-35.3630986,149.1652844,15.00
146.97,13,follower,-35.3630986,149.1652962,15.00
147.46,13,follower,-35.3630986,149.1653077,15.00
147.97,13,follower,-35.3630986,149.1653189,15.00
148.47,13,follower,-35.3630986,149.1653299,15.00
148.97,13,follower,-35.3630986,149.1653408,15.00
149.47,13,follower,-35.3630986,149.1653516,15.00
149.97,13,follower,-35.3630985,149.1653625,15.00
150.47,13,follower,-35.3630985,149.1653734,15.00
150.97,13,follower,-35.3630985,149.1653843,15.00
151.47,13,follower,-35.3630985,149.1653951,15.00
151.96,13,follower,-35.3630985,149.1654060,15.00
152.47,13,follower,-35.3630985,149.1654169,15.00
152.97,13,follower,-35.3630985,149.1654278,15.00
153.47,13,follower,-35.3630985,149.1654385,15.00
153.97,13,follower,-35.3630985,149.1654494,15.00
154.47,13,follower,-35.3630985,149.1654603,15.00
154.97,13,follower,-35.3630985,149.1654713,15.00
155.47,13,follower,-35.3630985,149.1654812,15.00
155.97,13,follower,-35.3630985,149.1654857,15.00
156.47,13,follower,-35.3630993,149.1654832,15.00
156.97,13,follower,-35.3631033,149.1654793,15.00
157.47,13,follower,-35.3631123,149.1654782,15.00
157.97,13,follower,-35.3631269,149.1654778,15.01
158.47,13,follower,-35.3631438,149.1654772,15.01
158.97,13,follower,-35.3631571,149.1654765,15.00
159.47,13,follower,-35.3631664,149.1654757,15.00
159.97,13,follower,-35.3631758,149.1654749,15.00
160.47,13,follower,-35.3631847,149.1654744,15.00
160.97,13,follower,-35.3631944,149.1654741,15.00
161.47,13,follower,-35.3632042,149.1654740,15.00
161.97,13,follower,-35.3632135,149.1654740,15.00
162.47,13,follower,-35.3632227,149.1654740,15.00
162.97,13,follower,-35.3632316,149.1654740,15.00
163.47,13,follower,-35.3632405,149.1654740,15.00
163.97,13,follower,-35.3632493,149.1654740,15.00
164.47,13,follower,-35.3632582,149.1654741,15.00
164.97,13,follower,-35.3632671,149.1654741,15.00
165.47,13,follower,-35.3632759,149.1654741,15.00
165.97,13,follower,-35.3632848,149.1654741,15.00
166.47,13,follower,-35.3632937,149.1654741,15.00
166.97,13,follower,-35.3633026,149.1654741,15.00
167.47,13,follower,-35.3633114,149.1654741,15.00
167.97,13,follower,-35.3633203,149.1654741,15.00
168.47,13,follower,-35.3633291,149.1654741,15.00
168.97,13,follower,-35.3633379,149.1654741,15.00
169.47,13,follower,-35.3633468,149.1654741,15.00
169.97,13,follower,-35.3633557,149.1654741,15.00
170.47,13,follower,-35.3633636,149.1654741,15.00
170.97,13,follower,-35.3633674,149.1654735,15.00
171.47,13,follower,-35.3633663,149.1654702,15.00
171.97,13,follower,-35.3633632,149.1654612,15.00
172.47,13,follower,-35.3633620,149.1654457,15.01
172.97,13,follower,-35.3633621,149.1654282,15.01
173.47,13,follower,-35.3633621,149.1654149,15.00
173.97,13,follower,-35.3633618,149.1654039,15.00
174.47,13,follower,-35.3633614,149.1653939,15.00
174.97,13,follower,-35.3633610,149.1653828,15.00
175.47,13,follower,-35.3633607,149.1653718,15.00
175.97,13,follower,-35.3633604,149.1653593,15.00
176.47,13,follower,-35.3633603,149.1653473,15.00
176.97,13,follower,-35.3633603,149.1653361,15.00
177.47,13,follower,-35.3633603,149.1653257,15.00
177.97,13,follower,-35.3633603,149.1653143,15.00
178.47,13,follower,-35.3633603,149.1653029,15.00
178.97,13,follower,-35.3633603,149.1652917,15.00
179.47,13,follower,-35.3633603,149.1652806,15.00
179.97,13,follower,-35.3633603,149.1652697,15.00
180.47,13,follower,-35.3633603,149.1652587,15.00
180.97,13,follower,-35.3633603,149.1652479,15.00
181.47,13,follower,-35.3633603,149.1652370,15.00
181.97,13,follower,-35.3633603,149.1652261,15.00
182.47,13,follower,-35.3633603,149.1652153,15.00
182.97,13,follower,-35.3633603,149.1652046,15.00
183.47,13,follower,-35.3633603,149.1651938,15.00
183.97,13,follower,-35.3633602,149.1651829,15.00
184.47,13,follower,-35.3633602,149.1651720,15.00
184.97,13,follower,-35.3633602,149.1651612,15.00
185.48,13,follower,-35.3633602,149.1651506,15.00
185.98,13,follower,-35.3633602,149.1651427,15.00
186.47,13,follower,-35.3633601,149.1651420,15.00
186.97,13,follower,-35.3633600,149.1651460,15.00
187.47,13,follower,-35.3633599,149.1651484,15.00
187.97,13,follower,-35.3633600,149.1651489,15.00
188.48,13,follower,-35.3633600,149.1651490,15.00
188.97,13,follower,-35.3633601,149.1651492,15.00
189.48,13,follower,-35.3633601,149.1651497,15.00
189.97,13,follower,-35.3633602,149.1651502,15.00
190.48,13,follower,-35.3633602,149.1651506,15.00
190.98,13,follower,-35.3633602,149.1651509,15.00
46.95,14,follower,-35.3631343,149.1651957,2.23
47.45,14,follower,-35.3631343,149.1651957,3.39
47.95,14,follower,-35.3631343,149.1651957,4.67
48.45,14,follower,-35.3631343,149.1651957,5.95
48.95,14,follower,-35.3631343,149.1651957,7.19
49.45,14,follower,-35.3631343,149.1651957,8.42
49.95,14,follower,-35.3631343,149.1651957,9.66
50.45,14,follower,-35.3631343,149.1651957,10.90
50.95,14,follower,-35.3631343,149.1651957,12.13
51.45,14,follower,-35.3631343,149.1651957,13.28
51.95,14,follower,-35.3631344,149.1651957,14.67
52.45,14,follower,-35.3631343,149.1651957,16.37
52.95,14,follower,-35.3631343,149.1651956,17.64
53.45,14,follower,-35.3631343,149.1651956,18.51
53.95,14,follower,-35.3631343,149.1651956,19.10
54.45,14,follower,-35.3631343,149.1651956,19.44
54.95,14,follower,-35.3631343,149.1651956,19.55
55.45,14,follower,-35.3631343,149.1651956,19.42
55.95,14,follower,-35.3631343,149.1651956,19.04
56.45,14,follower,-35.3631343,149.1651956,18.40
56.95,14,follower,-35.3631343,149.1651955,17.62
57.45,14,follower,-35.3631343,149.1651955,16.86
57.95,14,follower,-35.3631343,149.1651955,16.12
58.45,14,follower,-35.3631343,149.1651955,15.47
58.95,14,follower,-35.3631343,149.1651956,15.08
59.45,14,follower,-35.3631343,149.1651956,14.95
59.95,14,follower,-35.3631342,149.1651955,14.98
60.45,14,follower,-35.3631342,149.1651955,15.02
60.95,14,follower,-35.3631342,149.1651956,15.03
61.45,14,follower,-35.3631342,149.1651956,15.02
61.95,14,follower,-35.3631342,149.1651956,15.02
62.45,14,follower,-35.3631343,149.1651957,15.01
62.95,14,follower,-35.3631344,149.1651957,15.01
63.45,14,follower,-35.3631343,149.1651957,15.01
63.95,14,follower,-35.3631343,149.1651957,15.01
64.45,14,follower,-35.3631343,149.1651957,15.01
64.96,14,follower,-35.3631343,149.1651957,15.00
65.45,14,follower,-35.3631343,149.1651957,15.00
65.95,14,follower,-35.3631343,149.1651957,15.00
66.45,14,follower,-35.3631343,149.1651957,15.00
66.95,14,follower,-35.3631343,149.1651957,15.00
67.45,14,follower,-35.3631343,149.1651956,15.00
67.95,14,follower,-35.3631343,149.1651956,15.00
68.45,14,follower,-35.3631343,149.1651956,15.00
68.95,14,follower,-35.3631343,149.1651956,15.00
69.45,14,follower,-35.3631343,149.1651956,15.00
69.95,14,follower,-35.3631343,149.1651957,15.00
70.45,14,follower,-35.3631343,149.1651957,15.00
70.95,14,follower,-35.3631343,149.1651957,15.00
71.45,14,follower,-35.3631343,149.1651957,15.00
71.95,14,follower,-35.3631343,149.1651957,15.00
72.45,14,follower,-35.3631343,149.1651957,15.00
72.95,14,follower,-35.3631343,149.1651957,15.00
73.45,14,follower,-35.3631343,149.1651957,15.00
73.95,14,follower,-35.3631343,149.1651957,15.00
74.45,14,follower,-35.3631343,149.1651957,15.00
74.95,14,follower,-35.3631343,149.1651957,15.00
75.45,14,follower,-35.3631343,149.1651957,15.00
75.95,14,follower,-35.3631343,149.1651956,15.00
76.45,14,follower,-35.3631343,149.1651956,15.00
76.95,14,follower,-35.3631343,149.1651956,15.00
77.45,14,follower,-35.3631343,149.1651956,15.00
77.95,14,follower,-35.3631343,149.1651956,15.00
78.45,14,follower,-35.3631343,149.1651956,15.00
78.95,14,follower,-35.3631343,149.1651956,15.00
79.45,14,follower,-35.3631343,149.1651956,15.00
79.96,14,follower,-35.3631343,149.1651956,15.00
80.45,14,follower,-35.3631343,149.1651956,15.00
80.96,14,follower,-35.3631343,149.1651956,15.00
81.45,14,follower,-35.3631343,149.1651957,15.00
81.95,14,follower,-35.3631343,149.1651957,15.00
82.46,14,follower,-35.3631343,149.1651957,15.00
82.96,14,follower,-35.3631343,149.1651957,15.00
83.46,14,follower,-35.3631343,149.1651957,15.00
83.95,14,follower,-35.3631343,149.1651957,15.00
84.45,14,follower,-35.3631343,149.1651957,15.00
84.96,14,follower,-35.3631343,149.1651957,15.00
85.45,14,follower,-35.3631343,149.1651957,15.00
85.96,14,follower,-35.3631343,149.1651957,15.00
86.46,14,follower,-35.3631343,149.1651957,15.00
86.95,14,follower,-35.3631343,149.1651957,15.00
87.45,14,follower,-35.3631343,149.1651957,15.00
87.96,14,follower,-35.3631343,149.1651957,15.00
88.46,14,follower,-35.3631343,149.1651956,15.00
88.95,14,follower,-35.3631343,149.1651956,15.00
89.45,14,follower,-35.3631343,149.1651956,15.00
89.95,14,follower,-35.3631343,149.1651956,15.00
90.46,14,follower,-35.3631343,149.1651956,15.00
90.95,14,follower,-35.3631343,149.1651956,15.00
91.46,14,follower,-35.3631343,149.1651956,15.00
91.96,14,follower,-35.3631343,149.1651956,15.00
92.46,14,follower,-35.3631343,149.1651956,15.00
92.96,14,follower,-35.3631343,149.1651957,15.00
93.46,14,follower,-35.3631343,149.1651957,15.00
93.96,14,follower,-35.3631343,149.1651957,15.00
94.46,14,follower,-35.3631343,149.1651957,15.00
94.96,14,follower,-35.3631343,149.1651957,15.00
95.46,14,follower,-35.3631343,149.1651957,15.00
95.96,14,follower,-35.3631343,149.1651957,15.00
96.46,14,follower,-35.3631343,149.1651957,15.00
96.95,14,follower,-35.3631343,149.1651957,15.00
97.46,14,follower,-35.3631343,149.1651957,15.00
97.96,14,follower,-35.3631343,149.1651957,15.00
98.45,14,follower,-35.3631343,149.1651957,15.00
98.96,14,follower,-35.3631343,149.1651957,15.00
99.46,14,follower,-35.3631343,149.1651957,15.00
99.96,14,follower,-35.3631343,149.1651957,15.00
100.46,14,follower,-35.3631343,149.1651957,15.00
100.95,14,follower,-35.3631343,149.1651956,15.00
101.46,14,follower,-35.3631343,149.1651956,15.00
101.96,14,follower,-35.3631343,149.1651956,15.00
102.46,14,follower,-35.3631343,149.1651956,15.00
102.96,14,follower,-35.3631343,149.1651956,15.00
103.46,14,follower,-35.3631343,149.1651957,15.00
103.96,14,follower,-35.3631343,149.1651957,15.00
104.46,14,follower,-35.3631343,149.1651957,15.00
104.96,14,follower,-35.3631343,149.1651957,15.00
105.46,14,follower,-35.3631343,149.1651957,15.00
105.96,14,follower,-35.3631343,149.1651957,15.00
106.46,14,follower,-35.3631343,149.1651957,15.00
106.96,14,follower,-35.3631343,149.1651957,15.00
107.46,14,follower,-35.3631343,149.1651957,15.00
107.96,14,follower,-35.3631343,149.1651957,15.00
108.46,14,follower,-35.3631343,149.1651957,15.00
108.96,14,follower,-35.3631343,149.1651957,15.00
109.46,14,follower,-35.3631343,149.1651957,15.00
109.96,14,follower,-35.3631343,149.1651956,15.00
110.46,14,follower,-35.3631343,149.1651956,15.00
110.96,14,follower,-35.3631343,149.1651956,15.00
111.46,14,follower,-35.3631343,149.1651956,15.00
111.96,14,follower,-35.3631343,149.1651956,15.00
112.46,14,follower,-35.3631343,149.1651957,15.00
112.96,14,follower,-35.3631343,149.1651957,15.00
113.46,14,follower,-35.3631343,149.1651957,15.00
113.96,14,follower,-35.3631343,149.1651957,15.00
114.46,14,follower,-35.3631343,149.1651957,15.00
114.96,14,follower,-35.3631343,149.1651957,15.00
115.46,14,follower,-35.3631343,149.1651957,15.00
115.96,14,follower,-35.3631343,149.1651957,15.00
116.46,14,follower,-35.3631343,149.1651957,15.00
116.96,14,follower,-35.3631343,149.1651957,15.00
117.46,14,follower,-35.3631343,149.1651957,15.00
117.96,14,follower,-35.3631343,149.1651957,15.00
118.46,14,follower,-35.3631343,149.1651957,15.00
118.96,14,follower,-35.3631343,149.1651956,15.00
119.46,14,follower,-35.3631343,149.1651956,15.00
119.96,14,follower,-35.3631343,149.1651956,15.00
120.46,14,follower,-35.3631343,149.1651956,15.00
120.96,14,follower,-35.3631343,149.1651956,15.00
121.46,14,follower,-35.3631343,149.1651957,15.00
121.96,14,follower,-35.3631343,149.1651957,15.00
122.46,14,follower,-35.3631343,149.1651957,15.00
122.96,14,follower,-35.3631343,149.1651957,15.00
123.46,14,follower,-35.3631343,149.1651957,15.00
123.96,14,follower,-35.3631343,149.1651957,15.00
124.46,14,follower,-35.3631343,149.1651957,15.00
124.96,14,follower,-35.3631343,149.1651957,15.00
125.46,14,follower,-35.3631318,149.1651955,15.00
125.96,14,follower,-35.3631233,149.1651953,15.00
126.46,14,follower,-35.3631113,149.1651952,15.00
126.96,14,follower,-35.3631009,149.1651952,15.00
127.46,14,follower,-35.3630915,149.1651953,15.00
127.97,14,follower,-35.3630815,149.1651954,15.00
128.47,14,follower,-35.3630718,149.1651955,15.00
128.96,14,follower,-35.3630619,149.1651954,15.00
129.46,14,follower,-35.3630529,149.1651954,15.00
129.97,14,follower,-35.3630433,149.1651954,15.00
130.46,14,follower,-35.3630345,149.1651954,15.00
130.97,14,follower,-35.3630248,149.1651954,15.00
131.46,14,follower,-35.3630159,149.1651954,15.00
131.97,14,follower,-35.3630066,149.1651954,15.00
132.47,14,follower,-35.3629980,149.1651954,15.00
132.96,14,follower,-35.3629888,149.1651954,15.00
133.47,14,follower,-35.3629802,149.1651954,15.00
133.96,14,follower,-35.3629709,149.1651954,15.00
134.46,14,follower,-35.3629616,149.1651954,15.00
134.96,14,follower,-35.3629525,149.1651954,15.00
135.46,14,follower,-35.3629435,149.1651954,15.00
135.96,14,follower,-35.3629346,149.1651954,15.00
136.47,14,follower,-35.3629257,149.1651954,15.00
136.97,14,follower,-35.3629169,149.1651954,15.00
137.47,14,follower,-35.3629080,149.1651954,15.00
137.96,14,follower,-35.3628991,149.1651954,15.00
138.47,14,follower,-35.3628902,149.1651954,15.00
138.97,14,follower,-35.3628814,149.1651954,15.00
139.47,14,follower,-35.3628725,149.1651954,15.00
139.96,14,follower,-35.3628637,149.1651954,15.00
140.46,14,follower,-35.3628567,149.1651954,15.00
140.97,14,follower,-35.3628552,149.1651954,15.00
141.46,14,follower,-35.3628589,149.1651966,15.00
141.97,14,follower,-35.3628623,149.1652023,15.00
142.47,14,follower,-35.3628625,149.1652138,15.00
142.97,14,follower,-35.3628624,149.1652320,15.01
143.46,14,follower,-35.3628623,149.1652522,15.01
143.96,14,follower,-35.3628625,149.1652675,15.00
144.47,14,follower,-35.3628631,149.1652791,15.00
144.97,14,follower,-35.3628637,149.1652905,15.00
145.47,14,follower,-35.3628642,149.1653020,15.00
145.97,14,follower,-35.3628644,149.1653146,15.00
146.47,14,follower,-35.3628645,149.1653269,15.00
146.96,14,follower,-35.3628645,149.1653388,15.00
147.47,14,follower,-35.3628645,149.1653495,15.00
147.97,14,follower,-35.3628645,149.1653610,15.00
148.47,14,follower,-35.3628645,149.1653713,15.00
148.97,14,follower,-35.3628645,149.1653830,15.00
149.46,14,follower,-35.3628645,149.1653939,15.00
149.96,14,follower,-35.3628644,149.1654053,15.00
150.47,14,follower,-35.3628644,149.1654166,15.00
150.97,14,follower,-35.3628644,149.1654278,15.00
151.47,14,follower,-35.3628644,149.1654388,15.00
151.97,14,follower,-35.3628644,149.1654497,15.00
152.47,14,follower,-35.3628644,149.1654607,15.00
152.97,14,follower,-35.3628644,149.1654716,15.00
153.47,14,follower,-35.3628644,149.1654825,15.00
153.97,14,follower,-35.3628644,149.1654934,15.00
154.47,14,follower,-35.3628644,149.1655042,15.00
154.97,14,follower,-35.3628644,149.1655150,15.00
155.47,14,follower,-35.3628644,149.1655245,15.00
155.97,14,follower,-35.3628645,149.1655282,15.00
156.47,14,follower,-35.3628650,149.1655248,15.00
156.97,14,follower,-35.3628687,149.1655198,15.00
157.47,14,follower,-35.3628768,149.1655189,15.00
157.97,14,follower,-35.3628903,149.1655192,15.01
158.47,14,follower,-35.3629068,149.1655194,15.01
158.97,14,follower,-35.3629204,149.1655192,15.00
159.47,14,follower,-35.3629302,149.1655184,15.00
159.97,14,follower,-35.3629395,149.1655176,15.00
160.47,14,follower,-35.3629497,149.1655169,15.00
160.97,14,follower,-35.3629602,149.1655165,15.00
161.47,14,follower,-35.3629694,149.1655165,15.00
161.97,14,follower,-35.3629791,149.1655165,15.00
162.47,14,follower,-35.3629877,149.1655165,15.00
162.97,14,follower,-35.3629971,149.1655165,15.00
163.47,14,follower,-35.3630056,149.1655165,15.00
163.97,14,follower,-35.3630151,149.1655165,15.00
164.47,14,follower,-35.3630241,149.1655165,15.00
164.97,14,follower,-35.3630334,149.1655165,15.00
165.47,14,follower,-35.3630419,149.1655165,15.00
165.97,14,follower,-35.3630512,149.1655165,15.00
166.47,14,follower,-35.3630605,149.1655165,15.00
166.97,14,follower,-35.3630697,149.1655165,15.00
167.47,14,follower,-35.3630787,149.1655165,15.00
167.97,14,follower,-35.3630876,149.1655165,15.00
168.47,14,follower,-35.3630965,149.1655165,15.00
168.97,14,follower,-35.3631053,149.1655165,15.00
169.47,14,follower,-35.3631141,149.1655165,15.00
169.97,14,follower,-35.3631230,149.1655165,15.00
170.47,14,follower,-35.3631313,149.1655165,15.00
170.97,14,follower,-35.3631356,149.1655164,15.00
171.47,14,follower,-35.3631340,149.1655161,15.00
171.97,14,follower,-35.3631297,149.1655127,15.00
172.47,14,follower,-35.3631282,149.1655041,15.00
172.97,14,follower,-35.3631285,149.1654890,15.01
173.47,14,follower,-35.3631286,149.1654691,15.01
173.97,14,follower,-35.3631285,149.1654512,15.00
174.47,14,follower,-35.3631280,149.1654385,15.00
174.97,14,follower,-35.3631273,149.1654270,15.00
175.47,14,follower,-35.3631266,149.1654145,15.00
175.97,14,follower,-35.3631262,149.1654017,15.00
176.47,14,follower,-35.3631261,149.1653904,15.00
176.97,14,follower,-35.3631261,149.1653786,15.00
177.47,14,follower,-35.3631261,149.1653679,15.00
177.98,14,follower,-35.3631261,149.1653562,15.00
178.47,14,follower,-35.3631261,149.1653454,15.00
178.97,14,follower,-35.3631261,149.1653341,15.00
179.47,14,follower,-35.3631261,149.1653234,15.00
179.97,14,follower,-35.3631261,149.1653121,15.00
180.47,14,follower,-35.3631261,149.1653007,15.00
180.97,14,follower,-35.3631261,149.1652896,15.00
181.48,14,follower,-35.3631262,149.1652786,15.00
181.98,14,follower,-35.3631262,149.1652676,15.00
182.47,14,follower,-35.3631262,149.1652566,15.00
182.98,14,follower,-35.3631262,149.1652457,15.00
183.47,14,follower,-35.3631262,149.1652348,15.00
183.97,14,follower,-35.3631262,149.1652240,15.00
184.47,14,follower,-35.3631261,149.1652132,15.00
184.98,14,follower,-35.3631261,149.1652024,15.00
185.47,14,follower,-35.3631261,149.1651918,15.00
185.97,14,follower,-35.3631261,149.1651846,15.00
186.47,14,follower,-35.3631260,149.1651846,15.00
186.98,14,follower,-35.3631259,149.1651886,15.00
187.47,14,follower,-35.3631258,149.1651907,15.00
187.97,14,follower,-35.3631258,149.1651912,15.00
188.48,14,follower,-35.3631259,149.1651913,15.00
188.98,14,follower,-35.3631260,149.1651916,15.00
189.47,14,follower,-35.3631260,149.1651920,15.00
189.97,14,follower,-35.3631261,149.1651925,15.00
190.47,14,follower,-35.3631261,149.1651929,15.00
190.98,14,follower,-35.3631261,149.1651932,15.00
46.95,15,follower,-35.3633382,149.1653647,2.23
47.45,15,follower,-35.3633382,149.1653647,3.39
47.95,15,follower,-35.3633382,149.1653647,4.67
48.45,15,follower,-35.3633382,149.1653647,5.95
48.95,15,follower,-35.3633381,149.1653647,7.19
49.45,15,follower,-35.3633381,149.1653647,8.42
49.95,15,follower,-35.3633381,149.1653647,9.66
50.45,15,follower,-35.3633381,149.1653647,10.90
50.95,15,follower,-35.3633381,149.1653647,12.13
51.45,15,follower,-35.3633381,149.1653647,13.28
51.95,15,follower,-35.3633381,149.1653647,14.71
52.45,15,follower,-35.3633381,149.1653646,16.43
52.95,15,follower,-35.3633381,149.1653645,17.71
53.45,15,follower,-35.3633381,149.1653645,18.59
53.95,15,follower,-35.3633381,149.1653645,19.18
54.45,15,follower,-35.3633381,149.1653645,19.53
54.95,15,follower,-35.3633381,149.1653645,19.64
55.45,15,follower,-35.3633381,149.1653645,19.51
55.95,15,follower,-35.3633381,149.1653645,19.14
56.45,15,follower,-35.3633381,149.1653645,18.51
56.95,15,follower,-35.3633381,149.1653645,17.73
57.45,15,follower,-35.3633381,149.1653645,16.97
57.95,15,follower,-35.3633381,149.1653645,16.22
58.45,15,follower,-35.3633381,149.1653645,15.56
58.95,15,follower,-35.3633381,149.1653645,15.12
59.45,15,follower,-35.3633381,149.1653645,14.96
59.95,15,follower,-35.3633381,149.1653645,14.98
60.45,15,follower,-35.3633381,149.1653645,15.01
60.96,15,follower,-35.3633381,149.1653645,15.03
61.45,15,follower,-35.3633381,149.1653645,15.02
61.95,15,follower,-35.3633381,149.1653645,15.02
62.45,15,follower,-35.3633381,149.1653646,15.01
62.95,15,follower,-35.3633381,149.1653646,15.01
63.45,15,follower,-35.3633381,149.1653646,15.01
63.95,15,follower,-35.3633381,149.1653646,15.01
64.45,15,follower,-35.3633381,149.1653646,15.01
64.95,15,follower,-35.3633381,149.1653646,15.00
65.45,15,follower,-35.3633381,149.1653646,15.00
65.95,15,follower,-35.3633381,149.1653645,15.00
66.45,15,follower,-35.3633381,149.1653645,15.00
66.95,15,follower,-35.3633381,149.1653645,15.00
67.45,15,follower,-35.3633381,149.1653645,15.00
67.95,15,follower,-35.3633381,149.1653645,15.00
68.46,15,follower,-35.3633381,149.1653645,15.00
68.95,15,follower,-35.3633381,149.1653645,15.00
69.45,15,follower,-35.3633381,149.1653645,15.00
69.95,15,follower,-35.3633381,149.1653646,15.00
70.45,15,follower,-35.3633381,149.1653646,15.00
70.95,15,follower,-35.3633381,149.1653646,15.00
71.46,15,follower,-35.3633381,149.1653646,15.00
71.95,15,follower,-35.3633381,149.1653646,15.00
72.45,15,follower,-35.3633381,149.1653646,15.00
72.95,15,follower,-35.3633381,149.1653646,15.00
73.46,15,follower,-35.3633381,149.1653646,15.00
73.96,15,follower,-35.3633381,149.1653646,15.00
74.46,15,follower,-35.3633381,149.1653646,15.00
74.95,15,follower,-35.3633381,149.1653646,15.00
75.45,15,follower,-35.3633381,149.1653645,15.00
75.95,15,follower,-35.3633381,149.1653645,15.00
76.46,15,follower,-35.3633381,149.1653645,15.00
76.95,15,follower,-35.3633381,149.1653645,15.00
77.45,15,follower,-35.3633381,149.1653645,15.00
77.96,15,follower,-35.3633381,149.1653645,15.00
78.45,15,follower,-35.3633381,149.1653645,15.00
78.95,15,follower,-35.3633381,149.1653645,15.00
79.45,15,follower,-35.3633381,149.1653645,15.00
79.95,15,follower,-35.3633381,149.1653645,15.00
80.46,15,follower,-35.3633381,149.1653645,15.00
80.95,15,follower,-35.3633381,149.1653645,15.00
81.45,15,follower,-35.3633381,149.1653645,15.00
81.95,15,follower,-35.3633381,149.1653645,15.00
82.46,15,follower,-35.3633381,149.1653646,15.00
82.96,15,follower,-35.3633381,149.1653646,15.00
83.46,15,follower,-35.3633381,149.1653646,15.00
83.96,15,follower,-35.3633381,149.1653646,15.00
84.46,15,follower,-35.3633381,149.1653646,15.00
84.95,15,follower,-35.3633381,149.1653646,15.00
85.45,15,follower,-35.3633381,149.1653646,15.00
85.95,15,follower,-35.3633381,149.1653646,15.00
86.46,15,follower,-35.3633381,149.1653646,15.00
86.96,15,follower,-35.3633381,149.1653646,15.00
87.45,15,follower,-35.3633381,149.1653646,15.00
87.96,15,follower,-35.3633381,149.1653645,15.00
88.46,15,follower,-35.3633381,149.1653645,15.00
88.96,15,follower,-35.3633381,149.1653645,15.00
89.46,15,follower,-35.3633381,149.1653645,15.00
89.96,15,follower,-35.3633381,149.1653645,15.00
90.46,15,follower,-35.3633381,149.1653645,15.00
90.96,15,follower,-35.3633381,149.1653645,15.00
91.46,15,follower,-35.3633381,149.1653645,15.00
91.95,15,follower,-35.3633381,149.1653645,15.00
92.46,15,follower,-35.3633381,149.1653645,15.00
92.96,15,follower,-35.3633381,149.1653646,15.00
93.46,15,follower,-35.3633381,149.1653646,15.00
93.96,15,follower,-35.3633381,149.1653646,15.00
94.46,15,follower,-35.3633381,149.1653646,15.00
94.96,15,follower,-35.3633381,149.1653646,15.00
95.46,15,follower,-35.3633381,149.1653646,15.00
95.96,15,follower,-35.3633381,149.1653646,15.00
96.46,15,follower,-35.3633381,149.1653646,15.00
96.96,15,follower,-35.3633381,149.1653646,15.00
97.46,15,follower,-35.3633381,149.1653646,15.00
97.96,15,follower,-35.3633381,149.1653646,15.00
98.46,15,follower,-35.3633381,149.1653646,15.00
98.96,15,follower,-35.3633381,149.1653646,15.00
99.46,15,follower,-35.3633381,149.1653646,15.00
99.96,15,follower,-35.3633381,149.1653646,15.00
100.46,15,follower,-35.3633381,149.1653646,15.00
100.96,15,follower,-35.3633381,149.1653646,15.00
101.46,15,follower,-35.3633381,149.1653646,15.00
101.96,15,follower,-35.3633381,149.1653646,15.00
102.46,15,follower,-35.3633381,149.1653646,15.00
102.96,15,follower,-35.3633381,149.1653646,15.00
103.46,15,follower,-35.3633381,149.1653646,15.00
103.96,15,follower,-35.3633381,149.1653646,15.00
104.46,15,follower,-35.3633381,149.1653646,15.00
104.96,15,follower,-35.3633381,149.1653646,15.00
105.46,15,follower,-35.3633381,149.1653646,15.00
105.96,15,follower,-35.3633381,149.1653646,15.00
106.46,15,follower,-35.3633381,149.1653646,15.00
106.96,15,follower,-35.3633381,149.1653646,15.00
107.46,15,follower,-35.3633381,149.1653646,15.00
107.96,15,follower,-35.3633381,149.1653646,15.00
108.46,15,follower,-35.3633381,149.1653646,15.00
108.96,15,follower,-35.3633381,149.1653646,15.00
109.46,15,follower,-35.3633381,149.1653646,15.00
109.96,15,follower,-35.3633381,149.1653646,15.00
110.46,15,follower,-35.3633381,149.1653646,15.00
110.96,15,follower,-35.3633381,149.1653646,15.00
111.46,15,follower,-35.3633381,149.1653646,15.00
111.96,15,follower,-35.3633381,149.1653646,15.00
112.46,15,follower,-35.3633381,149.1653646,15.00
112.96,15,follower,-35.3633381,149.1653646,15.00
113.46,15,follower,-35.3633381,149.1653646,15.00
113.96,15,follower,-35.3633381,149.1653646,15.00
114.46,15,follower,-35.3633381,149.1653646,15.00
114.96,15,follower,-35.3633381,149.1653646,15.00
115.46,15,follower,-35.3633381,149.1653646,15.00
115.96,15,follower,-35.3633381,149.1653646,15.00
116.46,15,follower,-35.3633381,149.1653646,15.00
116.96,15,follower,-35.3633381,149.1653646,15.00
117.46,15,follower,-35.3633381,149.1653646,15.00
117.96,15,follower,-35.3633381,149.1653646,15.00
118.46,15,follower,-35.3633381,149.1653646,15.00
118.96,15,follower,-35.3633381,149.1653646,15.00
119.46,15,follower,-35.3633381,149.1653646,15.00
119.97,15,follower,-35.3633381,149.1653646,15.00
120.46,15,follower,-35.3633381,149.1653646,15.00
120.96,15,follower,-35.3633381,149.1653646,15.00
121.46,15,follower,-35.3633381,149.1653646,15.00
121.96,15,follower,-35.3633381,149.1653646,15.00
122.47,15,follower,-35.3633381,149.1653646,15.00
122.96,15,follower,-35.3633381,149.1653646,15.00
123.46,15,follower,-35.3633381,149.1653646,15.00
123.97,15,follower,-35.3633381,149.1653646,15.00
124.46,15,follower,-35.3633381,149.1653646,15.00
124.96,15,follower,-35.3633381,149.1653645,15.00
125.46,15,follower,-35.3633358,149.1653644,15.00
125.96,15,follower,-35.3633276,149.1653643,15.00
126.46,15,follower,-35.3633148,149.1653642,15.00
126.96,15,follower,-35.3633024,149.1653642,15.00
127.47,15,follower,-35.3632929,149.1653643,15.00
127.96,15,follower,-35.3632842,149.1653643,15.00
128.46,15,follower,-35.3632758,149.1653643,15.00
128.96,15,follower,-35.3632660,149.1653643,15.00
129.46,15,follower,-35.3632566,149.1653643,15.00
129.96,15,follower,-35.3632472,149.1653643,15.00
130.46,15,follower,-35.3632388,149.1653643,15.00
130.96,15,follower,-35.3632292,149.1653643,15.00
131.47,15,follower,-35.3632198,149.1653643,15.00
131.96,15,follower,-35.3632107,149.1653643,15.00
132.46,15,follower,-35.3632017,149.1653643,15.00
132.96,15,follower,-35.3631928,149.1653643,15.00
133.46,15,follower,-35.3631838,149.1653643,15.00
133.97,15,follower,-35.3631748,149.1653643,15.00
134.47,15,follower,-35.3631659,149.1653643,15.00
134.97,15,follower,-35.3631570,149.1653643,15.00
135.47,15,follower,-35.3631481,149.1653643,15.00
135.97,15,follower,-35.3631392,149.1653643,15.00
136.47,15,follower,-35.3631304,149.1653643,15.00
136.96,15,follower,-35.3631216,149.1653643,15.00
137.47,15,follower,-35.3631127,149.1653643,15.00
137.97,15,follower,-35.3631039,149.1653643,15.00
138.46,15,follower,-35.3630950,149.1653643,15.00
138.96,15,follower,-35.3630861,149.1653643,15.00
139.46,15,follower,-35.3630772,149.1653643,15.00
139.96,15,follower,-35.3630683,149.1653643,15.00
140.47,15,follower,-35.3630610,149.1653643,15.00
140.97,15,follower,-35.3630588,149.1653643,15.00
141.47,15,follower,-35.3630622,149.1653652,15.00
141.97,15,follower,-35.3630659,149.1653703,15.00
142.46,15,follower,-35.3630664,149.1653811,15.00
142.97,15,follower,-35.3630662,149.1653987,15.01
143.47,15,follower,-35.3630662,149.1654191,15.01
143.97,15,follower,-35.3630664,149.1654361,15.00
144.47,15,follower,-35.3630671,149.1654480,15.00
144.97,15,follower,-35.3630677,149.1654597,15.00
145.47,15,follower,-35.3630682,149.1654724,15.00
145.97,15,follower,-35.3630684,149.1654847,15.00
146.47,15,follower,-35.3630684,149.1654967,15.00
146.97,15,follower,-35.3630684,149.1655082,15.00
147.47,15,follower,-35.3630684,149.1655193,15.00
147.97,15,follower,-35.3630683,149.1655303,15.00
148.47,15,follower,-35.3630683,149.1655411,15.00
148.97,15,follower,-35.3630683,149.1655519,15.00
149.47,15,follower,-35.3630683,149.1655627,15.00
149.97,15,follower,-35.3630683,149.1655736,15.00
150.47,15,follower,-35.3630683,149.1655844,15.00
150.97,15,follower,-35.3630682,149.1655953,15.00
151.47,15,follower,-35.3630682,149.1656061,15.00
151.97,15,follower,-35.3630682,149.1656170,15.00
152.47,15,follower,-35.3630682,149.1656278,15.00
152.97,15,follower,-35.3630682,149.1656387,15.00
153.47,15,follower,-35.3630682,149.1656496,15.00
153.97,15,follower,-35.3630682,149.1656605,15.00
154.47,15,follower,-35.3630682,149.1656714,15.00
154.97,15,follower,-35.3630682,149.1656822,15.00
155.47,15,follower,-35.3630683,149.1656917,15.00
155.97,15,follower,-35.3630684,149.1656951,15.00
156.47,15,follower,-35.3630701,149.1656919,15.00
156.97,15,follower,-35.3630753,149.1656886,15.00
157.47,15,follower,-35.3630856,149.1656883,15.00
157.97,15,follower,-35.3631008,149.1656883,15.01
158.47,15,follower,-35.3631161,149.1656882,15.01
158.97,15,follower,-35.3631270,149.1656878,15.00
159.47,15,follower,-35.3631354,149.1656870,15.00
159.97,15,follower,-35.3631448,149.1656863,15.00
160.47,15,follower,-35.3631546,149.1656857,15.00
160.97,15,follower,-35.3631644,149.1656855,15.00
161.47,15,follower,-35.3631739,149.1656854,15.00
161.97,15,follower,-35.3631830,149.1656855,15.00
162.47,15,follower,-35.3631919,149.1656855,15.00
162.97,15,follower,-35.3632008,149.1656855,15.00
163.47,15,follower,-35.3632096,149.1656854,15.00
163.97,15,follower,-35.3632185,149.1656854,15.00
164.47,15,follower,-35.3632274,149.1656854,15.00
164.97,15,follower,-35.3632363,149.1656854,15.00
165.47,15,follower,-35.3632452,149.1656854,15.00
165.97,15,follower,-35.3632541,149.1656854,15.00
166.47,15,follower,-35.3632630,149.1656854,15.00
166.97,15,follower,-35.3632719,149.1656855,15.00
167.47,15,follower,-35.3632808,149.1656855,15.00
167.97,15,follower,-35.3632897,149.1656855,15.00
168.47,15,follower,-35.3632985,149.1656854,15.00
168.97,15,follower,-35.3633081,149.1656854,15.00
169.47,15,follower,-35.3633173,149.1656855,15.00
169.98,15,follower,-35.3633268,149.1656855,15.00
170.47,15,follower,-35.3633348,149.1656855,15.00
170.97,15,follower,-35.3633389,149.1656854,15.00
171.47,15,follower,-35.3633371,149.1656848,15.00
171.97,15,follower,-35.3633333,149.1656808,15.00
172.48,15,follower,-35.3633324,149.1656713,15.00
172.97,15,follower,-35.3633326,149.1656552,15.01
173.48,15,follower,-35.3633326,149.1656357,15.01
173.97,15,follower,-35.3633322,149.1656191,15.00
174.47,15,follower,-35.3633315,149.1656074,15.00
174.97,15,follower,-35.3633308,149.1655956,15.00
175.47,15,follower,-35.3633302,149.1655829,15.00
175.97,15,follower,-35.3633299,149.1655705,15.00
176.47,15,follower,-35.3633298,149.1655587,15.00
176.97,15,follower,-35.3633298,149.1655475,15.00
177.48,15,follower,-35.3633298,149.1655372,15.00
177.97,15,follower,-35.3633298,149.1655260,15.00
178.47,15,follower,-35.3633299,149.1655147,15.00
178.97,15,follower,-35.3633299,149.1655036,15.00
179.47,15,follower,-35.3633299,149.1654925,15.00
179.97,15,follower,-35.3633299,149.1654816,15.00
180.47,15,follower,-35.3633300,149.1654706,15.00
180.98,15,follower,-35.3633300,149.1654597,15.00
181.48,15,follower,-35.3633300,149.1654488,15.00
181.98,15,follower,-35.3633300,149.1654378,15.00
182.47,15,follower,-35.3633300,149.1654268,15.00
182.97,15,follower,-35.3633300,149.1654159,15.00
183.47,15,follower,-35.3633300,149.1654050,15.00
183.97,15,follower,-35.3633300,149.1653942,15.00
184.47,15,follower,-35.3633299,149.1653834,15.00
184.98,15,follower,-35.3633299,149.1653726,15.00
185.47,15,follower,-35.3633299,149.1653621,15.00
185.98,15,follower,-35.3633299,149.1653555,15.00
186.47,15,follower,-35.3633299,149.1653552,15.00
186.98,15,follower,-35.3633297,149.1653579,15.00
187.48,15,follower,-35.3633296,149.1653594,15.00
187.98,15,follower,-35.3633297,149.1653600,15.00
188.48,15,follower,-35.3633297,149.1653602,15.00
188.98,15,follower,-35.3633297,149.1653605,15.00
189.48,15,follower,-35.3633298,149.1653610,15.00
189.98,15,follower,-35.3633298,149.1653614,15.00
190.47,15,follower,-35.3633299,149.1653618,15.00
190.98,15,follower,-35.3633299,149.1653621,15.00
46.95,16,follower,-35.3632787,149.1650606,2.23
47.45,16,follower,-35.3632786,149.1650606,3.39
47.95,16,follower,-35.3632786,149.1650605,4.67
48.45,16,follower,-35.3632786,149.1650605,5.95
48.95,16,follower,-35.3632786,149.1650605,7.19
49.45,16,follower,-35.3632786,149.1650605,8.42
49.95,16,follower,-35.3632786,149.1650605,9.66
50.45,16,follower,-35.3632786,149.1650605,10.90
50.95,16,follower,-35.3632786,149.1650606,12.13
51.45,16,follower,-35.3632786,149.1650606,13.29
51.95,16,follower,-35.3632786,149.1650606,14.72
52.45,16,follower,-35.3632786,149.1650606,16.47
52.95,16,follower,-35.3632786,149.1650605,17.76
53.45,16,follower,-35.3632786,149.1650605,18.64
53.95,16,follower,-35.3632786,149.1650605,19.24
54.45,16,follower,-35.3632786,149.1650605,19.60
54.95,16,follower,-35.3632786,149.1650605,19.71
55.45,16,follower,-35.3632786,149.1650605,19.60
55.95,16,follower,-35.3632786,149.1650605,19.23
56.45,16,follower,-35.3632786,149.1650605,18.61
56.95,16,follower,-35.3632786,149.1650605,17.83
57.45,16,follower,-35.3632786,149.1650605,17.06
57.95,16,follower,-35.3632786,149.1650605,16.32
58.45,16,follower,-35.3632786,149.1650605,15.63
58.95,16,follower,-35.3632786,149.1650605,15.16
59.45,16,follower,-35.3632786,149.1650605,14.96
59.95,16,follower,-35.3632786,149.1650605,14.97
60.45,16,follower,-35.3632786,149.1650605,15.01
60.96,16,follower,-35.3632786,149.1650605,15.03
61.45,16,follower,-35.3632786,149.1650605,15.02
61.95,16,follower,-35.3632786,149.1650606,15.02
62.45,16,follower,-35.3632786,149.1650606,15.01
62.95,16,follower,-35.3632786,149.1650606,15.01
63.46,16,follower,-35.3632786,149.1650606,15.01
63.95,16,follower,-35.3632786,149.1650606,15.01
64.45,16,follower,-35.3632786,149.1650606,15.01
64.95,16,follower,-35.3632786,149.1650606,15.00
65.45,16,follower,-35.3632786,149.1650605,15.00
65.95,16,follower,-35.3632786,149.1650605,15.00
66.45,16,follower,-35.3632786,149.1650605,15.00
66.95,16,follower,-35.3632786,149.1650605,15.00
67.45,16,follower,-35.3632786,149.1650605,15.00
67.95,16,follower,-35.3632786,149.1650605,15.00
68.45,16,follower,-35.3632786,149.1650605,15.00
68.95,16,follower,-35.3632786,149.1650605,15.00
69.45,16,follower,-35.3632786,149.1650605,15.00
69.95,16,follower,-35.3632786,149.1650606,15.00
70.46,16,follower,-35.3632786,149.1650606,15.00
70.95,16,follower,-35.3632786,149.1650606,15.00
71.45,16,follower,-35.3632786,149.1650606,15.00
71.95,16,follower,-35.3632786,149.1650606,15.00
72.45,16,follower,-35.3632786,149.1650606,15.00
72.95,16,follower,-35.3632786,149.1650606,15.00
73.46,16,follower,-35.3632786,149.1650606,15.00
73.95,16,follower,-35.3632786,149.1650606,15.00
74.45,16,follower,-35.3632786,149.1650606,15.00
74.96,16,follower,-35.3632786,149.1650605,15.00
75.46,16,follower,-35.3632786,149.1650605,15.00
75.95,16,follower,-35.3632786,149.1650605,15.00
76.45,16,follower,-35.3632786,149.1650605,15.00
76.95,16,follower,-35.3632786,149.1650605,15.00
77.45,16,follower,-35.3632786,149.1650605,15.00
77.96,16,follower,-35.3632786,149.1650605,15.00
78.45,16,follower,-35.3632786,149.1650605,15.00
78.96,16,follower,-35.3632786,149.1650605,15.00
79.45,16,follower,-35.3632786,149.1650605,15.00
79.96,16,follower,-35.3632786,149.1650605,15.00
80.46,16,follower,-35.3632786,149.1650605,15.00
80.95,16,follower,-35.3632786,149.1650605,15.00
81.46,16,follower,-35.3632786,149.1650605,15.00
81.95,16,follower,-35.3632786,149.1650606,15.00
82.46,16,follower,-35.3632786,149.1650606,15.00
82.95,16,follower,-35.3632786,149.1650606,15.00
83.46,16,follower,-35.3632786,149.1650606,15.00
83.96,16,follower,-35.3632786,149.1650606,15.00
84.46,16,follower,-35.3632786,149.1650606,15.00
84.96,16,follower,-35.3632786,149.1650606,15.00
85.46,16,follower,-35.3632786,149.1650606,15.00
85.96,16,follower,-35.3632786,149.1650606,15.00
86.45,16,follower,-35.3632786,149.1650606,15.00
86.96,16,follower,-35.3632786,149.1650606,15.00
87.45,16,follower,-35.3632786,149.1650606,15.00
87.96,16,follower,-35.3632786,149.1650605,15.00
88.46,16,follower,-35.3632786,149.1650605,15.00
88.95,16,follower,-35.3632786,149.1650605,15.00
89.45,16,follower,-35.3632786,149.1650605,15.00
89.96,16,follower,-35.3632786,149.1650605,15.00
90.46,16,follower,-35.3632786,149.1650605,15.00
90.96,16,follower,-35.3632786,149.1650605,15.00
91.45,16,follower,-35.3632786,149.1650605,15.00
91.96,16,follower,-35.3632786,149.1650605,15.00
92.46,16,follower,-35.3632786,149.1650605,15.00
92.96,16,follower,-35.3632786,149.1650606,15.00
93.46,16,follower,-35.3632786,149.1650606,15.00
93.96,16,follower,-35.3632786,149.1650606,15.00
94.46,16,follower,-35.3632786,149.1650606,15.00
94.96,16,follower,-35.3632786,149.1650606,15.00
95.46,16,follower,-35.3632786,149.1650606,15.00
95.96,16,follower,-35.3632786,149.1650606,15.00
96.46,16,follower,-35.3632786,149.1650606,15.00
96.96,16,follower,-35.3632786,149.1650606,15.00
97.46,16,follower,-35.3632786,149.1650606,15.00
97.96,16,follower,-35.3632786,149.1650605,15.00
98.46,16,follower,-35.3632786,149.1650605,15.00
98.96,16,follower,-35.3632786,149.1650605,15.00
99.46,16,follower,-35.3632786,149.1650605,15.00
99.96,16,follower,-35.3632786,149.1650605,15.00
100.46,16,follower,-35.3632786,149.1650605,15.00
100.96,16,follower,-35.3632786,149.1650605,15.00
101.46,16,follower,-35.3632786,149.1650605,15.00
101.96,16,follower,-35.3632786,149.1650606,15.00
102.46,16,follower,-35.3632786,149.1650606,15.00
102.96,16,follower,-35.3632786,149.1650606,15.00
103.46,16,follower,-35.3632786,149.1650606,15.00
103.96,16,follower,-35.3632786,149.1650606,15.00
104.46,16,follower,-35.3632786,149.1650606,15.00
104.96,16,follower,-35.3632786,149.1650606,15.00
105.46,16,follower,-35.3632786,149.1650606,15.00
105.96,16,follower,-35.3632786,149.1650606,15.00
106.46,16,follower,-35.3632786,149.1650606,15.00
106.96,16,follower,-35.3632786,149.1650605,15.00
107.46,16,follower,-35.3632786,149.1650605,15.00
107.96,16,follower,-35.3632786,149.1650605,15.00
108.46,16,follower,-35.3632786,149.1650605,15.00
108.96,16,follower,-35.3632786,149.1650605,15.00
109.46,16,follower,-35.3632786,149.1650605,15.00
109.96,16,follower,-35.3632786,149.1650605,15.00
110.46,16,follower,-35.3632786,149.1650605,15.00
110.96,16,follower,-35.3632786,149.1650605,15.00
111.46,16,follower,-35.3632786,149.1650606,15.00
111.96,16,follower,-35.3632786,149.1650606,15.00
112.46,16,follower,-35.3632786,149.1650606,15.00
112.96,16,follower,-35.3632786,149.1650606,15.00
113.46,16,follower,-35.3632786,149.1650606,15.00
113.96,16,follower,-35.3632786,149.1650606,15.00
114.46,16,follower,-35.3632786,149.1650606,15.00
114.96,16,follower,-35.3632786,149.1650606,15.00
115.46,16,follower,-35.3632786,149.1650606,15.00
115.96,16,follower,-35.3632786,149.1650606,15.00
116.46,16,follower,-35.3632786,149.1650606,15.00
116.96,16,follower,-35.3632786,149.1650606,15.00
117.46,16,follower,-35.3632786,149.1650606,15.00
117.96,16,follower,-35.3632786,149.1650606,15.00
118.46,16,follower,-35.3632786,149.1650606,15.00
118.96,16,follower,-35.3632786,149.1650606,15.00
119.46,16,follower,-35.3632786,149.1650606,15.00
119.96,16,follower,-35.3632786,149.1650606,15.00
120.46,16,follower,-35.3632786,149.1650606,15.00
120.96,16,follower,-35.3632786,149.1650606,15.00
121.46,16,follower,-35.3632786,149.1650606,15.00
121.96,16,follower,-35.3632786,149.1650606,15.00
122.47,16,follower,-35.3632786,149.1650606,15.00
122.96,16,follower,-35.3632786,149.1650606,15.00
123.46,16,follower,-35.3632786,149.1650606,15.00
123.96,16,follower,-35.3632786,149.1650606,15.00
124.46,16,follower,-35.3632786,149.1650606,15.00
124.96,16,follower,-35.3632783,149.1650605,15.00
125.46,16,follower,-35.3632763,149.1650604,15.00
125.96,16,follower,-35.3632688,149.1650603,15.00
126.46,16,follower,-35.3632563,149.1650602,15.00
126.96,16,follower,-35.3632436,149.1650602,15.00
127.46,16,follower,-35.3632339,149.1650603,15.00
127.96,16,follower,-35.3632247,149.1650604,15.00
128.46,16,follower,-35.3632154,149.1650604,15.00
128.96,16,follower,-35.3632059,149.1650604,15.00
129.46,16,follower,-35.3631965,149.1650604,15.00
129.97,16,follower,-35.3631872,149.1650604,15.00
130.47,16,follower,-35.3631781,149.1650604,15.00
130.97,16,follower,-35.3631691,149.1650604,15.00
131.46,16,follower,-35.3631603,149.1650604,15.00
131.96,16,follower,-35.3631514,149.1650603,15.00
132.47,16,follower,-35.3631425,149.1650603,15.00
132.96,16,follower,-35.3631336,149.1650603,15.00
133.46,16,follower,-35.3631247,149.1650603,15.00
133.97,16,follower,-35.3631157,149.1650603,15.00
134.47,16,follower,-35.3631068,149.1650603,15.00
134.96,16,follower,-35.3630979,149.1650603,15.00
135.46,16,follower,-35.3630890,149.1650603,15.00
135.97,16,follower,-35.3630801,149.1650603,15.00
136.47,16,follower,-35.3630712,149.1650603,15.00
136.96,16,follower,-35.3630623,149.1650603,15.00
137.47,16,follower,-35.3630534,149.1650603,15.00
137.96,16,follower,-35.3630445,149.1650603,15.00
138.47,16,follower,-35.3630356,149.1650603,15.00
138.97,16,follower,-35.3630268,149.1650603,15.00
139.46,16,follower,-35.3630179,149.1650603,15.00
139.97,16,follower,-35.3630091,149.1650603,15.00
140.46,16,follower,-35.3630017,149.1650603,15.00
140.97,16,follower,-35.3629999,149.1650603,15.00
141.47,16,follower,-35.3630034,149.1650613,15.00
141.97,16,follower,-35.3630071,149.1650667,15.00
142.47,16,follower,-35.3630073,149.1650777,15.00
142.97,16,follower,-35.3630069,149.1650954,15.01
143.46,16,follower,-35.3630067,149.1651157,15.01
143.96,16,follower,-35.3630069,149.1651326,15.00
144.47,16,follower,-35.3630076,149.1651443,15.00
144.97,16,follower,-35.3630083,149.1651557,15.00
145.47,16,follower,-35.3630086,149.1651675,15.00
145.97,16,follower,-35.3630088,149.1651802,15.00
146.47,16,follower,-35.3630087,149.1651918,15.00
146.97,16,follower,-35.3630087,149.1652036,15.00
147.47,16,follower,-35.3630087,149.1652152,15.00
147.97,16,follower,-35.3630087,149.1652264,15.00
148.47,16,follower,-35.3630087,149.1652375,15.00
148.97,16,follower,-35.3630087,149.1652484,15.00
149.47,16,follower,-35.3630087,149.1652594,15.00
149.97,16,follower,-35.3630087,149.1652703,15.00
150.47,16,follower,-35.3630087,149.1652813,15.00
150.97,16,follower,-35.3630087,149.1652922,15.00
151.47,16,follower,-35.3630087,149.1653031,15.00
151.97,16,follower,-35.3630087,149.1653140,15.00
152.47,16,follower,-35.3630087,149.1653250,15.00
152.97,16,follower,-35.3630087,149.1653359,15.00
153.47,16,follower,-35.3630087,149.1653468,15.00
153.97,16,follower,-35.3630087,149.1653578,15.00
154.47,16,follower,-35.3630087,149.1653687,15.00
154.97,16,follower,-35.3630087,149.1653795,15.00
155.47,16,follower,-35.3630087,149.1653891,15.00
155.97,16,follower,-35.3630087,149.1653930,15.00
156.47,16,follower,-35.3630092,149.1653898,15.00
156.97,16,follower,-35.3630128,149.1653848,15.00
157.47,16,follower,-35.3630208,149.1653838,15.00
157.97,16,follower,-35.3630341,149.1653841,15.01
158.47,16,follower,-35.3630506,149.1653843,15.01
158.97,16,follower,-35.3630643,149.1653840,15.00
159.47,16,follower,-35.3630744,149.1653832,15.00
159.97,16,follower,-35.3630848,149.1653823,15.00
160.47,16,follower,-35.3630947,149.1653817,15.00
160.97,16,follower,-35.3631051,149.1653814,15.00
161.47,16,follower,-35.3631144,149.1653814,15.00
161.97,16,follower,-35.3631236,149.1653814,15.00
162.47,16,follower,-35.3631322,149.1653814,15.00
162.97,16,follower,-35.3631417,149.1653814,15.00
163.47,16,follower,-35.3631505,149.1653814,15.00
163.97,16,follower,-35.3631598,149.1653814,15.00
164.47,16,follower,-35.3631684,149.1653814,15.00
164.97,16,follower,-35.3631776,149.1653814,15.00
165.47,16,follower,-35.3631868,149.1653814,15.00
165.97,16,follower,-35.3631959,149.1653814,15.00
166.47,16,follower,-35.3632049,149.1653814,15.00
166.97,16,follower,-35.3632139,149.1653814,15.00
167.47,16,follower,-35.3632229,149.1653814,15.00
167.97,16,follower,-35.3632318,149.1653814,15.00
168.47,16,follower,-35.3632406,149.1653814,15.00
168.97,16,follower,-35.3632494,149.1653814,15.00
169.47,16,follower,-35.3632582,149.1653814,15.00
169.97,16,follower,-35.3632671,149.1653814,15.00
170.47,16,follower,-35.3632755,149.1653814,15.00
170.97,16,follower,-35.3632799,149.1653814,15.00
171.48,16,follower,-35.3632784,149.1653811,15.00
171.97,16,follower,-35.3632741,149.1653778,15.00
172.47,16,follower,-35.3632725,149.1653693,15.00
172.97,16,follower,-35.3632728,149.1653543,15.00
173.47,16,follower,-35.3632729,149.1653344,15.01
173.97,16,follower,-35.3632728,149.1653160,15.01
174.47,16,follower,-35.3632723,149.1653030,15.00
174.97,16,follower,-35.3632716,149.1652915,15.00
175.47,16,follower,-35.3632709,149.1652799,15.00
175.97,16,follower,-35.3632705,149.1652682,15.00
176.48,16,follower,-35.3632704,149.1652566,15.00
176.98,16,follower,-35.3632704,149.1652441,15.00
177.47,16,follower,-35.3632703,149.1652326,15.00
177.97,16,follower,-35.3632704,149.1652211,15.00
178.47,16,follower,-35.3632704,149.1652107,15.00
178.98,16,follower,-35.3632704,149.1651990,15.00
179.48,16,follower,-35.3632704,149.1651881,15.00
179.97,16,follower,-35.3632704,149.1651766,15.00
180.47,16,follower,-35.3632704,149.1651659,15.00
180.98,16,follower,-35.3632704,149.1651546,15.00
181.47,16,follower,-35.3632705,149.1651440,15.00
181.97,16,follower,-35.3632705,149.1651327,15.00
182.48,16,follower,-35.3632705,149.1651222,15.00
182.97,16,follower,-35.3632705,149.1651109,15.00
183.48,16,follower,-35.3632705,149.1650996,15.00
183.97,16,follower,-35.3632705,149.1650884,15.00
184.47,16,follower,-35.3632704,149.1650775,15.00
184.97,16,follower,-35.3632704,149.1650665,15.00
185.48,16,follower,-35.3632704,149.1650560,15.00
185.98,16,follower,-35.3632704,149.1650493,15.00
186.47,16,follower,-35.3632704,149.1650497,15.00
186.98,16,follower,-35.3632702,149.1650537,15.00
187.48,16,follower,-35.3632701,149.1650556,15.00
187.97,16,follower,-35.3632701,149.1650560,15.00
188.47,16,follower,-35.3632701,149.1650562,15.00
188.97,16,follower,-35.3632702,149.1650565,15.00
189.47,16,follower,-35.3632703,149.1650570,15.00
189.97,16,follower,-35.3632704,149.1650574,15.00
190.48,16,follower,-35.3632704,149.1650578,15.00
190.97,16,follower,-35.3632704,149.1650581,15.00
46.95,17,follower,-35.3631509,149.1653434,2.23
47.45,17,follower,-35.3631509,149.1653434,3.39
47.95,17,follower,-35.3631509,149.1653434,4.67
48.45,17,follower,-35.3631509,149.1653434,5.95
48.95,17,follower,-35.3631508,149.1653434,7.19
49.45,17,follower,-35.3631508,149.1653434,8.42
49.95,17,follower,-35.3631508,149.1653434,9.66
50.45,17,follower,-35.3631508,149.1653434,10.90
50.95,17,follower,-35.3631508,149.1653434,12.13
51.45,17,follower,-35.3631508,149.1653434,13.31
51.95,17,follower,-35.3631509,149.1653434,14.84
52.45,17,follower,-35.3631509,149.1653433,16.63
52.95,17,follower,-35.3631509,149.1653433,17.92
53.45,17,follower,-35.3631509,149.1653432,18.80
53.95,17,follower,-35.3631509,149.1653432,19.39
54.45,17,follower,-35.3631509,149.1653432,19.74
54.95,17,follower,-35.3631509,149.1653432,19.86
55.45,17,follower,-35.3631509,149.1653432,19.75
55.95,17,follower,-35.3631509,149.1653432,19.39
56.45,17,follower,-35.3631509,149.1653432,18.76
56.95,17,follower,-35.3631509,149.1653431,17.98
57.45,17,follower,-35.3631509,149.1653431,17.22
57.95,17,follower,-35.3631509,149.1653431,16.47
58.45,17,follower,-35.3631509,149.1653431,15.76
58.95,17,follower,-35.3631509,149.1653431,15.24
59.45,17,follower,-35.3631509,149.1653432,14.98
59.95,17,follower,-35.3631509,149.1653432,14.96
60.45,17,follower,-35.3631509,149.1653432,15.01
60.95,17,follower,-35.3631509,149.1653432,15.03
61.45,17,follower,-35.3631509,149.1653432,15.02
61.95,17,follower,-35.3631509,149.1653432,15.02
62.45,17,follower,-35.3631509,149.1653433,15.02
62.95,17,follower,-35.3631509,149.1653433,15.01
63.45,17,follower,-35.3631509,149.1653433,15.01
63.95,17,follower,-35.3631509,149.1653433,15.01
64.45,17,follower,-35.3631509,149.1653433,15.01
64.96,17,follower,-35.3631509,149.1653433,15.01
65.45,17,follower,-35.3631509,149.1653433,15.00
65.95,17,follower,-35.3631509,149.1653433,15.00
66.45,17,follower,-35.3631509,149.1653433,15.00
66.96,17,follower,-35.3631509,149.1653433,15.00
67.45,17,follower,-35.3631509,149.1653432,15.00
67.95,17,follower,-35.3631509,149.1653432,15.00
68.46,17,follower,-35.3631509,149.1653432,15.00
68.95,17,follower,-35.3631509,149.1653432,15.00
69.46,17,follower,-35.3631509,149.1653432,15.00
69.96,17,follower,-35.3631509,149.1653432,15.00
70.45,17,follower,-35.3631509,149.1653432,15.00
70.95,17,follower,-35.3631509,149.1653433,15.00
71.45,17,follower,-35.3631509,149.1653433,15.00
71.95,17,follower,-35.3631509,149.1653433,15.00
72.46,17,follower,-35.3631509,149.1653433,15.00
72.95,17,follower,-35.3631509,149.1653433,15.00
73.45,17,follower,-35.3631509,149.1653433,15.00
73.96,17,follower,-35.3631509,149.1653433,15.00
74.46,17,follower,-35.3631509,149.1653433,15.00
74.95,17,follower,-35.3631509,149.1653433,15.00
75.45,17,follower,-35.3631509,149.1653433,15.00
75.96,17,follower,-35.3631509,149.1653433,15.00
76.46,17,follower,-35.3631509,149.1653432,15.00
76.95,17,follower,-35.3631509,149.1653432,15.00
77.45,17,follower,-35.3631509,149.1653432,15.00
77.95,17,follower,-35.3631509,149.1653432,15.00
78.45,17,follower,-35.3631509,149.1653432,15.00
78.95,17,follower,-35.3631509,149.1653432,15.00
79.46,17,follower,-35.3631509,149.1653432,15.00
79.96,17,follower,-35.3631509,149.1653432,15.00
80.45,17,follower,-35.3631509,149.1653432,15.00
80.96,17,follower,-35.3631509,149.1653432,15.00
81.45,17,follower,-35.3631509,149.1653432,15.00
81.95,17,follower,-35.3631509,149.1653432,15.00
82.45,17,follower,-35.3631509,149.1653432,15.00
82.96,17,follower,-35.3631509,149.1653433,15.00
83.46,17,follower,-35.3631509,149.1653433,15.00
83.96,17,follower,-35.3631509,149.1653433,15.00
84.45,17,follower,-35.3631509,149.1653433,15.00
84.95,17,follower,-35.3631509,149.1653433,15.00
85.46,17,follower,-35.3631509,149.1653433,15.00
85.96,17,follower,-35.3631509,149.1653433,15.00
86.45,17,follower,-35.3631509,149.1653433,15.00
86.95,17,follower,-35.3631509,149.1653433,15.00
87.46,17,follower,-35.3631509,149.1653433,15.00
87.96,17,follower,-35.3631509,149.1653433,15.00
88.46,17,follower,-35.3631509,149.1653432,15.00
88.95,17,follower,-35.3631509,149.1653432,15.00
89.46,17,follower,-35.3631509,149.1653432,15.00
89.96,17,follower,-35.3631509,149.1653432,15.00
90.46,17,follower,-35.3631509,149.1653432,15.00
90.96,17,follower,-35.3631509,149.1653432,15.00
91.46,17,follower,-35.3631509,149.1653432,15.00
91.96,17,follower,-35.3631509,149.1653432,15.00
92.46,17,follower,-35.3631509,149.1653432,15.00
92.96,17,follower,-35.3631509,149.1653432,15.00
93.46,17,follower,-35.3631509,149.1653432,15.00
93.96,17,follower,-35.3631509,149.1653432,15.00
94.46,17,follower,-35.3631509,149.1653432,15.00
94.96,17,follower,-35.3631509,149.1653432,15.00
95.46,17,follower,-35.3631509,149.1653432,15.00
95.96,17,follower,-35.3631509,149.1653433,15.00
96.46,17,follower,-35.3631509,149.1653433,15.00
96.96,17,follower,-35.3631509,149.1653433,15.00
97.46,17,follower,-35.3631509,149.1653433,15.00
97.96,17,follower,-35.3631509,149.1653433,15.00
98.46,17,follower,-35.3631509,149.1653433,15.00
98.96,17,follower,-35.3631509,149.1653433,15.00
99.46,17,follower,-35.3631509,149.1653433,15.00
99.96,17,follower,-35.3631509,149.1653433,15.00
100.46,17,follower,-35.3631509,149.1653433,15.00
100.96,17,follower,-35.3631509,149.1653433,15.00
101.46,17,follower,-35.3631509,149.1653433,15.00
101.96,17,follower,-35.3631509,149.1653433,15.00
102.46,17,follower,-35.3631509,149.1653433,15.00
102.96,17,follower,-35.3631509,149.1653433,15.00
103.46,17,follower,-35.3631509,149.1653433,15.00
103.96,17,follower,-35.3631509,149.1653433,15.00
104.46,17,follower,-35.3631509,149.1653433,15.00
104.96,17,follower,-35.3631509,149.1653433,15.00
105.46,17,follower,-35.3631509,149.1653433,15.00
105.96,17,follower,-35.3631509,149.1653433,15.00
106.46,17,follower,-35.3631509,149.1653433,15.00
106.96,17,follower,-35.3631509,149.1653433,15.00
107.46,17,follower,-35.3631509,149.1653433,15.00
107.96,17,follower,-35.3631509,149.1653433,15.00
108.46,17,follower,-35.3631509,149.1653433,15.00
108.96,17,follower,-35.3631509,149.1653433,15.00
109.46,17,follower,-35.3631509,149.1653433,15.00
109.96,17,follower,-35.3631509,149.1653433,15.00
110.46,17,follower,-35.3631509,149.1653433,15.00
110.96,17,follower,-35.3631509,149.1653433,15.00
111.46,17,follower,-35.3631509,149.1653433,15.00
111.96,17,follower,-35.3631509,149.1653433,15.00
112.46,17,follower,-35.3631509,149.1653433,15.00
112.96,17,follower,-35.3631509,149.1653433,15.00
113.46,17,follower,-35.3631509,149.1653433,15.00
113.96,17,follower,-35.3631509,149.1653433,15.00
114.46,17,follower,-35.3631509,149.1653433,15.00
114.96,17,follower,-35.3631509,149.1653433,15.00
115.46,17,follower,-35.3631509,149.1653433,15.00
115.96,17,follower,-35.3631509,149.1653433,15.00
116.46,17,follower,-35.3631509,149.1653433,15.00
116.96,17,follower,-35.3631509,149.1653433,15.00
117.46,17,follower,-35.3631509,149.1653433,15.00
117.96,17,follower,-35.3631509,149.1653433,15.00
118.46,17,follower,-35.3631509,149.1653433,15.00
118.96,17,follower,-35.3631509,149.1653433,15.00
119.46,17,follower,-35.3631509,149.1653433,15.00
119.96,17,follower,-35.3631509,149.1653433,15.00
120.46,17,follower,-35.3631509,149.1653433,15.00
120.97,17,follower,-35.3631509,149.1653433,15.00
121.46,17,follower,-35.3631509,149.1653433,15.00
121.96,17,follower,-35.3631509,149.1653433,15.00
122.46,17,follower,-35.3631509,149.1653433,15.00
122.96,17,follower,-35.3631509,149.1653433,15.00
123.46,17,follower,-35.3631509,149.1653433,15.00
123.97,17,follower,-35.3631509,149.1653433,15.00
124.46,17,follower,-35.3631509,149.1653433,15.00
124.96,17,follower,-35.3631508,149.1653433,15.00
125.46,17,follower,-35.3631478,149.1653431,15.00
125.96,17,follower,-35.3631388,149.1653429,15.00
126.46,17,follower,-35.3631268,149.1653428,15.00
126.96,17,follower,-35.3631165,149.1653428,15.00
127.46,17,follower,-35.3631074,149.1653430,15.00
127.96,17,follower,-35.3630984,149.1653430,15.00
128.47,17,follower,-35.3630892,149.1653431,15.00
128.96,17,follower,-35.3630799,149.1653431,15.00
129.46,17,follower,-35.3630706,149.1653431,15.00
129.96,17,follower,-35.3630614,149.1653431,15.00
130.46,17,follower,-35.3630523,149.1653431,15.00
130.96,17,follower,-35.3630433,149.1653430,15.00
131.47,17,follower,-35.3630341,149.1653430,15.00
131.97,17,follower,-35.3630244,149.1653430,15.00
132.46,17,follower,-35.3630151,149.1653430,15.00
132.96,17,follower,-35.3630055,149.1653430,15.00
133.47,17,follower,-35.3629969,149.1653430,15.00
133.97,17,follower,-35.3629876,149.1653430,15.00
134.46,17,follower,-35.3629790,149.1653430,15.00
134.96,17,follower,-35.3629695,149.1653430,15.00
135.47,17,follower,-35.3629606,149.1653430,15.00
135.96,17,follower,-35.3629513,149.1653430,15.00
136.46,17,follower,-35.3629427,149.1653430,15.00
136.97,17,follower,-35.3629336,149.1653430,15.00
137.46,17,follower,-35.3629243,149.1653430,15.00
137.96,17,follower,-35.3629153,149.1653430,15.00
138.47,17,follower,-35.3629063,149.1653430,15.00
138.97,17,follower,-35.3628974,149.1653430,15.00
139.46,17,follower,-35.3628885,149.1653430,15.00
139.97,17,follower,-35.3628797,149.1653430,15.00
140.46,17,follower,-35.3628730,149.1653430,15.00
140.97,17,follower,-35.3628719,149.1653430,15.00
141.47,17,follower,-35.3628758,149.1653444,15.00
141.97,17,follower,-35.3628790,149.1653505,15.00
142.47,17,follower,-35.3628791,149.1653626,15.00
142.97,17,follower,-35.3628790,149.1653811,15.01
143.47,17,follower,-35.3628789,149.1654011,15.01
143.97,17,follower,-35.3628791,149.1654159,15.00
144.47,17,follower,-35.3628798,149.1654275,15.00
144.97,17,follower,-35.3628804,149.1654388,15.00
145.46,17,follower,-35.3628808,149.1654503,15.00
145.97,17,follower,-35.3628811,149.1654618,15.00
146.47,17,follower,-35.3628811,149.1654732,15.00
146.97,17,follower,-35.3628811,149.1654844,15.00
147.47,17,follower,-35.3628811,149.1654957,15.00
147.97,17,follower,-35.3628811,149.1655079,15.00
148.47,17,follower,-35.3628811,149.1655191,15.00
148.97,17,follower,-35.3628811,149.1655310,15.00
149.47,17,follower,-35.3628811,149.1655419,15.00
149.97,17,follower,-35.3628811,149.1655529,15.00
150.47,17,follower,-35.3628811,149.1655631,15.00
150.97,17,follower,-35.3628811,149.1655747,15.00
151.47,17,follower,-35.3628810,149.1655857,15.00
151.97,17,follower,-35.3628810,149.1655971,15.00
152.47,17,follower,-35.3628810,149.1656084,15.00
152.97,17,follower,-35.3628810,149.1656194,15.00
153.47,17,follower,-35.3628810,149.1656304,15.00
153.97,17,follower,-35.3628810,149.1656414,15.00
154.47,17,follower,-35.3628810,149.1656523,15.00
154.97,17,follower,-35.3628811,149.1656632,15.00
155.47,17,follower,-35.3628810,149.1656726,15.00
155.97,17,follower,-35.3628811,149.1656758,15.00
156.47,17,follower,-35.3628817,149.1656722,15.00
156.97,17,follower,-35.3628857,149.1656673,15.00
157.47,17,follower,-35.3628940,149.1656666,15.00
157.97,17,follower,-35.3629079,149.1656669,15.01
158.47,17,follower,-35.3629244,149.1656670,15.01
158.97,17,follower,-35.3629377,149.1656667,15.00
159.47,17,follower,-35.3629475,149.1656659,15.00
159.97,17,follower,-35.3629568,149.1656650,15.00
160.47,17,follower,-35.3629663,149.1656644,15.00
160.97,17,follower,-35.3629758,149.1656641,15.00
161.47,17,follower,-35.3629852,149.1656640,15.00
161.97,17,follower,-35.3629943,149.1656640,15.00
162.47,17,follower,-35.3630033,149.1656640,15.00
162.97,17,follower,-35.3630122,149.1656640,15.00
163.47,17,follower,-35.3630211,149.1656640,15.00
163.97,17,follower,-35.3630300,149.1656640,15.00
164.47,17,follower,-35.3630396,149.1656641,15.00
164.97,17,follower,-35.3630495,149.1656641,15.00
165.47,17,follower,-35.3630583,149.1656641,15.00
165.97,17,follower,-35.3630677,149.1656641,15.00
166.47,17,follower,-35.3630764,149.1656642,15.00
166.97,17,follower,-35.3630860,149.1656642,15.00
167.47,17,follower,-35.3630949,149.1656642,15.00
167.97,17,follower,-35.3631042,149.1656642,15.00
168.47,17,follower,-35.3631128,149.1656642,15.00
168.97,17,follower,-35.3631220,149.1656642,15.00
169.47,17,follower,-35.3631313,149.1656641,15.00
169.97,17,follower,-35.3631404,149.1656641,15.00
170.47,17,follower,-35.3631486,149.1656641,15.00
170.97,17,follower,-35.3631525,149.1656640,15.00
171.48,17,follower,-35.3631505,149.1656636,15.00
171.97,17,follower,-35.3631463,149.1656598,15.00
172.47,17,follower,-35.3631450,149.1656509,15.00
172.97,17,follower,-35.3631453,149.1656353,15.01
173.47,17,follower,-35.3631453,149.1656152,15.01
173.97,17,follower,-35.3631451,149.1655972,15.01
174.47,17,follower,-35.3631445,149.1655845,15.00
174.97,17,follower,-35.3631438,149.1655730,15.00
175.47,17,follower,-35.3631432,149.1655613,15.00
175.97,17,follower,-35.3631428,149.1655497,15.00
176.47,17,follower,-35.3631426,149.1655382,15.00
176.97,17,follower,-35.3631426,149.1655270,15.00
177.47,17,follower,-35.3631426,149.1655159,15.00
177.97,17,follower,-35.3631426,149.1655049,15.00
178.48,17,follower,-35.3631427,149.1654941,15.00
178.97,17,follower,-35.3631427,149.1654833,15.00
179.48,17,follower,-35.3631427,149.1654724,15.00
179.98,17,follower,-35.3631427,149.1654615,15.00
180.47,17,follower,-35.3631428,149.1654505,15.00
180.98,17,follower,-35.3631428,149.1654386,15.00
181.47,17,follower,-35.3631428,149.1654276,15.00
181.97,17,follower,-35.3631428,149.1654168,15.00
182.48,17,follower,-35.3631428,149.1654047,15.00
182.98,17,follower,-35.3631428,149.1653931,15.00
183.47,17,follower,-35.3631428,149.1653827,15.00
183.97,17,follower,-35.3631428,149.1653715,15.00
184.47,17,follower,-35.3631428,149.1653611,15.00
184.97,17,follower,-35.3631428,149.1653495,15.00
185.48,17,follower,-35.3631428,149.1653390,15.00
185.97,17,follower,-35.3631427,149.1653319,15.00
186.47,17,follower,-35.3631427,149.1653321,15.00
186.98,17,follower,-35.3631425,149.1653364,15.00
187.47,17,follower,-35.3631423,149.1653386,15.00
187.98,17,follower,-35.3631424,149.1653389,15.00
188.48,17,follower,-35.3631424,149.1653390,15.00
188.98,17,follower,-35.3631425,149.1653392,15.00
189.48,17,follower,-35.3631426,149.1653397,15.00
189.97,17,follower,-35.3631427,149.1653402,15.00
190.47,17,follower,-35.3631427,149.1653406,15.00
190.98,17,follower,-35.3631427,149.1653408,15.00
46.95,18,follower,-35.3634089,149.1652374,2.23
47.45,18,follower,-35.3634089,149.1652374,3.39
47.95,18,follower,-35.3634089,149.1652374,4.67
48.45,18,follower,-35.3634089,149.1652374,5.95
48.95,18,follower,-35.3634089,149.1652374,7.19
49.45,18,follower,-35.3634089,149.1652374,8.42
49.95,18,follower,-35.3634089,149.1652374,9.66
50.45,18,follower,-35.3634089,149.1652374,10.90
50.95,18,follower,-35.3634089,149.1652374,12.13
51.45,18,follower,-35.3634089,149.1652374,13.29
51.95,18,follower,-35.3634089,149.1652374,14.78
52.45,18,follower,-35.3634089,149.1652373,16.53
52.95,18,follower,-35.3634089,149.1652373,17.81
53.45,18,follower,-35.3634089,149.1652373,18.68
53.95,18,follower,-35.3634089,149.1652373,19.27
54.45,18,follower,-35.3634089,149.1652373,19.62
54.95,18,follower,-35.3634088,149.1652372,19.73
55.45,18,follower,-35.3634088,149.1652372,19.61
55.95,18,follower,-35.3634088,149.1652372,19.24
56.45,18,follower,-35.3634088,149.1652372,18.61
56.95,18,follower,-35.3634088,149.1652371,17.83
57.45,18,follower,-35.3634088,149.1652371,17.06
57.95,18,follower,-35.3634088,149.1652371,16.32
58.45,18,follower,-35.3634088,149.1652371,15.63
58.95,18,follower,-35.3634088,149.1652372,15.16
59.45,18,follower,-35.3634088,149.1652372,14.96
59.95,18,follower,-35.3634088,149.1652372,14.97
60.45,18,follower,-35.3634088,149.1652371,15.01
60.95,18,follower,-35.3634088,149.1652372,15.03
61.45,18,follower,-35.3634088,149.1652372,15.02
61.95,18,follower,-35.3634088,149.1652372,15.02
62.45,18,follower,-35.3634088,149.1652373,15.01
62.96,18,follower,-35.3634088,149.1652373,15.01
63.45,18,follower,-35.3634088,149.1652373,15.01
63.95,18,follower,-35.3634088,149.1652373,15.01
64.45,18,follower,-35.3634088,149.1652373,15.01
64.96,18,follower,-35.3634088,149.1652373,15.00
65.46,18,follower,-35.3634088,149.1652373,15.00
65.95,18,follower,-35.3634088,149.1652373,15.00
66.45,18,follower,-35.3634088,149.1652372,15.00
66.95,18,follower,-35.3634088,149.1652372,15.00
67.45,18,follower,-35.3634088,149.1652372,15.00
67.96,18,follower,-35.3634088,149.1652372,15.00
68.46,18,follower,-35.3634088,149.1652372,15.00
68.95,18,follower,-35.3634088,149.1652372,15.00
69.45,18,follower,-35.3634088,149.1652372,15.00
69.95,18,follower,-35.3634088,149.1652373,15.00
70.45,18,follower,-35.3634088,149.1652373,15.00
70.95,18,follower,-35.3634088,149.1652373,15.00
71.45,18,follower,-35.3634088,149.1652373,15.00
71.96,18,follower,-35.3634088,149.1652373,15.00
72.45,18,follower,-35.3634088,149.1652373,15.00
72.95,18,follower,-35.3634088,149.1652373,15.00
73.45,18,follower,-35.3634088,149.1652373,15.00
73.96,18,follower,-35.3634088,149.1652373,15.00
74.45,18,follower,-35.3634088,149.1652373,15.00
74.95,18,follower,-35.3634088,149.1652373,15.00
75.45,18,follower,-35.3634088,149.1652373,15.00
75.96,18,follower,-35.3634088,149.1652372,15.00
76.46,18,follower,-35.3634088,149.1652372,15.00
76.96,18,follower,-35.3634088,149.1652372,15.00
77.45,18,follower,-35.3634088,149.1652372,15.00
77.95,18,follower,-35.3634088,149.1652372,15.00
78.46,18,follower,-35.3634088,149.1652372,15.00
78.96,18,follower,-35.3634088,149.1652372,15.00
79.46,18,follower,-35.3634088,149.1652372,15.00
79.96,18,follower,-35.3634088,149.1652372,15.00
80.45,18,follower,-35.3634088,149.1652372,15.00
80.95,18,follower,-35.3634088,149.1652372,15.00
81.45,18,follower,-35.3634088,149.1652373,15.00
81.95,18,follower,-35.3634088,149.1652373,15.00
82.45,18,follower,-35.3634088,149.1652373,15.00
82.96,18,follower,-35.3634088,149.1652373,15.00
83.46,18,follower,-35.3634088,149.1652373,15.00
83.96,18,follower,-35.3634088,149.1652373,15.00
84.46,18,follower,-35.3634088,149.1652373,15.00
84.95,18,follower,-35.3634088,149.1652373,15.00
85.45,18,follower,-35.3634088,149.1652373,15.00
85.96,18,follower,-35.3634088,149.1652373,15.00
86.46,18,follower,-35.3634088,149.1652373,15.00
86.96,18,follower,-35.3634088,149.1652373,15.00
87.46,18,follower,-35.3634088,149.1652373,15.00
87.96,18,follower,-35.3634088,149.1652372,15.00
88.45,18,follower,-35.3634088,149.1652372,15.00
88.96,18,follower,-35.3634088,149.1652372,15.00
89.46,18,follower,-35.3634088,149.1652372,15.00
89.96,18,follower,-35.3634088,149.1652372,15.00
90.45,18,follower,-35.3634088,149.1652372,15.00
90.96,18,follower,-35.3634088,149.1652372,15.00
91.46,18,follower,-35.3634088,149.1652372,15.00
91.96,18,follower,-35.3634088,149.1652372,15.00
92.46,18,follower,-35.3634088,149.1652372,15.00
92.96,18,follower,-35.3634088,149.1652373,15.00
93.46,18,follower,-35.3634088,149.1652373,15.00
93.96,18,follower,-35.3634088,149.1652373,15.00
94.46,18,follower,-35.3634088,149.1652373,15.00
94.96,18,follower,-35.3634088,149.1652373,15.00
95.46,18,follower,-35.3634088,149.1652373,15.00
95.96,18,follower,-35.3634088,149.1652373,15.00
96.46,18,follower,-35.3634088,149.1652373,15.00
96.96,18,follower,-35.3634088,149.1652373,15.00
97.46,18,follower,-35.3634088,149.1652373,15.00
97.96,18,follower,-35.3634088,149.1652373,15.00
98.46,18,follower,-35.3634088,149.1652373,15.00
98.96,18,follower,-35.3634088,149.1652373,15.00
99.46,18,follower,-35.3634088,149.1652373,15.00
99.96,18,follower,-35.3634088,149.1652373,15.00
100.46,18,follower,-35.3634088,149.1652373,15.00
100.96,18,follower,-35.3634088,149.1652372,15.00
101.46,18,follower,-35.3634088,149.1652372,15.00
101.96,18,follower,-35.3634088,149.1652372,15.00
102.46,18,follower,-35.3634088,149.1652372,15.00
102.96,18,follower,-35.3634088,149.1652372,15.00
103.46,18,follower,-35.3634088,149.1652373,15.00
103.96,18,follower,-35.3634088,149.1652373,15.00
104.46,18,follower,-35.3634088,149.1652373,15.00
104.96,18,follower,-35.3634088,149.1652373,15.00
105.46,18,follower,-35.3634088,149.1652373,15.00
105.96,18,follower,-35.3634088,149.1652373,15.00
106.46,18,follower,-35.3634088,149.1652373,15.00
106.96,18,follower,-35.3634088,149.1652373,15.00
107.46,18,follower,-35.3634088,149.1652373,15.00
107.96,18,follower,-35.3634088,149.1652373,15.00
108.46,18,follower,-35.3634088,149.1652373,15.00
108.96,18,follower,-35.3634088,149.1652373,15.00
109.46,18,follower,-35.3634088,149.1652373,15.00
109.96,18,follower,-35.3634088,149.1652372,15.00
110.46,18,follower,-35.3634088,149.1652372,15.00
110.96,18,follower,-35.3634088,149.1652372,15.00
111.46,18,follower,-35.3634088,149.1652372,15.00
111.96,18,follower,-35.3634088,149.1652372,15.00
112.46,18,follower,-35.3634088,149.1652372,15.00
112.96,18,follower,-35.3634088,149.1652373,15.00
113.46,18,follower,-35.3634088,149.1652373,15.00
113.96,18,follower,-35.3634088,149.1652373,15.00
114.46,18,follower,-35.3634088,149.1652373,15.00
114.96,18,follower,-35.3634088,149.1652373,15.00
115.46,18,follower,-35.3634088,149.1652373,15.00
115.96,18,follower,-35.3634088,149.1652373,15.00
116.46,18,follower,-35.3634088,149.1652373,15.00
116.96,18,follower,-35.3634088,149.1652373,15.00
117.46,18,follower,-35.3634088,149.1652373,15.00
117.97,18,follower,-35.3634088,149.1652373,15.00
118.46,18,follower,-35.3634088,149.1652373,15.00
118.96,18,follower,-35.3634088,149.1652372,15.00
119.46,18,follower,-35.3634088,149.1652372,15.00
119.97,18,follower,-35.3634088,149.1652372,15.00
120.46,18,follower,-35.3634088,149.1652372,15.00
120.96,18,follower,-35.3634088,149.1652372,15.00
121.46,18,follower,-35.3634088,149.1652373,15.00
121.96,18,follower,-35.3634088,149.1652373,15.00
122.47,18,follower,-35.3634088,149.1652373,15.00
122.96,18,follower,-35.3634088,149.1652373,15.00
123.46,18,follower,-35.3634088,149.1652373,15.00
123.96,18,follower,-35.3634088,149.1652373,15.00
124.47,18,follower,-35.3634088,149.1652373,15.00
124.96,18,follower,-35.3634088,149.1652373,15.00
125.46,18,follower,-35.3634063,149.1652371,15.00
125.96,18,follower,-35.3633981,149.1652369,15.00
126.46,18,follower,-35.3633861,149.1652368,15.00
126.97,18,follower,-35.3633755,149.1652368,15.00
127.47,18,follower,-35.3633656,149.1652369,15.00
127.97,18,follower,-35.3633559,149.1652370,15.00
128.47,18,follower,-35.3633465,149.1652371,15.00
128.96,18,follower,-35.3633365,149.1652370,15.00
129.46,18,follower,-35.3633275,149.1652370,15.00
129.96,18,follower,-35.3633179,149.1652370,15.00
130.46,18,follower,-35.3633091,149.1652370,15.00
130.97,18,follower,-35.3632994,149.1652370,15.00
131.47,18,follower,-35.3632905,149.1652370,15.00
131.97,18,follower,-35.3632812,149.1652370,15.00
132.47,18,follower,-35.3632720,149.1652370,15.00
132.97,18,follower,-35.3632629,149.1652370,15.00
133.46,18,follower,-35.3632539,149.1652370,15.00
133.97,18,follower,-35.3632449,149.1652370,15.00
134.47,18,follower,-35.3632360,149.1652370,15.00
134.97,18,follower,-35.3632271,149.1652370,15.00
135.46,18,follower,-35.3632182,149.1652370,15.00
135.97,18,follower,-35.3632093,149.1652370,15.00
136.47,18,follower,-35.3632005,149.1652370,15.00
136.97,18,follower,-35.3631916,149.1652370,15.00
137.47,18,follower,-35.3631827,149.1652370,15.00
137.97,18,follower,-35.3631738,149.1652370,15.00
138.47,18,follower,-35.3631649,149.1652370,15.00
138.97,18,follower,-35.3631560,149.1652370,15.00
139.47,18,follower,-35.3631471,149.1652370,15.00
139.97,18,follower,-35.3631383,149.1652370,15.00
140.47,18,follower,-35.3631313,149.1652370,15.00
140.97,18,follower,-35.3631297,149.1652370,15.00
141.46,18,follower,-35.3631333,149.1652382,15.00
141.97,18,follower,-35.3631367,149.1652438,15.00
142.47,18,follower,-35.3631370,149.1652554,15.00
142.97,18,follower,-35.3631369,149.1652736,15.01
143.47,18,follower,-35.3631368,149.1652938,15.01
143.97,18,follower,-35.3631370,149.1653091,15.00
144.47,18,follower,-35.3631376,149.1653208,15.00
144.97,18,follower,-35.3631382,149.1653321,15.00
145.47,18,follower,-35.3631387,149.1653439,15.00
145.97,18,follower,-35.3631389,149.1653568,15.00
146.47,18,follower,-35.3631390,149.1653686,15.00
146.97,18,follower,-35.3631389,149.1653808,15.00
147.47,18,follower,-35.3631389,149.1653917,15.00
147.97,18,follower,-35.3631389,149.1654028,15.00
148.47,18,follower,-35.3631389,149.1654130,15.00
148.97,18,follower,-35.3631389,149.1654247,15.00
149.47,18,follower,-35.3631389,149.1654356,15.00
149.97,18,follower,-35.3631389,149.1654470,15.00
150.47,18,follower,-35.3631389,149.1654584,15.00
150.97,18,follower,-35.3631389,149.1654695,15.00
151.47,18,follower,-35.3631389,149.1654805,15.00
151.97,18,follower,-35.3631389,149.1654915,15.00
152.47,18,follower,-35.3631389,149.1655025,15.00
152.97,18,follower,-35.3631389,149.1655135,15.00
153.47,18,follower,-35.3631389,149.1655244,15.00
153.97,18,follower,-35.3631389,149.1655354,15.00
154.47,18,follower,-35.3631389,149.1655463,15.00
154.97,18,follower,-35.3631389,149.1655572,15.00
155.47,18,follower,-35.3631389,149.1655665,15.00
155.97,18,follower,-35.3631389,149.1655698,15.00
156.47,18,follower,-35.3631396,149.1655662,15.00
156.97,18,follower,-35.3631435,149.1655613,15.00
157.47,18,follower,-35.3631519,149.1655606,15.00
157.97,18,follower,-35.3631657,149.1655609,15.01
158.47,18,follower,-35.3631821,149.1655610,15.01
158.97,18,follower,-35.3631954,149.1655607,15.00
159.47,18,follower,-35.3632052,149.1655599,15.00
159.97,18,follower,-35.3632145,149.1655591,15.00
160.47,18,follower,-35.3632240,149.1655584,15.00
160.97,18,follower,-35.3632335,149.1655581,15.00
161.47,18,follower,-35.3632429,149.1655580,15.00
161.97,18,follower,-35.3632520,149.1655581,15.00
162.47,18,follower,-35.3632616,149.1655581,15.00
162.97,18,follower,-35.3632715,149.1655581,15.00
163.47,18,follower,-35.3632805,149.1655581,15.00
163.97,18,follower,-35.3632901,149.1655581,15.00
164.47,18,follower,-35.3632989,149.1655581,15.00
164.97,18,follower,-35.3633079,149.1655581,15.00
165.47,18,follower,-35.3633163,149.1655581,15.00
165.97,18,follower,-35.3633258,149.1655581,15.00
166.47,18,follower,-35.3633348,149.1655581,15.00
166.97,18,follower,-35.3633440,149.1655581,15.00
167.47,18,follower,-35.3633532,149.1655582,15.00
167.97,18,follower,-35.3633622,149.1655582,15.00
168.47,18,follower,-35.3633711,149.1655582,15.00
168.98,18,follower,-35.3633800,149.1655581,15.00
169.47,18,follower,-35.3633889,149.1655581,15.00
169.97,18,follower,-35.3633978,149.1655581,15.00
170.48,18,follower,-35.3634060,149.1655581,15.00
170.97,18,follower,-35.3634101,149.1655580,15.00
171.48,18,follower,-35.3634083,149.1655577,15.00
171.98,18,follower,-35.3634040,149.1655541,15.00
172.47,18,follower,-35.3634027,149.1655454,15.00
172.98,18,follower,-35.3634030,149.1655301,15.01
173.47,18,follower,-35.3634031,149.1655102,15.01
173.97,18,follower,-35.3634030,149.1654923,15.01
174.48,18,follower,-35.3634024,149.1654796,15.00
174.97,18,follower,-35.3634017,149.1654680,15.00
175.47,18,follower,-35.3634011,149.1654564,15.00
175.97,18,follower,-35.3634007,149.1654448,15.00
176.48,18,follower,-35.3634006,149.1654334,15.00
176.98,18,follower,-35.3634006,149.1654213,15.00
177.47,18,follower,-35.3634005,149.1654095,15.00
177.97,18,follower,-35.3634006,149.1653979,15.00
178.47,18,follower,-35.3634006,149.1653875,15.00
178.97,18,follower,-35.3634006,149.1653758,15.00
179.48,18,follower,-35.3634006,149.1653650,15.00
179.97,18,follower,-35.3634006,149.1653536,15.00
180.48,18,follower,-35.3634006,149.1653430,15.00
180.98,18,follower,-35.3634006,149.1653318,15.00
181.48,18,follower,-35.3634007,149.1653204,15.00
181.98,18,follower,-35.3634007,149.1653092,15.00
182.48,18,follower,-35.3634007,149.1652981,15.00
182.97,18,follower,-35.3634007,149.1652872,15.00
183.48,18,follower,-35.3634007,149.1652764,15.00
183.97,18,follower,-35.3634007,149.1652655,15.00
184.48,18,follower,-35.3634007,149.1652547,15.00
184.98,18,follower,-35.3634006,149.1652439,15.00
185.48,18,follower,-35.3634006,149.1652333,15.00
185.98,18,follower,-35.3634006,149.1652262,15.00
186.47,18,follower,-35.3634006,149.1652263,15.00
186.98,18,follower,-35.3634004,149.1652303,15.00
187.48,18,follower,-35.3634003,149.1652322,15.00
187.98,18,follower,-35.3634003,149.1652327,15.00
188.48,18,follower,-35.3634003,149.1652329,15.00
188.97,18,follower,-35.3634004,149.1652332,15.00
189.47,18,follower,-35.3634005,149.1652336,15.00
189.98,18,follower,-35.3634006,149.1652341,15.00
190.48,18,follower,-35.3634006,149.1652345,15.00
190.98,18,follower,-35.3634006,149.1652348,15.00
46.95,19,follower,-35.3631528,149.1650980,2.23
47.45,19,follower,-35.3631528,149.1650980,3.39
47.95,19,follower,-35.3631528,149.1650980,4.67
48.45,19,follower,-35.3631528,149.1650980,5.95
48.95,19,follower,-35.3631527,149.1650980,7.19
49.45,19,follower,-35.3631527,149.1650980,8.42
49.95,19,follower,-35.3631527,149.1650980,9.66
50.45,19,follower,-35.3631527,149.1650980,10.90
50.95,19,follower,-35.3631527,149.1650980,12.13
51.45,19,follower,-35.3631527,149.1650980,13.30
51.95,19,follower,-35.3631528,149.1650980,14.78
52.45,19,follower,-35.3631528,149.1650980,16.54
52.95,19,follower,-35.3631528,149.1650979,17.83
53.45,19,follower,-35.3631528,149.1650979,18.70
53.95,19,follower,-35.3631528,149.1650979,19.29
54.45,19,follower,-35.3631528,149.1650979,19.64
54.95,19,follower,-35.3631528,149.1650979,19.76
55.45,19,follower,-35.3631528,149.1650979,19.64
55.95,19,follower,-35.3631528,149.1650979,19.27
56.45,19,follower,-35.3631528,149.1650979,18.64
56.95,19,follower,-35.3631528,149.1650978,17.86
57.45,19,follower,-35.3631528,149.1650978,17.09
57.95,19,follower,-35.3631528,149.1650978,16.35
58.45,19,follower,-35.3631528,149.1650978,15.66
58.95,19,follower,-35.3631528,149.1650978,15.18
59.45,19,follower,-35.3631528,149.1650979,14.97
59.95,19,follower,-35.3631528,149.1650979,14.97
60.45,19,follower,-35.3631528,149.1650979,15.01
60.95,19,follower,-35.3631528,149.1650979,15.03
61.45,19,follower,-35.3631528,149.1650979,15.02
61.95,19,follower,-35.3631528,149.1650979,15.02
62.45,19,follower,-35.3631528,149.1650980,15.01
62.95,19,follower,-35.3631528,149.1650980,15.01
63.45,19,follower,-35.3631528,149.1650980,15.01
63.96,19,follower,-35.3631528,149.1650980,15.01
64.45,19,follower,-35.3631528,149.1650980,15.01
64.96,19,follower,-35.3631528,149.1650980,15.00
65.45,19,follower,-35.3631528,149.1650980,15.00
65.95,19,follower,-35.3631528,149.1650980,15.00
66.45,19,follower,-35.3631528,149.1650980,15.00
66.95,19,follower,-35.3631528,149.1650980,15.00
67.45,19,follower,-35.3631528,149.1650979,15.00
67.95,19,follower,-35.3631528,149.1650979,15.00
68.45,19,follower,-35.3631528,149.1650979,15.00
68.96,19,follower,-35.3631528,149.1650979,15.00
69.45,19,follower,-35.3631528,149.1650979,15.00
69.96,19,follower,-35.3631528,149.1650979,15.00
70.45,19,follower,-35.3631528,149.1650980,15.00
70.96,19,follower,-35.3631528,149.1650980,15.00
71.45,19,follower,-35.3631528,149.1650980,15.00
71.96,19,follower,-35.3631528,149.1650980,15.00
72.45,19,follower,-35.3631528,149.1650980,15.00
72.96,19,follower,-35.3631528,149.1650980,15.00
73.46,19,follower,-35.3631528,149.1650980,15.00
73.96,19,follower,-35.3631528,149.1650980,15.00
74.45,19,follower,-35.3631528,149.1650980,15.00
74.95,19,follower,-35.3631528,149.1650980,15.00
75.45,19,follower,-35.3631528,149.1650980,15.00
75.96,19,follower,-35.3631528,149.1650979,15.00
76.45,19,follower,-35.3631528,149.1650979,15.00
76.95,19,follower,-35.3631528,149.1650979,15.00
77.45,19,follower,-35.3631528,149.1650979,15.00
77.96,19,follower,-35.3631528,149.1650979,15.00
78.46,19,follower,-35.3631528,149.1650979,15.00
78.96,19,follower,-35.3631528,149.1650979,15.00
79.46,19,follower,-35.3631528,149.1650979,15.00
79.96,19,follower,-35.3631528,149.1650979,15.00
80.46,19,follower,-35.3631528,149.1650979,15.00
80.96,19,follower,-35.3631528,149.1650980,15.00
81.45,19,follower,-35.3631528,149.1650980,15.00
81.96,19,follower,-35.3631528,149.1650980,15.00
82.45,19,follower,-35.3631528,149.1650980,15.00
82.96,19,follower,-35.3631528,149.1650980,15.00
83.46,19,follower,-35.3631528,149.1650980,15.00
83.96,19,follower,-35.3631528,149.1650980,15.00
84.46,19,follower,-35.3631528,149.1650980,15.00
84.96,19,follower,-35.3631528,149.1650980,15.00
85.46,19,follower,-35.3631528,149.1650980,15.00
85.96,19,follower,-35.3631528,149.1650980,15.00
86.46,19,follower,-35.3631528,149.1650980,15.00
86.96,19,follower,-35.3631528,149.1650980,15.00
87.46,19,follower,-35.3631528,149.1650980,15.00
87.96,19,follower,-35.3631528,149.1650980,15.00
88.46,19,follower,-35.3631528,149.1650979,15.00
88.96,19,follower,-35.3631528,149.1650979,15.00
89.46,19,follower,-35.3631528,149.1650979,15.00
89.96,19,follower,-35.3631528,149.1650979,15.00
90.46,19,follower,-35.3631528,149.1650979,15.00
90.96,19,follower,-35.3631528,149.1650979,15.00
91.46,19,follower,-35.3631528,149.1650979,15.00
91.96,19,follower,-35.3631528,149.1650979,15.00
92.46,19,follower,-35.3631528,149.1650979,15.00
92.96,19,follower,-35.3631528,149.1650980,15.00
93.46,19,follower,-35.3631528,149.1650980,15.00
93.96,19,follower,-35.3631528,149.1650980,15.00
94.46,19,follower,-35.3631528,149.1650980,15.00
94.96,19,follower,-35.3631528,149.1650980,15.00
95.46,19,follower,-35.3631528,149.1650980,15.00
95.96,19,follower,-35.3631528,149.1650980,15.00
96.46,19,follower,-35.3631528,149.1650980,15.00
96.96,19,follower,-35.3631528,149.1650980,15.00
97.46,19,follower,-35.3631528,149.1650980,15.00
97.96,19,follower,-35.3631528,149.1650980,15.00
98.46,19,follower,-35.3631528,149.1650980,15.00
98.96,19,follower,-35.3631528,149.1650980,15.00
99.46,19,follower,-35.3631528,149.1650980,15.00
99.96,19,follower,-35.3631528,149.1650980,15.00
100.46,19,follower,-35.3631528,149.1650980,15.00
100.96,19,follower,-35.3631528,149.1650979,15.00
101.46,19,follower,-35.3631528,149.1650979,15.00
101.96,19,follower,-35.3631528,149.1650979,15.00
102.46,19,follower,-35.3631528,149.1650979,15.00
102.96,19,follower,-35.3631528,149.1650980,15.00
103.46,19,follower,-35.3631528,149.1650980,15.00
103.96,19,follower,-35.3631528,149.1650980,15.00
104.46,19,follower,-35.3631528,149.1650980,15.00
104.96,19,follower,-35.3631528,149.1650980,15.00
105.46,19,follower,-35.3631528,149.1650980,15.00
105.96,19,follower,-35.3631528,149.1650980,15.00
106.46,19,follower,-35.3631528,149.1650980,15.00
106.96,19,follower,-35.3631528,149.1650980,15.00
107.46,19,follower,-35.3631528,149.1650980,15.00
107.96,19,follower,-35.3631528,149.1650980,15.00
108.46,19,follower,-35.3631528,149.1650980,15.00
108.96,19,follower,-35.3631528,149.1650980,15.00
109.46,19,follower,-35.3631528,149.1650980,15.00
109.96,19,follower,-35.3631528,149.1650979,15.00
110.46,19,follower,-35.3631528,149.1650979,15.00
110.96,19,follower,-35.3631528,149.1650979,15.00
111.47,19,follower,-35.3631528,149.1650979,15.00
111.96,19,follower,-35.3631528,149.1650980,15.00
112.46,19,follower,-35.3631528,149.1650980,15.00
112.96,19,follower,-35.3631528,149.1650980,15.00
113.46,19,follower,-35.3631528,149.1650980,15.00
113.96,19,follower,-35.3631528,149.1650980,15.00
114.47,19,follower,-35.3631528,149.1650980,15.00
114.96,19,follower,-35.3631528,149.1650980,15.00
115.47,19,follower,-35.3631528,149.1650980,15.00
115.96,19,follower,-35.3631528,149.1650980,15.00
116.46,19,follower,-35.3631528,149.1650980,15.00
116.96,19,follower,-35.3631528,149.1650980,15.00
117.46,19,follower,-35.3631528,149.1650980,15.00
117.96,19,follower,-35.3631528,149.1650979,15.00
118.46,19,follower,-35.3631528,149.1650979,15.00
118.97,19,follower,-35.3631528,149.1650979,15.00
119.47,19,follower,-35.3631528,149.1650979,15.00
119.96,19,follower,-35.3631528,149.1650979,15.00
120.46,19,follower,-35.3631528,149.1650979,15.00
120.96,19,follower,-35.3631528,149.1650980,15.00
121.47,19,follower,-35.3631528,149.1650980,15.00
121.96,19,follower,-35.3631528,149.1650980,15.00
122.46,19,follower,-35.3631528,149.1650980,15.00
122.96,19,follower,-35.3631528,149.1650980,15.00
123.47,19,follower,-35.3631528,149.1650980,15.00
123.97,19,follower,-35.3631528,149.1650980,15.00
124.47,19,follower,-35.3631528,149.1650980,15.00
124.97,19,follower,-35.3631527,149.1650980,15.00
125.46,19,follower,-35.3631504,149.1650978,15.00
125.97,19,follower,-35.3631421,149.1650976,15.00
126.47,19,follower,-35.3631300,149.1650975,15.00
126.96,19,follower,-35.3631183,149.1650975,15.00
127.47,19,follower,-35.3631086,149.1650977,15.00
127.96,19,follower,-35.3630991,149.1650978,15.00
128.46,19,follower,-35.3630902,149.1650978,15.00
128.97,19,follower,-35.3630805,149.1650978,15.00
129.46,19,follower,-35.3630707,149.1650978,15.00
129.97,19,follower,-35.3630612,149.1650978,15.00
130.47,19,follower,-35.3630520,149.1650978,15.00
130.96,19,follower,-35.3630430,149.1650977,15.00
131.47,19,follower,-35.3630340,149.1650977,15.00
131.96,19,follower,-35.3630251,149.1650977,15.00
132.47,19,follower,-35.3630162,149.1650977,15.00
132.97,19,follower,-35.3630073,149.1650977,15.00
133.47,19,follower,-35.3629983,149.1650977,15.00
133.97,19,follower,-35.3629894,149.1650977,15.00
134.47,19,follower,-35.3629805,149.1650977,15.00
134.96,19,follower,-35.3629716,149.1650977,15.00
135.47,19,follower,-35.3629626,149.1650977,15.00
135.97,19,follower,-35.3629537,149.1650977,15.00
136.47,19,follower,-35.3629448,149.1650977,15.00
136.97,19,follower,-35.3629360,149.1650977,15.00
137.47,19,follower,-35.3629271,149.1650977,15.00
137.97,19,follower,-35.3629183,149.1650977,15.00
138.47,19,follower,-35.3629094,149.1650977,15.00
138.97,19,follower,-35.3629006,149.1650977,15.00
139.47,19,follower,-35.3628917,149.1650977,15.00
139.97,19,follower,-35.3628829,149.1650977,15.00
140.47,19,follower,-35.3628756,149.1650977,15.00
140.97,19,follower,-35.3628736,149.1650977,15.00
141.47,19,follower,-35.3628769,149.1650987,15.00
141.97,19,follower,-35.3628806,149.1651040,15.00
142.47,19,follower,-35.3628810,149.1651151,15.00
142.97,19,follower,-35.3628809,149.1651329,15.01
143.47,19,follower,-35.3628808,149.1651531,15.01
143.97,19,follower,-35.3628812,149.1651698,15.00
144.47,19,follower,-35.3628818,149.1651816,15.00
144.97,19,follower,-35.3628825,149.1651934,15.00
145.47,19,follower,-35.3628829,149.1652057,15.00
145.97,19,follower,-35.3628830,149.1652181,15.00
146.47,19,follower,-35.3628830,149.1652302,15.00
146.97,19,follower,-35.3628831,149.1652417,15.00
147.47,19,follower,-35.3628831,149.1652528,15.00
147.97,19,follower,-35.3628830,149.1652636,15.00
148.47,19,follower,-35.3628830,149.1652745,15.00
148.97,19,follower,-35.3628830,149.1652853,15.00
149.47,19,follower,-35.3628830,149.1652961,15.00
149.97,19,follower,-35.3628829,149.1653070,15.00
150.47,19,follower,-35.3628829,149.1653178,15.00
150.97,19,follower,-35.3628829,149.1653287,15.00
151.47,19,follower,-35.3628829,149.1653395,15.00
151.97,19,follower,-35.3628829,149.1653504,15.00
152.47,19,follower,-35.3628829,149.1653613,15.00
152.97,19,follower,-35.3628829,149.1653722,15.00
153.47,19,follower,-35.3628829,149.1653831,15.00
153.97,19,follower,-35.3628829,149.1653940,15.00
154.47,19,follower,-35.3628829,149.1654049,15.00
154.97,19,follower,-35.3628829,149.1654159,15.00
155.47,19,follower,-35.3628829,149.1654258,15.00
155.97,19,follower,-35.3628830,149.1654303,15.00
156.47,19,follower,-35.3628838,149.1654279,15.00
156.97,19,follower,-35.3628878,149.1654239,15.00
157.47,19,follower,-35.3628968,149.1654229,15.00
157.97,19,follower,-35.3629114,149.1654224,15.01
158.47,19,follower,-35.3629282,149.1654219,15.01
158.97,19,follower,-35.3629414,149.1654212,15.00
159.47,19,follower,-35.3629509,149.1654204,15.00
159.97,19,follower,-35.3629603,149.1654196,15.00
160.47,19,follower,-35.3629692,149.1654191,15.00
160.97,19,follower,-35.3629788,149.1654188,15.00
161.47,19,follower,-35.3629886,149.1654188,15.00
161.97,19,follower,-35.3629980,149.1654187,15.00
162.47,19,follower,-35.3630070,149.1654188,15.00
162.97,19,follower,-35.3630160,149.1654188,15.00
163.48,19,follower,-35.3630249,149.1654188,15.00
163.97,19,follower,-35.3630338,149.1654188,15.00
164.47,19,follower,-35.3630427,149.1654188,15.00
164.97,19,follower,-35.3630516,149.1654188,15.00
165.48,19,follower,-35.3630606,149.1654188,15.00
165.97,19,follower,-35.3630695,149.1654188,15.00
166.47,19,follower,-35.3630785,149.1654188,15.00
166.97,19,follower,-35.3630874,149.1654188,15.00
167.47,19,follower,-35.3630963,149.1654188,15.00
167.97,19,follower,-35.3631053,149.1654188,15.00
168.47,19,follower,-35.3631141,149.1654188,15.00
168.97,19,follower,-35.3631230,149.1654188,15.00
169.47,19,follower,-35.3631319,149.1654188,15.00
169.97,19,follower,-35.3631407,149.1654188,15.00
170.47,19,follower,-35.3631492,149.1654188,15.00
170.97,19,follower,-35.3631540,149.1654187,15.00
171.47,19,follower,-35.3631528,149.1654185,15.00
171.97,19,follower,-35.3631485,149.1654155,15.00
172.47,19,follower,-35.3631467,149.1654073,15.00
172.97,19,follower,-35.3631470,149.1653928,15.00
173.48,19,follower,-35.3631471,149.1653730,15.01
173.98,19,follower,-35.3631470,149.1653544,15.01
174.48,19,follower,-35.3631464,149.1653411,15.00
174.97,19,follower,-35.3631456,149.1653285,15.00
175.48,19,follower,-35.3631450,149.1653162,15.00
175.97,19,follower,-35.3631447,149.1653035,15.00
176.48,19,follower,-35.3631446,149.1652924,15.00
176.98,19,follower,-35.3631446,149.1652810,15.00
177.47,19,follower,-35.3631446,149.1652706,15.00
177.97,19,follower,-35.3631446,149.1652589,15.00
178.47,19,follower,-35.3631446,149.1652479,15.00
178.98,19,follower,-35.3631446,149.1652365,15.00
179.48,19,follower,-35.3631446,149.1652251,15.00
179.98,19,follower,-35.3631446,149.1652139,15.00
180.48,19,follower,-35.3631446,149.1652028,15.00
180.98,19,follower,-35.3631446,149.1651919,15.00
181.47,19,follower,-35.3631446,149.1651809,15.00
181.98,19,follower,-35.3631446,149.1651699,15.00
182.48,19,follower,-35.3631447,149.1651590,15.00
182.97,19,follower,-35.3631447,149.1651481,15.00
183.47,19,follower,-35.3631447,149.1651372,15.00
183.98,19,follower,-35.3631447,149.1651263,15.00
184.47,19,follower,-35.3631447,149.1651155,15.00
184.98,19,follower,-35.3631447,149.1651046,15.00
185.47,19,follower,-35.3631447,149.1650941,15.00
185.98,19,follower,-35.3631446,149.1650869,15.00
186.48,19,follower,-35.3631446,149.1650868,15.00
186.98,19,follower,-35.3631444,149.1650909,15.01
187.47,19,follower,-35.3631442,149.1650930,15.00
187.98,19,follower,-35.3631443,149.1650935,15.00
188.48,19,follower,-35.3631443,149.1650937,15.00
188.98,19,follower,-35.3631444,149.1650939,15.00
189.48,19,follower,-35.3631445,149.1650944,15.00
189.98,19,follower,-35.3631446,149.1650948,15.00
190.48,19,follower,-35.3631446,149.1650952,15.00
190.98,19,follower,-35.3631446,149.1650955,15.00
46.95,20,follower,-35.3632681,149.1654217,2.23
47.45,20,follower,-35.3632681,149.1654217,3.39
47.95,20,follower,-35.3632681,149.1654217,4.67
48.45,20,follower,-35.3632681,149.1654217,5.95
48.95,20,follower,-35.3632681,149.1654217,7.19
49.45,20,follower,-35.3632681,149.1654217,8.42
49.95,20,follower,-35.3632681,149.1654217,9.66
50.45,20,follower,-35.3632681,149.1654217,10.90
50.95,20,follower,-35.3632681,149.1654217,12.13
51.45,20,follower,-35.3632681,149.1654217,13.33
51.95,20,follower,-35.3632681,149.1654217,14.93
52.45,20,follower,-35.3632681,149.1654216,16.72
52.95,20,follower,-35.3632681,149.1654216,17.98
53.45,20,follower,-35.3632681,149.1654215,18.84
53.95,20,follower,-35.3632681,149.1654215,19.42
54.45,20,follower,-35.3632681,149.1654215,19.76
54.95,20,follower,-35.3632681,149.1654215,19.87
55.45,20,follower,-35.3632680,149.1654215,19.74
55.95,20,follower,-35.3632680,149.1654215,19.37
56.45,20,follower,-35.3632680,149.1654215,18.73
56.95,20,follower,-35.3632680,149.1654215,17.95
57.45,20,follower,-35.3632680,149.1654215,17.19
57.95,20,follower,-35.3632680,149.1654215,16.44
58.45,20,follower,-35.3632680,149.1654215,15.74
58.95,20,follower,-35.3632680,149.1654215,15.22
59.45,20,follower,-35.3632680,149.1654215,14.98
59.95,20,follower,-35.3632680,149.1654215,14.96
60.45,20,follower,-35.3632680,149.1654215,15.01
60.95,20,follower,-35.3632680,149.1654215,15.03
61.45,20,follower,-35.3632680,149.1654215,15.02
61.95,20,follower,-35.3632680,149.1654215,15.02
62.45,20,follower,-35.3632680,149.1654216,15.02
62.95,20,follower,-35.3632680,149.1654216,15.01
63.45,20,follower,-35.3632680,149.1654216,15.01
63.95,20,follower,-35.3632680,149.1654216,15.01
64.46,20,follower,-35.3632680,149.1654216,15.01
64.95,20,follower,-35.3632680,149.1654216,15.01
65.45,20,follower,-35.3632680,149.1654216,15.00
65.95,20,follower,-35.3632680,149.1654215,15.00
66.45,20,follower,-35.3632680,149.1654215,15.00
66.95,20,follower,-35.3632680,149.1654215,15.00
67.45,20,follower,-35.3632680,149.1654215,15.00
67.95,20,follower,-35.3632680,149.1654215,15.00
68.46,20,follower,-35.3632680,149.1654215,15.00
68.95,20,follower,-35.3632680,149.1654215,15.00
69.46,20,follower,-35.3632681,149.1654215,15.00
69.96,20,follower,-35.3632680,149.1654216,15.00
70.46,20,follower,-35.3632680,149.1654216,15.00
70.95,20,follower,-35.3632680,149.1654216,15.00
71.46,20,follower,-35.3632680,149.1654216,15.00
71.96,20,follower,-35.3632680,149.1654216,15.00
72.46,20,follower,-35.3632680,149.1654216,15.00
72.96,20,follower,-35.3632680,149.1654216,15.00
73.45,20,follower,-35.3632680,149.1654216,15.00
73.96,20,follower,-35.3632680,149.1654216,15.00
74.45,20,follower,-35.3632680,149.1654216,15.00
74.95,20,follower,-35.3632680,149.1654215,15.00
75.46,20,follower,-35.3632680,149.1654215,15.00
75.95,20,follower,-35.3632680,149.1654215,15.00
76.46,20,follower,-35.3632680,149.1654215,15.00
76.96,20,follower,-35.3632680,149.1654215,15.00
77.46,20,follower,-35.3632680,149.1654215,15.00
77.96,20,follower,-35.3632680,149.1654215,15.00
78.46,20,follower,-35.3632680,149.1654215,15.00
78.96,20,follower,-35.3632680,149.1654215,15.00
79.46,20,follower,-35.3632680,149.1654215,15.00
79.96,20,follower,-35.3632680,149.1654215,15.00
80.45,20,follower,-35.3632680,149.1654215,15.00
80.96,20,follower,-35.3632680,149.1654215,15.00
81.45,20,follower,-35.3632680,149.1654215,15.00
81.95,20,follower,-35.3632680,149.1654216,15.00
82.46,20,follower,-35.3632680,149.1654216,15.00
82.96,20,follower,-35.3632681,149.1654216,15.00
83.46,20,follower,-35.3632681,149.1654216,15.00
83.96,20,follower,-35.3632681,149.1654216,15.00
84.46,20,follower,-35.3632681,149.1654216,15.00
84.96,20,follower,-35.3632681,149.1654216,15.00
85.46,20,follower,-35.3632681,149.1654216,15.00
85.96,20,follower,-35.3632681,149.1654216,15.00
86.46,20,follower,-35.3632681,149.1654216,15.00
86.96,20,follower,-35.3632681,149.1654216,15.00
87.45,20,follower,-35.3632681,149.1654216,15.00
87.96,20,follower,-35.3632680,149.1654215,15.00
88.46,20,follower,-35.3632680,149.1654215,15.00
88.96,20,follower,-35.3632680,149.1654215,15.00
89.45,20,follower,-35.3632680,149.1654215,15.00
89.96,20,follower,-35.3632680,149.1654215,15.00
90.46,20,follower,-35.3632680,149.1654215,15.00
90.96,20,follower,-35.3632680,149.1654215,15.00
91.46,20,follower,-35.3632680,149.1654215,15.00
91.96,20,follower,-35.3632680,149.1654215,15.00
92.46,20,follower,-35.3632680,149.1654215,15.00
92.96,20,follower,-35.3632680,149.1654216,15.00
93.46,20,follower,-35.3632680,149.1654216,15.00
93.96,20,follower,-35.3632680,149.1654216,15.00
94.46,20,follower,-35.3632680,149.1654216,15.00
94.96,20,follower,-35.3632680,149.1654216,15.00
95.46,20,follower,-35.3632680,149.1654216,15.00
95.96,20,follower,-35.3632680,149.1654216,15.00
96.46,20,follower,-35.3632680,149.1654216,15.00
96.96,20,follower,-35.3632680,149.1654216,15.00
97.46,20,follower,-35.3632680,149.1654216,15.00
97.96,20,follower,-35.3632680,149.1654216,15.00
98.46,20,follower,-35.3632680,149.1654216,15.00
98.96,20,follower,-35.3632680,149.1654216,15.00
99.46,20,follower,-35.3632680,149.1654216,15.00
99.96,20,follower,-35.3632680,149.1654216,15.00
100.46,20,follower,-35.3632680,149.1654216,15.00
100.96,20,follower,-35.3632680,149.1654216,15.00
101.46,20,follower,-35.3632680,149.1654216,15.00
101.96,20,follower,-35.3632680,149.1654216,15.00
102.46,20,follower,-35.3632681,149.1654216,15.00
102.96,20,follower,-35.3632680,149.1654216,15.00
103.46,20,follower,-35.3632680,149.1654216,15.00
103.96,20,follower,-35.3632680,149.1654216,15.00
104.46,20,follower,-35.3632680,149.1654216,15.00
104.96,20,follower,-35.3632680,149.1654216,15.00
105.46,20,follower,-35.3632680,149.1654216,15.00
105.96,20,follower,-35.3632680,149.1654216,15.00
106.46,20,follower,-35.3632680,149.1654216,15.00
106.96,20,follower,-35.3632680,149.1654216,15.00
107.46,20,follower,-35.3632680,149.1654216,15.00
107.96,20,follower,-35.3632680,149.1654216,15.00
108.46,20,follower,-35.3632680,149.1654216,15.00
108.96,20,follower,-35.3632680,149.1654216,15.00
109.46,20,follower,-35.3632680,149.1654216,15.00
109.96,20,follower,-35.3632680,149.1654216,15.00
110.46,20,follower,-35.3632680,149.1654216,15.00
110.96,20,follower,-35.3632680,149.1654216,15.00
111.46,20,follower,-35.3632680,149.1654216,15.00
111.96,20,follower,-35.3632680,149.1654216,15.00
112.46,20,follower,-35.3632680,149.1654216,15.00
112.96,20,follower,-35.3632680,149.1654216,15.00
113.46,20,follower,-35.3632680,149.1654216,15.00
113.96,20,follower,-35.3632680,149.1654216,15.00
114.46,20,follower,-35.3632680,149.1654216,15.00
114.96,20,follower,-35.3632680,149.1654216,15.00
115.46,20,follower,-35.3632680,149.1654216,15.00
115.96,20,follower,-35.3632680,149.1654216,15.00
116.46,20,follower,-35.3632680,149.1654216,15.00
116.96,20,follower,-35.3632680,149.1654216,15.00
117.46,20,follower,-35.3632680,149.1654216,15.00
117.96,20,follower,-35.3632680,149.1654216,15.00
118.46,20,follower,-35.3632680,149.1654216,15.00
118.96,20,follower,-35.3632680,149.1654216,15.00
119.46,20,follower,-35.3632680,149.1654216,15.00
119.96,20,follower,-35.3632680,149.1654216,15.00
120.46,20,follower,-35.3632680,149.1654216,15.00
120.96,20,follower,-35.3632680,149.1654216,15.00
121.47,20,follower,-35.3632680,149.1654216,15.00
121.96,20,follower,-35.3632680,149.1654216,15.00
122.46,20,follower,-35.3632680,149.1654216,15.00
122.96,20,follower,-35.3632680,149.1654216,15.00
123.47,20,follower,-35.3632680,149.1654216,15.00
123.96,20,follower,-35.3632680,149.1654216,15.00
124.46,20,follower,-35.3632680,149.1654216,15.00
124.96,20,follower,-35.3632679,149.1654215,15.00
125.47,20,follower,-35.3632651,149.1654214,15.00
125.96,20,follower,-35.3632563,149.1654212,15.00
126.46,20,follower,-35.3632443,149.1654211,15.00
126.97,20,follower,-35.3632339,149.1654211,15.00
127.46,20,follower,-35.3632248,149.1654213,15.00
127.96,20,follower,-35.3632158,149.1654213,15.00
128.47,20,follower,-35.3632065,149.1654214,15.00
128.97,20,follower,-35.3631971,149.1654214,15.00
129.46,20,follower,-35.3631877,149.1654214,15.00
129.97,20,follower,-35.3631784,149.1654214,15.00
130.47,20,follower,-35.3631693,149.1654214,15.00
130.96,20,follower,-35.3631603,149.1654214,15.00
131.46,20,follower,-35.3631507,149.1654214,15.00
131.96,20,follower,-35.3631408,149.1654214,15.00
132.46,20,follower,-35.3631320,149.1654214,15.00
132.97,20,follower,-35.3631227,149.1654214,15.00
133.47,20,follower,-35.3631141,149.1654213,15.00
133.97,20,follower,-35.3631046,149.1654213,15.00
134.46,20,follower,-35.3630957,149.1654213,15.00
134.97,20,follower,-35.3630864,149.1654213,15.00
135.46,20,follower,-35.3630777,149.1654213,15.00
135.97,20,follower,-35.3630685,149.1654213,15.00
136.47,20,follower,-35.3630599,149.1654213,15.00
136.97,20,follower,-35.3630508,149.1654213,15.00
137.47,20,follower,-35.3630415,149.1654213,15.00
137.97,20,follower,-35.3630324,149.1654213,15.00
138.47,20,follower,-35.3630234,149.1654213,15.00
138.96,20,follower,-35.3630145,149.1654213,15.00
139.47,20,follower,-35.3630056,149.1654213,15.00
139.97,20,follower,-35.3629968,149.1654213,15.00
140.47,20,follower,-35.3629901,149.1654213,15.00
140.97,20,follower,-35.3629891,149.1654213,15.00
141.47,20,follower,-35.3629929,149.1654228,15.00
141.97,20,follower,-35.3629961,149.1654289,15.00
142.47,20,follower,-35.3629962,149.1654409,15.00
142.97,20,follower,-35.3629961,149.1654595,15.01
143.47,20,follower,-35.3629960,149.1654796,15.01
143.97,20,follower,-35.3629962,149.1654945,15.00
144.47,20,follower,-35.3629968,149.1655061,15.00
144.97,20,follower,-35.3629975,149.1655174,15.00
145.47,20,follower,-35.3629979,149.1655289,15.00
145.97,20,follower,-35.3629981,149.1655405,15.00
146.47,20,follower,-35.3629982,149.1655519,15.00
146.97,20,follower,-35.3629982,149.1655631,15.00
147.47,20,follower,-35.3629982,149.1655742,15.00
147.97,20,follower,-35.3629982,149.1655852,15.00
148.47,20,follower,-35.3629982,149.1655962,15.00
148.97,20,follower,-35.3629982,149.1656070,15.00
149.47,20,follower,-35.3629982,149.1656182,15.00
149.97,20,follower,-35.3629982,149.1656304,15.00
150.47,20,follower,-35.3629981,149.1656417,15.00
150.97,20,follower,-35.3629981,149.1656532,15.00
151.47,20,follower,-35.3629981,149.1656637,15.00
151.97,20,follower,-35.3629980,149.1656755,15.00
152.47,20,follower,-35.3629980,149.1656864,15.00
152.97,20,follower,-35.3629981,149.1656977,15.00
153.47,20,follower,-35.3629981,149.1657081,15.00
153.97,20,follower,-35.3629981,149.1657193,15.00
154.47,20,follower,-35.3629982,149.1657307,15.00
154.97,20,follower,-35.3629982,149.1657418,15.00
155.47,20,follower,-35.3629982,149.1657512,15.00
155.97,20,follower,-35.3629982,149.1657542,15.00
156.47,20,follower,-35.3629989,149.1657504,15.00
156.97,20,follower,-35.3630029,149.1657456,15.00
157.47,20,follower,-35.3630114,149.1657450,15.00
157.97,20,follower,-35.3630253,149.1657453,15.01
158.47,20,follower,-35.3630419,149.1657453,15.01
158.97,20,follower,-35.3630551,149.1657450,15.00
159.47,20,follower,-35.3630648,149.1657442,15.00
159.97,20,follower,-35.3630741,149.1657434,15.00
160.47,20,follower,-35.3630836,149.1657427,15.00
160.97,20,follower,-35.3630931,149.1657424,15.00
161.47,20,follower,-35.3631024,149.1657423,15.00
161.97,20,follower,-35.3631116,149.1657423,15.00
162.47,20,follower,-35.3631206,149.1657424,15.00
162.97,20,follower,-35.3631296,149.1657424,15.00
163.47,20,follower,-35.3631384,149.1657424,15.00
163.97,20,follower,-35.3631473,149.1657424,15.00
164.47,20,follower,-35.3631568,149.1657424,15.00
164.97,20,follower,-35.3631659,149.1657424,15.00
165.47,20,follower,-35.3631751,149.1657424,15.00
165.97,20,follower,-35.3631848,149.1657424,15.00
166.47,20,follower,-35.3631937,149.1657424,15.00
166.97,20,follower,-35.3632033,149.1657424,15.00
167.47,20,follower,-35.3632121,149.1657425,15.00
167.97,20,follower,-35.3632214,149.1657425,15.00
168.47,20,follower,-35.3632301,149.1657426,15.00
168.97,20,follower,-35.3632392,149.1657425,15.00
169.48,20,follower,-35.3632485,149.1657425,15.00
169.97,20,follower,-35.3632575,149.1657424,15.00
170.47,20,follower,-35.3632657,149.1657423,15.00
170.97,20,follower,-35.3632695,149.1657423,15.00
171.48,20,follower,-35.3632674,149.1657418,15.00
171.97,20,follower,-35.3632632,149.1657380,15.00
172.47,20,follower,-35.3632620,149.1657290,15.00
172.97,20,follower,-35.3632623,149.1657133,15.01
173.47,20,follower,-35.3632623,149.1656932,15.01
173.98,20,follower,-35.3632622,149.1656754,15.01
174.48,20,follower,-35.3632616,149.1656629,15.00
174.98,20,follower,-35.3632609,149.1656514,15.00
175.48,20,follower,-35.3632603,149.1656397,15.00
175.97,20,follower,-35.3632599,149.1656281,15.00
176.47,20,follower,-35.3632597,149.1656166,15.00
176.98,20,follower,-35.3632598,149.1656054,15.00
177.47,20,follower,-35.3632597,149.1655943,15.00
177.98,20,follower,-35.3632597,149.1655834,15.00
178.47,20,follower,-35.3632598,149.1655725,15.00
178.97,20,follower,-35.3632598,149.1655616,15.00
179.48,20,follower,-35.3632598,149.1655507,15.00
179.98,20,follower,-35.3632598,149.1655397,15.00
180.47,20,follower,-35.3632598,149.1655288,15.00
180.98,20,follower,-35.3632598,149.1655179,15.00
181.48,20,follower,-35.3632598,149.1655069,15.00
181.98,20,follower,-35.3632598,149.1654960,15.00
182.47,20,follower,-35.3632599,149.1654842,15.00
182.97,20,follower,-35.3632599,149.1654721,15.00
183.48,20,follower,-35.3632599,149.1654614,15.00
183.97,20,follower,-35.3632599,149.1654500,15.00
184.47,20,follower,-35.3632599,149.1654395,15.00
184.98,20,follower,-35.3632599,149.1654278,15.00
185.47,20,follower,-35.3632598,149.1654172,15.00
185.98,20,follower,-35.3632597,149.1654106,15.00
186.48,20,follower,-35.3632596,149.1654111,15.00
186.97,20,follower,-35.3632595,149.1654150,15.00
187.48,20,follower,-35.3632595,149.1654168,15.00
187.98,20,follower,-35.3632595,149.1654171,15.00
188.48,20,follower,-35.3632595,149.1654173,15.00
188.97,20,follower,-35.3632596,149.1654176,15.00
189.48,20,follower,-35.3632597,149.1654180,15.00
189.98,20,follower,-35.3632598,149.1654185,15.00
190.48,20,follower,-35.3632598,149.1654189,15.00
190.98,20,follower,-35.3632598,149.1654191,15.00
46.95,21,follower,-35.3633638,149.1650785,2.23
47.45,21,follower,-35.3633638,149.1650785,3.39
47.95,21,follower,-35.3633638,149.1650785,4.67
48.45,21,follower,-35.3633638,149.1650785,5.95
48.95,21,follower,-35.3633637,149.1650785,7.19
49.45,21,follower,-35.3633637,149.1650785,8.42
49.95,21,follower,-35.3633637,149.1650785,9.66
50.45,21,follower,-35.3633637,149.1650785,10.90
50.95,21,follower,-35.3633637,149.1650785,12.13
51.45,21,follower,-35.3633637,149.1650785,13.27
51.95,21,follower,-35.3633637,149.1650785,14.65
52.45,21,follower,-35.3633637,149.1650785,16.30
52.95,21,follower,-35.3633637,149.1650785,17.52
53.45,21,follower,-35.3633637,149.1650785,18.37
53.95,21,follower,-35.3633637,149.1650785,18.94
54.45,21,follower,-35.3633637,149.1650785,19.26
54.95,21,follower,-35.3633637,149.1650785,19.34
55.45,21,follower,-35.3633637,149.1650785,19.19
55.95,21,follower,-35.3633637,149.1650785,18.79
56.45,21,follower,-35.3633637,149.1650785,18.13
56.95,21,follower,-35.3633637,149.1650784,17.35
57.45,21,follower,-35.3633637,149.1650784,16.58
57.95,21,follower,-35.3633637,149.1650784,15.86
58.45,21,follower,-35.3633637,149.1650784,15.30
58.96,21,follower,-35.3633637,149.1650784,15.00
59.45,21,follower,-35.3633637,149.1650784,14.95
59.95,21,follower,-35.3633637,149.1650784,15.00
60.45,21,follower,-35.3633637,149.1650784,15.02
60.96,21,follower,-35.3633637,149.1650785,15.02
61.45,21,follower,-35.3633637,149.1650785,15.02
61.95,21,follower,-35.3633637,149.1650785,15.01
62.45,21,follower,-35.3633637,149.1650786,15.01
62.95,21,follower,-35.3633637,149.1650786,15.01
63.45,21,follower,-35.3633637,149.1650786,15.01
63.95,21,follower,-35.3633637,149.1650786,15.01
64.46,21,follower,-35.3633637,149.1650786,15.01
64.96,21,follower,-35.3633637,149.1650786,15.00
65.45,21,follower,-35.3633637,149.1650786,15.00
65.96,21,follower,-35.3633637,149.1650786,15.00
66.45,21,follower,-35.3633637,149.1650786,15.00
66.95,21,follower,-35.3633637,149.1650786,15.00
67.45,21,follower,-35.3633637,149.1650786,15.00
67.95,21,follower,-35.3633637,149.1650786,15.00
68.46,21,follower,-35.3633637,149.1650786,15.00
68.95,21,follower,-35.3633637,149.1650786,15.00
69.45,21,follower,-35.3633637,149.1650786,15.00
69.95,21,follower,-35.3633637,149.1650786,15.00
70.45,21,follower,-35.3633637,149.1650786,15.00
70.95,21,follower,-35.3633637,149.1650786,15.00
71.46,21,follower,-35.3633637,149.1650786,15.00
71.95,21,follower,-35.3633637,149.1650786,15.00
72.45,21,follower,-35.3633637,149.1650786,15.00
72.96,21,follower,-35.3633637,149.1650786,15.00
73.46,21,follower,-35.3633637,149.1650786,15.00
73.95,21,follower,-35.3633637,149.1650786,15.00
74.46,21,follower,-35.3633637,149.1650786,15.00
74.95,21,follower,-35.3633637,149.1650786,15.00
75.45,21,follower,-35.3633637,149.1650786,15.00
75.95,21,follower,-35.3633637,149.1650786,15.00
76.45,21,follower,-35.3633637,149.1650786,15.00
76.96,21,follower,-35.3633637,149.1650786,15.00
77.46,21,follower,-35.3633637,149.1650786,15.00
77.96,21,follower,-35.3633637,149.1650786,15.00
78.45,21,follower,-35.3633637,149.1650785,15.00
78.95,21,follower,-35.3633637,149.1650785,15.00
79.46,21,follower,-35.3633637,149.1650785,15.00
79.95,21,follower,-35.3633637,149.1650785,15.00
80.46,21,follower,-35.3633637,149.1650785,15.00
80.96,21,follower,-35.3633637,149.1650785,15.00
81.46,21,follower,-35.3633637,149.1650785,15.00
81.96,21,follower,-35.3633637,149.1650785,15.00
82.46,21,follower,-35.3633637,149.1650785,15.00
82.96,21,follower,-35.3633637,149.1650785,15.00
83.46,21,follower,-35.3633637,149.1650786,15.00
83.96,21,follower,-35.3633637,149.1650786,15.00
84.46,21,follower,-35.3633637,149.1650786,15.00
84.95,21,follower,-35.3633637,149.1650786,15.00
85.46,21,follower,-35.3633637,149.1650786,15.00
85.96,21,follower,-35.3633637,149.1650786,15.00
86.46,21,follower,-35.3633637,149.1650786,15.00
86.96,21,follower,-35.3633637,149.1650786,15.00
87.46,21,follower,-35.3633637,149.1650786,15.00
87.96,21,follower,-35.3633637,149.1650786,15.00
88.46,21,follower,-35.3633637,149.1650786,15.00
88.96,21,follower,-35.3633637,149.1650786,15.00
89.45,21,follower,-35.3633637,149.1650786,15.00
89.96,21,follower,-35.3633637,149.1650786,15.00
90.46,21,follower,-35.3633637,149.1650786,15.00
90.96,21,follower,-35.3633637,149.1650786,15.00
91.46,21,follower,-35.3633637,149.1650786,15.00
91.96,21,follower,-35.3633637,149.1650786,15.00
92.46,21,follower,-35.3633637,149.1650786,15.00
92.96,21,follower,-35.3633637,149.1650786,15.00
93.46,21,follower,-35.3633637,149.1650786,15.00
93.96,21,follower,-35.3633637,149.1650786,15.00
94.46,21,follower,-35.3633637,149.1650786,15.00
94.96,21,follower,-35.3633637,149.1650786,15.00
95.46,21,follower,-35.3633637,149.1650786,15.00
95.96,21,follower,-35.3633637,149.1650786,15.00
96.46,21,follower,-35.3633637,149.1650786,15.00
96.96,21,follower,-35.3633637,149.1650786,15.00
97.46,21,follower,-35.3633637,149.1650786,15.00
97.96,21,follower,-35.3633637,149.1650786,15.00
98.46,21,follower,-35.3633637,149.1650786,15.00
98.96,21,follower,-35.3633637,149.1650786,15.00
99.46,21,follower,-35.3633637,149.1650786,15.00
99.96,21,follower,-35.3633637,149.1650786,15.00
100.46,21,follower,-35.3633637,149.1650786,15.00
100.96,21,follower,-35.3633637,149.1650786,15.00
101.46,21,follower,-35.3633637,149.1650786,15.00
101.96,21,follower,-35.3633637,149.1650786,15.00
102.46,21,follower,-35.3633637,149.1650786,15.00
102.96,21,follower,-35.3633637,149.1650786,15.00
103.46,21,follower,-35.3633637,149.1650786,15.00
103.96,21,follower,-35.3633637,149.1650786,15.00
104.46,21,follower,-35.3633637,149.1650786,15.00
104.96,21,follower,-35.3633637,149.1650786,15.00
105.46,21,follower,-35.3633637,149.1650786,15.00
105.96,21,follower,-35.3633637,149.1650786,15.00
106.46,21,follower,-35.3633637,149.1650786,15.00
106.96,21,follower,-35.3633637,149.1650786,15.00
107.46,21,follower,-35.3633637,149.1650786,15.00
107.96,21,follower,-35.3633637,149.1650786,15.00
108.46,21,follower,-35.3633637,149.1650786,15.00
108.96,21,follower,-35.3633637,149.1650786,15.00
109.46,21,follower,-35.3633637,149.1650786,15.00
109.96,21,follower,-35.3633637,149.1650786,15.00
110.46,21,follower,-35.3633637,149.1650786,15.00
110.96,21,follower,-35.3633637,149.1650786,15.00
111.46,21,follower,-35.3633637,149.1650786,15.00
111.96,21,follower,-35.3633637,149.1650786,15.00
112.46,21,follower,-35.3633637,149.1650786,15.00
112.96,21,follower,-35.3633637,149.1650786,15.00
113.46,21,follower,-35.3633637,149.1650786,15.00
113.96,21,follower,-35.3633637,149.1650786,15.00
114.46,21,follower,-35.3633637,149.1650786,15.00
114.96,21,follower,-35.3633637,149.1650786,15.00
115.46,21,follower,-35.3633637,149.1650786,15.00
115.96,21,follower,-35.3633637,149.1650786,15.00
116.46,21,follower,-35.3633637,149.1650786,15.00
116.96,21,follower,-35.3633637,149.1650786,15.00
117.46,21,follower,-35.3633637,149.1650786,15.00
117.96,21,follower,-35.3633637,149.1650786,15.00
118.47,21,follower,-35.3633637,149.1650786,15.00
118.96,21,follower,-35.3633637,149.1650786,15.00
119.46,21,follower,-35.3633637,149.1650786,15.00
119.96,21,follower,-35.3633637,149.1650786,15.00
120.46,21,follower,-35.3633637,149.1650786,15.00
120.96,21,follower,-35.3633637,149.1650786,15.00
121.47,21,follower,-35.3633637,149.1650786,15.00
121.96,21,follower,-35.3633637,149.1650786,15.00
122.46,21,follower,-35.3633637,149.1650786,15.00
122.96,21,follower,-35.3633637,149.1650786,15.00
123.47,21,follower,-35.3633637,149.1650786,15.00
123.96,21,follower,-35.3633637,149.1650786,15.00
124.47,21,follower,-35.3633637,149.1650786,15.00
124.96,21,follower,-35.3633635,149.1650786,15.00
125.47,21,follower,-35.3633600,149.1650783,15.00
125.96,21,follower,-35.3633506,149.1650782,15.00
126.47,21,follower,-35.3633386,149.1650781,15.00
126.96,21,follower,-35.3633285,149.1650781,15.00
127.47,21,follower,-35.3633195,149.1650783,15.00
127.96,21,follower,-35.3633106,149.1650783,15.00
128.47,21,follower,-35.3633014,149.1650784,15.00
128.97,21,follower,-35.3632921,149.1650784,15.00
129.47,21,follower,-35.3632827,149.1650784,15.00
129.97,21,follower,-35.3632735,149.1650784,15.00
130.47,21,follower,-35.3632644,149.1650784,15.00
130.96,21,follower,-35.3632555,149.1650784,15.00
131.46,21,follower,-35.3632465,149.1650783,15.00
131.97,21,follower,-35.3632376,149.1650783,15.00
132.47,21,follower,-35.3632287,149.1650783,15.00
132.96,21,follower,-35.3632199,149.1650783,15.00
133.47,21,follower,-35.3632110,149.1650783,15.00
133.97,21,follower,-35.3632021,149.1650783,15.00
134.47,21,follower,-35.3631925,149.1650783,15.00
134.97,21,follower,-35.3631823,149.1650783,15.00
135.47,21,follower,-35.3631732,149.1650783,15.00
135.97,21,follower,-35.3631639,149.1650783,15.00
136.46,21,follower,-35.3631554,149.1650783,15.00
136.97,21,follower,-35.3631462,149.1650783,15.00
137.47,21,follower,-35.3631375,149.1650783,15.00
137.97,21,follower,-35.3631282,149.1650783,15.00
138.47,21,follower,-35.3631190,149.1650783,15.00
138.97,21,follower,-35.3631099,149.1650783,15.00
139.46,21,follower,-35.3631010,149.1650783,15.00
139.97,21,follower,-35.3630922,149.1650783,15.00
140.46,21,follower,-35.3630856,149.1650783,15.00
140.97,21,follower,-35.3630848,149.1650783,15.00
141.46,21,follower,-35.3630887,149.1650798,15.00
141.97,21,follower,-35.3630918,149.1650861,15.00
142.47,21,follower,-35.3630919,149.1650984,15.00
142.97,21,follower,-35.3630917,149.1651171,15.01
143.47,21,follower,-35.3630917,149.1651371,15.01
143.97,21,follower,-35.3630920,149.1651518,15.00
144.47,21,follower,-35.3630926,149.1651633,15.00
144.97,21,follower,-35.3630932,149.1651747,15.00
145.47,21,follower,-35.3630937,149.1651862,15.00
145.97,21,follower,-35.3630939,149.1651977,15.00
146.47,21,follower,-35.3630939,149.1652092,15.00
146.97,21,follower,-35.3630939,149.1652204,15.00
147.47,21,follower,-35.3630939,149.1652314,15.00
147.97,21,follower,-35.3630939,149.1652423,15.00
148.47,21,follower,-35.3630939,149.1652533,15.00
148.97,21,follower,-35.3630939,149.1652642,15.00
149.47,21,follower,-35.3630939,149.1652751,15.00
149.97,21,follower,-35.3630939,149.1652870,15.00
150.47,21,follower,-35.3630939,149.1652988,15.00
150.97,21,follower,-35.3630938,149.1653104,15.00
151.47,21,follower,-35.3630938,149.1653209,15.00
151.97,21,follower,-35.3630938,149.1653325,15.00
152.47,21,follower,-35.3630938,149.1653433,15.00
152.97,21,follower,-35.3630938,149.1653548,15.00
153.47,21,follower,-35.3630938,149.1653654,15.00
153.97,21,follower,-35.3630938,149.1653764,15.00
154.47,21,follower,-35.3630938,149.1653872,15.00
154.97,21,follower,-35.3630938,149.1653985,15.00
155.47,21,follower,-35.3630939,149.1654080,15.00
155.97,21,follower,-35.3630939,149.1654112,15.00
156.47,21,follower,-35.3630945,149.1654076,15.00
156.97,21,follower,-35.3630983,149.1654027,15.00
157.47,21,follower,-35.3631067,149.1654019,15.00
157.97,21,follower,-35.3631204,149.1654022,15.01
158.47,21,follower,-35.3631371,149.1654023,15.01
158.97,21,follower,-35.3631508,149.1654020,15.00
159.47,21,follower,-35.3631606,149.1654012,15.00
159.97,21,follower,-35.3631699,149.1654003,15.00
160.47,21,follower,-35.3631795,149.1653997,15.00
160.97,21,follower,-35.3631890,149.1653994,15.00
161.47,21,follower,-35.3631983,149.1653993,15.00
161.97,21,follower,-35.3632074,149.1653993,15.00
162.47,21,follower,-35.3632163,149.1653993,15.00
162.98,21,follower,-35.3632252,149.1653993,15.00
163.47,21,follower,-35.3632341,149.1653993,15.00
163.97,21,follower,-35.3632437,149.1653994,15.00
164.47,21,follower,-35.3632528,149.1653994,15.00
164.97,21,follower,-35.3632615,149.1653994,15.00
165.47,21,follower,-35.3632708,149.1653995,15.00
165.97,21,follower,-35.3632806,149.1653995,15.00
166.47,21,follower,-35.3632893,149.1653995,15.00
166.97,21,follower,-35.3632989,149.1653995,15.00
167.47,21,follower,-35.3633077,149.1653995,15.00
167.97,21,follower,-35.3633170,149.1653995,15.00
168.47,21,follower,-35.3633256,149.1653995,15.00
168.97,21,follower,-35.3633348,149.1653995,15.00
169.47,21,follower,-35.3633441,149.1653994,15.00
169.97,21,follower,-35.3633532,149.1653994,15.00
170.47,21,follower,-35.3633614,149.1653994,15.00
170.97,21,follower,-35.3633652,149.1653993,15.00
171.48,21,follower,-35.3633632,149.1653989,15.00
171.97,21,follower,-35.3633589,149.1653951,15.00
172.47,21,follower,-35.3633577,149.1653861,15.00
172.98,21,follower,-35.3633580,149.1653705,15.01
173.47,21,follower,-35.3633581,149.1653504,15.01
173.97,21,follower,-35.3633579,149.1653325,15.01
174.47,21,follower,-35.3633573,149.1653200,15.00
174.98,21,follower,-35.3633566,149.1653085,15.00
175.48,21,follower,-35.3633560,149.1652968,15.00
175.97,21,follower,-35.3633556,149.1652853,15.00
176.48,21,follower,-35.3633554,149.1652739,15.00
176.98,21,follower,-35.3633554,149.1652627,15.00
177.48,21,follower,-35.3633554,149.1652516,15.00
177.98,21,follower,-35.3633554,149.1652407,15.00
178.48,21,follower,-35.3633555,149.1652299,15.00
178.98,21,follower,-35.3633555,149.1652189,15.00
179.48,21,follower,-35.3633555,149.1652080,15.00
179.98,21,follower,-35.3633555,149.1651971,15.00
180.48,21,follower,-35.3633556,149.1651854,15.00
180.98,21,follower,-35.3633556,149.1651732,15.00
181.48,21,follower,-35.3633556,149.1651622,15.00
181.98,21,follower,-35.3633556,149.1651503,15.00
182.48,21,follower,-35.3633556,149.1651396,15.00
182.97,21,follower,-35.3633556,149.1651283,15.00
183.47,21,follower,-35.3633556,149.1651177,15.00
183.97,21,follower,-35.3633556,149.1651068,15.00
184.47,21,follower,-35.3633556,149.1650966,15.00
184.98,21,follower,-35.3633556,149.1650850,15.00
185.48,21,follower,-35.3633556,149.1650744,15.00
185.97,21,follower,-35.3633555,149.1650673,15.00
186.48,21,follower,-35.3633555,149.1650673,15.00
186.97,21,follower,-35.3633553,149.1650717,15.00
187.47,21,follower,-35.3633551,149.1650738,15.00
187.98,21,follower,-35.3633552,149.1650742,15.00
188.47,21,follower,-35.3633552,149.1650743,15.00
188.98,21,follower,-35.3633553,149.1650746,15.00
189.48,21,follower,-35.3633554,149.1650750,15.00
189.98,21,follower,-35.3633555,149.1650755,15.00
190.48,21,follower,-35.3633555,149.1650758,15.00
190.98,21,follower,-35.3633555,149.1650761,15.00
46.95,22,follower,-35.3630977,149.1652568,2.23
47.45,22,follower,-35.3630977,149.1652568,3.39
47.95,22,follower,-35.3630977,149.1652567,4.67
48.45,22,follower,-35.3630977,149.1652567,5.95
48.95,22,follower,-35.3630977,149.1652567,7.19
49.45,22,follower,-35.3630977,149.1652567,8.42
49.95,22,follower,-35.3630977,149.1652567,9.66
50.45,22,follower,-35.3630977,149.1652567,10.90
50.95,22,follower,-35.3630977,149.1652568,12.13
51.45,22,follower,-35.3630978,149.1652568,13.29
51.95,22,follower,-35.3630978,149.1652568,14.72
52.45,22,follower,-35.3630978,149.1652568,16.46
52.95,22,follower,-35.3630978,149.1652567,17.76
53.45,22,follower,-35.3630978,149.1652566,18.65
53.95,22,follower,-35.3630977,149.1652566,19.25
54.45,22,follower,-35.3630977,149.1652566,19.61
54.95,22,follower,-35.3630977,149.1652566,19.73
55.45,22,follower,-35.3630977,149.1652566,19.61
55.95,22,follower,-35.3630977,149.1652566,19.25
56.46,22,follower,-35.3630977,149.1652566,18.63
56.95,22,follower,-35.3630977,149.1652565,17.85
57.45,22,follower,-35.3630977,149.1652565,17.08
57.95,22,follower,-35.3630977,149.1652565,16.34
58.45,22,follower,-35.3630977,149.1652565,15.65
58.95,22,follower,-35.3630977,149.1652565,15.17
59.45,22,follower,-35.3630977,149.1652566,14.96
59.95,22,follower,-35.3630977,149.1652566,14.97
60.45,22,follower,-35.3630977,149.1652566,15.01
60.96,22,follower,-35.3630977,149.1652566,15.03
61.46,22,follower,-35.3630977,149.1652566,15.02
61.96,22,follower,-35.3630977,149.1652566,15.02
62.46,22,follower,-35.3630977,149.1652567,15.01
62.95,22,follower,-35.3630977,149.1652567,15.01
63.46,22,follower,-35.3630977,149.1652567,15.01
63.96,22,follower,-35.3630977,149.1652567,15.01
64.45,22,follower,-35.3630977,149.1652567,15.01
64.95,22,follower,-35.3630977,149.1652567,15.00
65.46,22,follower,-35.3630977,149.1652567,15.00
65.95,22,follower,-35.3630977,149.1652567,15.00
66.46,22,follower,-35.3630977,149.1652567,15.00
66.96,22,follower,-35.3630977,149.1652567,15.00
67.46,22,follower,-35.3630977,149.1652567,15.00
67.96,22,follower,-35.3630977,149.1652567,15.00
68.45,22,follower,-35.3630977,149.1652567,15.00
68.95,22,follower,-35.3630977,149.1652567,15.00
69.45,22,follower,-35.3630977,149.1652567,15.00
69.95,22,follower,-35.3630977,149.1652567,15.00
70.46,22,follower,-35.3630977,149.1652567,15.00
70.96,22,follower,-35.3630977,149.1652567,15.00
71.46,22,follower,-35.3630977,149.1652567,15.00
71.95,22,follower,-35.3630977,149.1652567,15.00
72.45,22,follower,-35.3630977,149.1652567,15.00
72.95,22,follower,-35.3630977,149.1652567,15.00
73.45,22,follower,-35.3630977,149.1652567,15.00
73.96,22,follower,-35.3630977,149.1652567,15.00
74.46,22,follower,-35.3630977,149.1652567,15.00
74.96,22,follower,-35.3630977,149.1652567,15.00
75.46,22,follower,-35.3630977,149.1652567,15.00
75.96,22,follower,-35.3630977,149.1652567,15.00
76.46,22,follower,-35.3630977,149.1652567,15.00
76.95,22,follower,-35.3630977,149.1652567,15.00
77.46,22,follower,-35.3630977,149.1652567,15.00
77.96,22,follower,-35.3630977,149.1652567,15.00
78.46,22,follower,-35.3630977,149.1652567,15.00
78.96,22,follower,-35.3630977,149.1652567,15.00
79.46,22,follower,-35.3630977,149.1652566,15.00
79.95,22,follower,-35.3630977,149.1652566,15.00
80.46,22,follower,-35.3630977,149.1652566,15.00
80.96,22,follower,-35.3630977,149.1652566,15.00
81.46,22,follower,-35.3630977,149.1652566,15.00
81.96,22,follower,-35.3630977,149.1652566,15.00
82.46,22,follower,-35.3630978,149.1652566,15.00
82.96,22,follower,-35.3630978,149.1652566,15.00
83.46,22,follower,-35.3630978,149.1652567,15.00
83.96,22,follower,-35.3630978,149.1652567,15.00
84.46,22,follower,-35.3630978,149.1652567,15.00
84.96,22,follower,-35.3630978,149.1652567,15.00
85.46,22,follower,-35.3630978,149.1652567,15.00
85.96,22,follower,-35.3630978,149.1652567,15.00
86.46,22,follower,-35.3630978,149.1652567,15.00
86.96,22,follower,-35.3630978,149.1652567,15.00
87.46,22,follower,-35.3630978,149.1652567,15.00
87.96,22,follower,-35.3630977,149.1652567,15.00
88.46,22,follower,-35.3630977,149.1652567,15.00
88.96,22,follower,-35.3630977,149.1652567,15.00
89.46,22,follower,-35.3630977,149.1652567,15.00
89.96,22,follower,-35.3630977,149.1652567,15.00
90.46,22,follower,-35.3630977,149.1652567,15.00
90.96,22,follower,-35.3630977,149.1652567,15.00
91.46,22,follower,-35.3630977,149.1652567,15.00
91.96,22,follower,-35.3630977,149.1652567,15.00
92.46,22,follower,-35.3630977,149.1652567,15.00
92.96,22,follower,-35.3630977,149.1652567,15.00
93.46,22,follower,-35.3630977,149.1652567,15.00
93.96,22,follower,-35.3630977,149.1652567,15.00
94.46,22,follower,-35.3630977,149.1652567,15.00
94.96,22,follower,-35.3630977,149.1652567,15.00
95.46,22,follower,-35.3630977,149.1652567,15.00
95.96,22,follower,-35.3630977,149.1652567,15.00
96.46,22,follower,-35.3630977,149.1652567,15.00
96.96,22,follower,-35.3630977,149.1652567,15.00
97.46,22,follower,-35.3630977,149.1652567,15.00
97.96,22,follower,-35.3630977,149.1652567,15.00
98.46,22,follower,-35.3630977,149.1652567,15.00
98.96,22,follower,-35.3630977,149.1652567,15.00
99.46,22,follower,-35.3630977,149.1652567,15.00
99.96,22,follower,-35.3630977,149.1652567,15.00
100.46,22,follower,-35.3630977,149.1652567,15.00
100.96,22,follower,-35.3630977,149.1652567,15.00
101.46,22,follower,-35.3630977,149.1652567,15.00
101.96,22,follower,-35.3630977,149.1652567,15.00
102.46,22,follower,-35.3630978,149.1652567,15.00
102.96,22,follower,-35.3630977,149.1652567,15.00
103.46,22,follower,-35.3630977,149.1652567,15.00
103.96,22,follower,-35.3630977,149.1652567,15.00
104.46,22,follower,-35.3630977,149.1652567,15.00
104.96,22,follower,-35.3630977,149.1652567,15.00
105.47,22,follower,-35.3630977,149.1652567,15.00
105.96,22,follower,-35.3630977,149.1652567,15.00
106.46,22,follower,-35.3630977,149.1652567,15.00
106.97,22,follower,-35.3630977,149.1652567,15.00
107.47,22,follower,-35.3630977,149.1652567,15.00
107.96,22,follower,-35.3630977,149.1652567,15.00
108.46,22,follower,-35.3630977,149.1652567,15.00
108.96,22,follower,-35.3630977,149.1652567,15.00
109.46,22,follower,-35.3630977,149.1652567,15.00
109.96,22,follower,-35.3630977,149.1652567,15.00
110.46,22,follower,-35.3630977,149.1652567,15.00
110.96,22,follower,-35.3630977,149.1652567,15.00
111.47,22,follower,-35.3630977,149.1652567,15.00
111.96,22,follower,-35.3630977,149.1652567,15.00
112.46,22,follower,-35.3630977,149.1652567,15.00
112.97,22,follower,-35.3630977,149.1652567,15.00
113.46,22,follower,-35.3630977,149.1652567,15.00
113.97,22,follower,-35.3630977,149.1652567,15.00
114.46,22,follower,-35.3630977,149.1652567,15.00
114.97,22,follower,-35.3630977,149.1652567,15.00
115.46,22,follower,-35.3630977,149.1652567,15.00
115.97,22,follower,-35.3630977,149.1652567,15.00
116.46,22,follower,-35.3630977,149.1652567,15.00
116.96,22,follower,-35.3630977,149.1652567,15.00
117.46,22,follower,-35.3630977,149.1652567,15.00
117.97,22,follower,-35.3630977,149.1652567,15.00
118.47,22,follower,-35.3630977,149.1652567,15.00
118.97,22,follower,-35.3630977,149.1652567,15.00
119.47,22,follower,-35.3630977,149.1652567,15.00
119.96,22,follower,-35.3630977,149.1652567,15.00
120.46,22,follower,-35.3630977,149.1652567,15.00
120.96,22,follower,-35.3630977,149.1652567,15.00
121.47,22,follower,-35.3630977,149.1652567,15.00
121.96,22,follower,-35.3630977,149.1652567,15.00
122.46,22,follower,-35.3630977,149.1652567,15.00
122.96,22,follower,-35.3630977,149.1652567,15.00
123.47,22,follower,-35.3630977,149.1652567,15.00
123.97,22,follower,-35.3630977,149.1652567,15.00
124.47,22,follower,-35.3630977,149.1652567,15.00
124.97,22,follower,-35.3630977,149.1652567,15.00
125.47,22,follower,-35.3630953,149.1652565,15.00
125.97,22,follower,-35.3630871,149.1652563,15.00
126.47,22,follower,-35.3630743,149.1652562,15.00
126.96,22,follower,-35.3630620,149.1652562,15.00
127.47,22,follower,-35.3630525,149.1652564,15.00
127.97,22,follower,-35.3630437,149.1652564,15.00
128.47,22,follower,-35.3630351,149.1652565,15.00
128.96,22,follower,-35.3630252,149.1652564,15.00
129.47,22,follower,-35.3630158,149.1652564,15.00
129.97,22,follower,-35.3630066,149.1652564,15.00
130.47,22,follower,-35.3629982,149.1652564,15.00
130.97,22,follower,-35.3629886,149.1652564,15.00
131.47,22,follower,-35.3629791,149.1652564,15.00
131.97,22,follower,-35.3629700,149.1652564,15.00
132.47,22,follower,-35.3629610,149.1652564,15.00
132.97,22,follower,-35.3629522,149.1652564,15.00
133.47,22,follower,-35.3629432,149.1652564,15.00
133.97,22,follower,-35.3629343,149.1652564,15.00
134.47,22,follower,-35.3629254,149.1652564,15.00
134.97,22,follower,-35.3629165,149.1652564,15.00
135.47,22,follower,-35.3629076,149.1652564,15.00
135.97,22,follower,-35.3628987,149.1652564,15.00
136.47,22,follower,-35.3628898,149.1652564,15.00
136.97,22,follower,-35.3628810,149.1652564,15.00
137.47,22,follower,-35.3628722,149.1652564,15.00
137.97,22,follower,-35.3628633,149.1652564,15.00
138.47,22,follower,-35.3628544,149.1652564,15.00
138.97,22,follower,-35.3628455,149.1652564,15.00
139.47,22,follower,-35.3628366,149.1652564,15.00
139.97,22,follower,-35.3628278,149.1652564,15.00
140.47,22,follower,-35.3628205,149.1652564,15.00
140.97,22,follower,-35.3628185,149.1652564,15.00
141.47,22,follower,-35.3628218,149.1652573,15.00
141.97,22,follower,-35.3628255,149.1652626,15.00
142.47,22,follower,-35.3628259,149.1652736,15.00
142.97,22,follower,-35.3628258,149.1652914,15.01
143.47,22,follower,-35.3628258,149.1653117,15.01
143.97,22,follower,-35.3628260,149.1653286,15.00
144.47,22,follower,-35.3628267,149.1653405,15.00
144.97,22,follower,-35.3628273,149.1653520,15.00
145.47,22,follower,-35.3628277,149.1653637,15.00
145.97,22,follower,-35.3628279,149.1653764,15.00
146.47,22,follower,-35.3628279,149.1653887,15.00
146.97,22,follower,-35.3628279,149.1654004,15.00
147.47,22,follower,-35.3628279,149.1654116,15.00
147.97,22,follower,-35.3628279,149.1654226,15.00
148.47,22,follower,-35.3628279,149.1654336,15.00
148.97,22,follower,-35.3628279,149.1654445,15.00
149.47,22,follower,-35.3628279,149.1654554,15.00
149.97,22,follower,-35.3628279,149.1654663,15.00
150.47,22,follower,-35.3628278,149.1654772,15.00
150.97,22,follower,-35.3628278,149.1654881,15.00
151.47,22,follower,-35.3628278,149.1654989,15.00
151.97,22,follower,-35.3628278,149.1655098,15.00
152.47,22,follower,-35.3628278,149.1655206,15.00
152.97,22,follower,-35.3628278,149.1655314,15.00
153.47,22,follower,-35.3628278,149.1655423,15.00
153.97,22,follower,-35.3628278,149.1655532,15.00
154.47,22,follower,-35.3628278,149.1655642,15.00
154.97,22,follower,-35.3628279,149.1655751,15.00
155.47,22,follower,-35.3628279,149.1655849,15.00
155.97,22,follower,-35.3628279,149.1655892,15.00
156.47,22,follower,-35.3628284,149.1655864,15.00
156.97,22,follower,-35.3628319,149.1655815,15.00
157.47,22,follower,-35.3628398,149.1655804,15.00
157.97,22,follower,-35.3628533,149.1655806,15.01
158.47,22,follower,-35.3628700,149.1655805,15.01
158.97,22,follower,-35.3628842,149.1655800,15.00
159.47,22,follower,-35.3628938,149.1655792,15.00
159.97,22,follower,-35.3629037,149.1655784,15.00
160.47,22,follower,-35.3629139,149.1655778,15.00
160.97,22,follower,-35.3629241,149.1655775,15.00
161.48,22,follower,-35.3629331,149.1655774,15.00
161.97,22,follower,-35.3629423,149.1655775,15.00
162.47,22,follower,-35.3629516,149.1655774,15.00
162.97,22,follower,-35.3629609,149.1655774,15.00
163.47,22,follower,-35.3629693,149.1655774,15.00
163.97,22,follower,-35.3629783,149.1655775,15.00
164.47,22,follower,-35.3629877,149.1655775,15.00
164.98,22,follower,-35.3629968,149.1655775,15.00
165.48,22,follower,-35.3630059,149.1655775,15.00
165.97,22,follower,-35.3630149,149.1655775,15.00
166.48,22,follower,-35.3630238,149.1655775,15.00
166.97,22,follower,-35.3630327,149.1655775,15.00
167.48,22,follower,-35.3630416,149.1655775,15.00
167.97,22,follower,-35.3630505,149.1655775,15.00
168.48,22,follower,-35.3630594,149.1655775,15.00
168.98,22,follower,-35.3630682,149.1655775,15.00
169.48,22,follower,-35.3630771,149.1655775,15.00
169.98,22,follower,-35.3630859,149.1655775,15.00
170.48,22,follower,-35.3630943,149.1655775,15.00
170.98,22,follower,-35.3630990,149.1655775,15.00
171.47,22,follower,-35.3630976,149.1655772,15.00
171.98,22,follower,-35.3630933,149.1655740,15.00
172.47,22,follower,-35.3630916,149.1655657,15.00
172.98,22,follower,-35.3630919,149.1655510,15.00
173.48,22,follower,-35.3630920,149.1655306,15.01
173.97,22,follower,-35.3630918,149.1655103,15.01
174.48,22,follower,-35.3630913,149.1654959,15.00
174.98,22,follower,-35.3630907,149.1654847,15.00
175.48,22,follower,-35.3630900,149.1654743,15.00
175.98,22,follower,-35.3630896,149.1654621,15.00
176.47,22,follower,-35.3630895,149.1654507,15.00
176.98,22,follower,-35.3630895,149.1654393,15.00
177.47,22,follower,-35.3630895,149.1654289,15.00
177.98,22,follower,-35.3630895,149.1654174,15.00
178.48,22,follower,-35.3630895,149.1654066,15.00
178.98,22,follower,-35.3630895,149.1653953,15.00
179.48,22,follower,-35.3630895,149.1653839,15.00
179.97,22,follower,-35.3630895,149.1653727,15.00
180.48,22,follower,-35.3630895,149.1653617,15.00
180.98,22,follower,-35.3630895,149.1653507,15.00
181.48,22,follower,-35.3630895,149.1653397,15.00
181.98,22,follower,-35.3630896,149.1653287,15.00
182.47,22,follower,-35.3630896,149.1653178,15.00
182.98,22,follower,-35.3630896,149.1653069,15.00
183.48,22,follower,-35.3630896,149.1652960,15.00
183.98,22,follower,-35.3630896,149.1652851,15.00
184.48,22,follower,-35.3630895,149.1652742,15.00
184.98,22,follower,-35.3630895,149.1652634,15.00
185.48,22,follower,-35.3630895,149.1652528,15.00
185.98,22,follower,-35.3630895,149.1652456,15.00
186.48,22,follower,-35.3630894,149.1652456,15.00
186.98,22,follower,-35.3630893,149.1652496,15.00
187.48,22,follower,-35.3630892,149.1652517,15.00
187.98,22,follower,-35.3630892,149.1652521,15.00
188.48,22,follower,-35.3630893,149.1652523,15.00
188.98,22,follower,-35.3630894,149.1652526,15.00
189.48,22,follower,-35.3630894,149.1652530,15.00
189.98,22,follower,-35.3630895,149.1652535,15.00
190.48,22,follower,-35.3630895,149.1652539,15.00
190.98,22,follower,-35.3630895,149.1652542,15.00
46.95,23,follower,-35.3633992,149.1653479,2.23
47.45,23,follower,-35.3633992,149.1653479,3.39
47.96,23,follower,-35.3633992,149.1653479,4.67
48.45,23,follower,-35.3633992,149.1653479,5.95
48.95,23,follower,-35.3633992,149.1653479,7.19
49.45,23,follower,-35.3633992,149.1653479,8.42
49.96,23,follower,-35.3633992,149.1653479,9.66
50.45,23,follower,-35.3633992,149.1653479,10.90
50.95,23,follower,-35.3633992,149.1653479,12.13
51.45,23,follower,-35.3633992,149.1653479,13.28
51.96,23,follower,-35.3633992,149.1653479,14.66
52.45,23,follower,-35.3633992,149.1653478,16.30
52.96,23,follower,-35.3633992,149.1653478,17.53
53.46,23,follower,-35.3633992,149.1653477,18.37
53.96,23,follower,-35.3633992,149.1653477,18.94
54.46,23,follower,-35.3633992,149.1653477,19.26
54.95,23,follower,-35.3633991,149.1653477,19.34
55.45,23,follower,-35.3633991,149.1653477,19.19
55.95,23,follower,-35.3633991,149.1653477,18.78
56.46,23,follower,-35.3633991,149.1653477,18.12
56.95,23,follower,-35.3633991,149.1653477,17.34
57.46,23,follower,-35.3633991,149.1653477,16.58
57.96,23,follower,-35.3633991,149.1653477,15.85
58.46,23,follower,-35.3633991,149.1653477,15.29
58.96,23,follower,-35.3633991,149.1653477,15.00
59.45,23,follower,-35.3633991,149.1653477,14.95
59.96,23,follower,-35.3633991,149.1653477,15.00
60.46,23,follower,-35.3633991,149.1653477,15.02
60.95,23,follower,-35.3633991,149.1653477,15.02
61.46,23,follower,-35.3633991,149.1653477,15.02
61.96,23,follower,-35.3633991,149.1653477,15.01
62.45,23,follower,-35.3633991,149.1653477,15.01
62.96,23,follower,-35.3633991,149.1653478,15.01
63.45,23,follower,-35.3633991,149.1653478,15.01
63.96,23,follower,-35.3633991,149.1653478,15.01
64.46,23,follower,-35.3633991,149.1653478,15.01
64.96,23,follower,-35.3633991,149.1653478,15.00
65.46,23,follower,-35.3633991,149.1653478,15.00
65.96,23,follower,-35.3633991,149.1653478,15.00
66.46,23,follower,-35.3633991,149.1653477,15.00
66.96,23,follower,-35.3633991,149.1653477,15.00
67.45,23,follower,-35.3633991,149.1653477,15.00
67.96,23,follower,-35.3633991,149.1653477,15.00
68.46,23,follower,-35.3633991,149.1653477,15.00
68.96,23,follower,-35.3633991,149.1653477,15.00
69.46,23,follower,-35.3633991,149.1653477,15.00
69.95,23,follower,-35.3633991,149.1653478,15.00
70.46,23,follower,-35.3633991,149.1653478,15.00
70.95,23,follower,-35.3633991,149.1653478,15.00
71.46,23,follower,-35.3633991,149.1653478,15.00
71.96,23,follower,-35.3633991,149.1653478,15.00
72.46,23,follower,-35.3633991,149.1653478,15.00
72.96,23,follower,-35.3633991,149.1653478,15.00
73.46,23,follower,-35.3633991,149.1653478,15.00
73.96,23,follower,-35.3633991,149.1653478,15.00
74.46,23,follower,-35.3633991,149.1653478,15.00
74.96,23,follower,-35.3633991,149.1653477,15.00
75.46,23,follower,-35.3633991,149.1653477,15.00
75.96,23,follower,-35.3633991,149.1653477,15.00
76.46,23,follower,-35.3633991,149.1653477,15.00
76.96,23,follower,-35.3633991,149.1653477,15.00
77.46,23,follower,-35.3633991,149.1653477,15.00
77.96,23,follower,-35.3633991,149.1653477,15.00
78.46,23,follower,-35.3633991,149.1653477,15.00
78.96,23,follower,-35.3633991,149.1653477,15.00
79.46,23,follower,-35.3633991,149.1653477,15.00
79.96,23,follower,-35.3633991,149.1653477,15.00
80.46,23,follower,-35.3633991,149.1653477,15.00
80.96,23,follower,-35.3633991,149.1653477,15.00
81.46,23,follower,-35.3633991,149.1653477,15.00
81.96,23,follower,-35.3633991,149.1653477,15.00
82.46,23,follower,-35.3633991,149.1653478,15.00
82.96,23,follower,-35.3633991,149.1653478,15.00
83.46,23,follower,-35.3633991,149.1653478,15.00
83.96,23,follower,-35.3633991,149.1653478,15.00
84.46,23,follower,-35.3633991,149.1653478,15.00
84.96,23,follower,-35.3633991,149.1653478,15.00
85.46,23,follower,-35.3633991,149.1653478,15.00
85.96,23,follower,-35.3633991,149.1653478,15.00
86.46,23,follower,-35.3633991,149.1653478,15.00
86.96,23,follower,-35.3633991,149.1653478,15.00
87.46,23,follower,-35.3633991,149.1653478,15.00
87.96,23,follower,-35.3633991,149.1653477,15.00
88.46,23,follower,-35.3633991,149.1653477,15.00
88.96,23,follower,-35.3633991,149.1653477,15.00
89.46,23,follower,-35.3633991,149.1653477,15.00
89.96,23,follower,-35.3633991,149.1653477,15.00
90.46,23,follower,-35.3633991,149.1653477,15.00
90.96,23,follower,-35.3633991,149.1653477,15.00
91.46,23,follower,-35.3633991,149.1653477,15.00
91.96,23,follower,-35.3633991,149.1653477,15.00
92.46,23,follower,-35.3633991,149.1653477,15.00
92.96,23,follower,-35.3633991,149.1653477,15.00
93.46,23,follower,-35.3633991,149.1653477,15.00
93.96,23,follower,-35.3633991,149.1653477,15.00
94.46,23,follower,-35.3633991,149.1653477,15.00
94.96,23,follower,-35.3633991,149.1653477,15.00
95.46,23,follower,-35.3633991,149.1653477,15.00
95.96,23,follower,-35.3633991,149.1653477,15.00
96.46,23,follower,-35.3633991,149.1653478,15.00
96.96,23,follower,-35.3633991,149.1653478,15.00
97.46,23,follower,-35.3633991,149.1653478,15.00
97.96,23,follower,-35.3633991,149.1653478,15.00
98.47,23,follower,-35.3633991,149.1653478,15.00
98.96,23,follower,-35.3633991,149.1653478,15.00
99.47,23,follower,-35.3633991,149.1653478,15.00
99.96,23,follower,-35.3633991,149.1653478,15.00
100.47,23,follower,-35.3633991,149.1653478,15.00
100.96,23,follower,-35.3633991,149.1653478,15.00
101.47,23,follower,-35.3633991,149.1653478,15.00
101.96,23,follower,-35.3633991,149.1653478,15.00
102.46,23,follower,-35.3633991,149.1653478,15.00
102.96,23,follower,-35.3633991,149.1653478,15.00
103.46,23,follower,-35.3633991,149.1653478,15.00
103.96,23,follower,-35.3633991,149.1653478,15.00
104.47,23,follower,-35.3633991,149.1653478,15.00
104.96,23,follower,-35.3633991,149.1653478,15.00
105.46,23,follower,-35.3633991,149.1653478,15.00
105.97,23,follower,-35.3633991,149.1653478,15.00
106.46,23,follower,-35.3633991,149.1653478,15.00
106.96,23,follower,-35.3633991,149.1653478,15.00
107.46,23,follower,-35.3633991,149.1653478,15.00
107.96,23,follower,-35.3633991,149.1653478,15.00
108.46,23,follower,-35.3633991,149.1653478,15.00
108.97,23,follower,-35.3633991,149.1653478,15.00
109.47,23,follower,-35.3633991,149.1653478,15.00
109.97,23,follower,-35.3633991,149.1653478,15.00
110.47,23,follower,-35.3633991,149.1653478,15.00
110.96,23,follower,-35.3633991,149.1653478,15.00
111.47,23,follower,-35.3633991,149.1653478,15.00
111.97,23,follower,-35.3633991,149.1653478,15.00
112.47,23,follower,-35.3633991,149.1653478,15.00
112.97,23,follower,-35.3633991,149.1653478,15.00
113.46,23,follower,-35.3633991,149.1653478,15.00
113.97,23,follower,-35.3633991,149.1653478,15.00
114.47,23,follower,-35.3633991,149.1653478,15.00
114.97,23,follower,-35.3633991,149.1653478,15.00
115.46,23,follower,-35.3633991,149.1653478,15.00
115.96,23,follower,-35.3633991,149.1653478,15.00
116.47,23,follower,-35.3633991,149.1653478,15.00
116.97,23,follower,-35.3633991,149.1653478,15.00
117.47,23,follower,-35.3633991,149.1653478,15.00
117.97,23,follower,-35.3633991,149.1653478,15.00
118.47,23,follower,-35.3633991,149.1653478,15.00
118.97,23,follower,-35.3633991,149.1653478,15.00
119.47,23,follower,-35.3633991,149.1653478,15.00
119.97,23,follower,-35.3633991,149.1653478,15.00
120.46,23,follower,-35.3633991,149.1653478,15.00
120.97,23,follower,-35.3633991,149.1653478,15.00
121.47,23,follower,-35.3633991,149.1653478,15.00
121.97,23,follower,-35.3633991,149.1653478,15.00
122.47,23,follower,-35.3633991,149.1653478,15.00
122.97,23,follower,-35.3633991,149.1653478,15.00
123.47,23,follower,-35.3633991,149.1653478,15.00
123.97,23,follower,-35.3633991,149.1653478,15.00
124.47,23,follower,-35.3633991,149.1653478,15.00
124.97,23,follower,-35.3633989,149.1653478,15.00
125.47,23,follower,-35.3633955,149.1653476,15.00
125.97,23,follower,-35.3633861,149.1653474,15.00
126.47,23,follower,-35.3633739,149.1653473,15.00
126.97,23,follower,-35.3633636,149.1653474,15.00
127.47,23,follower,-35.3633545,149.1653475,15.00
127.97,23,follower,-35.3633455,149.1653476,15.00
128.47,23,follower,-35.3633362,149.1653476,15.00
128.97,23,follower,-35.3633268,149.1653476,15.00
129.47,23,follower,-35.3633174,149.1653476,15.00
129.97,23,follower,-35.3633082,149.1653476,15.00
130.47,23,follower,-35.3632992,149.1653475,15.00
130.97,23,follower,-35.3632903,149.1653475,15.00
131.47,23,follower,-35.3632814,149.1653475,15.00
131.97,23,follower,-35.3632726,149.1653475,15.00
132.47,23,follower,-35.3632637,149.1653475,15.00
132.97,23,follower,-35.3632548,149.1653475,15.00
133.47,23,follower,-35.3632458,149.1653475,15.00
133.97,23,follower,-35.3632368,149.1653475,15.00
134.47,23,follower,-35.3632279,149.1653475,15.00
134.97,23,follower,-35.3632189,149.1653475,15.00
135.47,23,follower,-35.3632100,149.1653475,15.00
135.97,23,follower,-35.3632010,149.1653475,15.00
136.47,23,follower,-35.3631922,149.1653475,15.00
136.97,23,follower,-35.3631833,149.1653475,15.00
137.47,23,follower,-35.3631742,149.1653475,15.00
137.97,23,follower,-35.3631642,149.1653475,15.00
138.47,23,follower,-35.3631552,149.1653475,15.00
138.97,23,follower,-35.3631465,149.1653475,15.00
139.47,23,follower,-35.3631374,149.1653475,15.00
139.97,23,follower,-35.3631279,149.1653475,15.00
140.47,23,follower,-35.3631215,149.1653475,15.00
140.97,23,follower,-35.3631208,149.1653475,15.00
141.47,23,follower,-35.3631248,149.1653491,15.00
141.97,23,follower,-35.3631279,149.1653553,15.00
142.47,23,follower,-35.3631277,149.1653674,15.00
142.97,23,follower,-35.3631273,149.1653859,15.01
143.47,23,follower,-35.3631272,149.1654058,15.01
143.97,23,follower,-35.3631274,149.1654208,15.00
144.47,23,follower,-35.3631280,149.1654331,15.00
144.97,23,follower,-35.3631286,149.1654448,15.00
145.47,23,follower,-35.3631291,149.1654564,15.00
145.97,23,follower,-35.3631292,149.1654681,15.00
146.47,23,follower,-35.3631293,149.1654795,15.00
146.97,23,follower,-35.3631293,149.1654906,15.00
147.47,23,follower,-35.3631293,149.1655016,15.00
147.97,23,follower,-35.3631293,149.1655125,15.00
148.47,23,follower,-35.3631293,149.1655234,15.00
148.97,23,follower,-35.3631293,149.1655343,15.00
149.47,23,follower,-35.3631293,149.1655451,15.00
149.97,23,follower,-35.3631292,149.1655561,15.00
150.47,23,follower,-35.3631292,149.1655670,15.00
150.97,23,follower,-35.3631292,149.1655779,15.00
151.47,23,follower,-35.3631292,149.1655888,15.00
151.97,23,follower,-35.3631292,149.1655997,15.00
152.47,23,follower,-35.3631292,149.1656107,15.00
152.97,23,follower,-35.3631292,149.1656216,15.00
153.47,23,follower,-35.3631292,149.1656328,15.00
153.98,23,follower,-35.3631292,149.1656451,15.00
154.48,23,follower,-35.3631292,149.1656565,15.00
154.98,23,follower,-35.3631292,149.1656679,15.00
155.47,23,follower,-35.3631294,149.1656764,15.00
155.97,23,follower,-35.3631297,149.1656788,15.00
156.48,23,follower,-35.3631314,149.1656750,15.00
156.97,23,follower,-35.3631367,149.1656719,15.00
157.48,23,follower,-35.3631471,149.1656716,15.00
157.98,23,follower,-35.3631624,149.1656717,15.01
158.48,23,follower,-35.3631775,149.1656715,15.01
158.98,23,follower,-35.3631882,149.1656710,15.00
159.48,23,follower,-35.3631975,149.1656702,15.00
159.97,23,follower,-35.3632068,149.1656694,15.00
160.48,23,follower,-35.3632163,149.1656689,15.00
160.98,23,follower,-35.3632257,149.1656686,15.00
161.48,23,follower,-35.3632350,149.1656686,15.00
161.98,23,follower,-35.3632442,149.1656686,15.00
162.48,23,follower,-35.3632532,149.1656686,15.00
162.97,23,follower,-35.3632621,149.1656686,15.00
163.47,23,follower,-35.3632710,149.1656686,15.00
163.97,23,follower,-35.3632799,149.1656686,15.00
164.48,23,follower,-35.3632888,149.1656686,15.00
164.98,23,follower,-35.3632977,149.1656686,15.00
165.47,23,follower,-35.3633066,149.1656686,15.00
165.97,23,follower,-35.3633155,149.1656686,15.00
166.48,23,follower,-35.3633245,149.1656686,15.00
166.97,23,follower,-35.3633334,149.1656686,15.00
167.48,23,follower,-35.3633423,149.1656686,15.00
167.97,23,follower,-35.3633512,149.1656686,15.00
168.48,23,follower,-35.3633600,149.1656686,15.00
168.98,23,follower,-35.3633688,149.1656686,15.00
169.48,23,follower,-35.3633777,149.1656686,15.00
169.98,23,follower,-35.3633865,149.1656686,15.00
170.48,23,follower,-35.3633944,149.1656686,15.00
170.98,23,follower,-35.3633982,149.1656680,15.00
171.48,23,follower,-35.3633971,149.1656650,15.00
171.98,23,follower,-35.3633940,149.1656563,15.00
172.48,23,follower,-35.3633928,149.1656411,15.01
172.98,23,follower,-35.3633928,149.1656232,15.01
173.48,23,follower,-35.3633929,149.1656094,15.00
173.98,23,follower,-35.3633925,149.1655984,15.00
174.48,23,follower,-35.3633921,149.1655883,15.00
174.98,23,follower,-35.3633917,149.1655773,15.00
175.48,23,follower,-35.3633913,149.1655662,15.00
175.98,23,follower,-35.3633911,149.1655538,15.00
176.48,23,follower,-35.3633910,149.1655418,15.00
176.98,23,follower,-35.3633910,149.1655306,15.00
177.48,23,follower,-35.3633910,149.1655202,15.00
177.98,23,follower,-35.3633910,149.1655088,15.00
178.48,23,follower,-35.3633910,149.1654974,15.00
178.98,23,follower,-35.3633910,149.1654862,15.00
179.48,23,follower,-35.3633910,149.1654751,15.00
179.98,23,follower,-35.3633910,149.1654641,15.00
180.48,23,follower,-35.3633910,149.1654531,15.00
180.98,23,follower,-35.3633910,149.1654422,15.00
181.48,23,follower,-35.3633910,149.1654313,15.00
181.98,23,follower,-35.3633910,149.1654204,15.00
182.48,23,follower,-35.3633910,149.1654095,15.00
182.98,23,follower,-35.3633910,149.1653987,15.00
183.48,23,follower,-35.3633910,149.1653877,15.00
183.98,23,follower,-35.3633910,149.1653768,15.00
184.48,23,follower,-35.3633909,149.1653660,15.00
184.98,23,follower,-35.3633909,149.1653551,15.00
185.48,23,follower,-35.3633910,149.1653444,15.00
185.98,23,follower,-35.3633909,149.1653369,15.00
186.48,23,follower,-35.3633909,149.1653367,15.00
186.98,23,follower,-35.3633907,149.1653405,15.00
187.48,23,follower,-35.3633905,149.1653427,15.00
187.98,23,follower,-35.3633906,149.1653433,15.00
188.48,23,follower,-35.3633906,149.1653434,15.00
188.98,23,follower,-35.3633907,149.1653438,15.00
189.48,23,follower,-35.3633908,149.1653442,15.00
189.98,23,follower,-35.3633909,149.1653447,15.00
190.48,23,follower,-35.3633909,149.1653450,15.00
190.98,23,follower,-35.3633909,149.1653454,15.00
46.95,24,follower,-35.3632230,149.1650237,2.23
47.46,24,follower,-35.3632230,149.1650237,3.39
47.95,24,follower,-35.3632230,149.1650236,4.67
48.45,24,follower,-35.3632230,149.1650236,5.95
48.95,24,follower,-35.3632230,149.1650236,7.19
49.45,24,follower,-35.3632230,149.1650236,8.42
49.96,24,follower,-35.3632230,149.1650236,9.66
50.45,24,follower,-35.3632230,149.1650236,10.90
50.95,24,follower,-35.3632230,149.1650237,12.13
51.45,24,follower,-35.3632230,149.1650237,13.28
51.95,24,follower,-35.3632231,149.1650237,14.68
52.45,24,follower,-35.3632231,149.1650237,16.34
52.96,24,follower,-35.3632231,149.1650236,17.56
53.46,24,follower,-35.3632230,149.1650236,18.40
53.95,24,follower,-35.3632230,149.1650236,18.96
54.45,24,follower,-35.3632230,149.1650236,19.28
54.95,24,follower,-35.3632230,149.1650236,19.37
55.46,24,follower,-35.3632230,149.1650236,19.21
55.95,24,follower,-35.3632230,149.1650236,18.81
56.45,24,follower,-35.3632230,149.1650236,18.14
56.95,24,follower,-35.3632230,149.1650236,17.37
57.46,24,follower,-35.3632230,149.1650236,16.60
57.96,24,follower,-35.3632230,149.1650236,15.87
58.46,24,follower,-35.3632230,149.1650236,15.31
58.95,24,follower,-35.3632230,149.1650236,15.01
59.45,24,follower,-35.3632230,149.1650236,14.95
59.96,24,follower,-35.3632230,149.1650236,15.00
60.46,24,follower,-35.3632230,149.1650236,15.02
60.96,24,follower,-35.3632230,149.1650236,15.02
61.45,24,follower,-35.3632230,149.1650236,15.02
61.96,24,follower,-35.3632230,149.1650236,15.01
62.46,24,follower,-35.3632230,149.1650236,15.01
62.96,24,follower,-35.3632230,149.1650237,15.01
63.46,24,follower,-35.3632230,149.1650237,15.01
63.95,24,follower,-35.3632230,149.1650237,15.01
64.46,24,follower,-35.3632230,149.1650237,15.01
64.96,24,follower,-35.3632230,149.1650237,15.00
65.46,24,follower,-35.3632230,149.1650237,15.00
65.95,24,follower,-35.3632230,149.1650237,15.00
66.46,24,follower,-35.3632230,149.1650237,15.00
66.96,24,follower,-35.3632230,149.1650236,15.00
67.46,24,follower,-35.3632230,149.1650236,15.00
67.96,24,follower,-35.3632230,149.1650236,15.00
68.46,24,follower,-35.3632230,149.1650236,15.00
68.95,24,follower,-35.3632230,149.1650236,15.00
69.46,24,follower,-35.3632230,149.1650236,15.00
69.96,24,follower,-35.3632230,149.1650236,15.00
70.46,24,follower,-35.3632230,149.1650237,15.00
70.96,24,follower,-35.3632230,149.1650237,15.00
71.46,24,follower,-35.3632230,149.1650237,15.00
71.96,24,follower,-35.3632230,149.1650237,15.00
72.45,24,follower,-35.3632230,149.1650237,15.00
72.96,24,follower,-35.3632230,149.1650237,15.00
73.46,24,follower,-35.3632230,149.1650237,15.00
73.96,24,follower,-35.3632230,149.1650237,15.00
74.46,24,follower,-35.3632230,149.1650237,15.00
74.96,24,follower,-35.3632230,149.1650237,15.00
75.46,24,follower,-35.3632230,149.1650236,15.00
75.96,24,follower,-35.3632230,149.1650236,15.00
76.46,24,follower,-35.3632230,149.1650236,15.00
76.96,24,follower,-35.3632230,149.1650236,15.00
77.46,24,follower,-35.3632230,149.1650236,15.00
77.96,24,follower,-35.3632230,149.1650236,15.00
78.46,24,follower,-35.3632230,149.1650236,15.00
78.96,24,follower,-35.3632230,149.1650236,15.00
79.46,24,follower,-35.3632230,149.1650236,15.00
79.96,24,follower,-35.3632230,149.1650236,15.00
80.46,24,follower,-35.3632230,149.1650236,15.00
80.96,24,follower,-35.3632230,149.1650236,15.00
81.46,24,follower,-35.3632230,149.1650236,15.00
81.96,24,follower,-35.3632230,149.1650236,15.00
82.46,24,follower,-35.3632231,149.1650237,15.00
82.96,24,follower,-35.3632231,149.1650237,15.00
83.46,24,follower,-35.3632231,149.1650237,15.00
83.96,24,follower,-35.3632231,149.1650237,15.00
84.46,24,follower,-35.3632231,149.1650237,15.00
84.96,24,follower,-35.3632231,149.1650237,15.00
85.46,24,follower,-35.3632231,149.1650237,15.00
85.96,24,follower,-35.3632231,149.1650237,15.00
86.46,24,follower,-35.3632231,149.1650237,15.00
86.96,24,follower,-35.3632231,149.1650237,15.00
87.46,24,follower,-35.3632231,149.1650237,15.00
87.96,24,follower,-35.3632231,149.1650236,15.00
88.46,24,follower,-35.3632231,149.1650236,15.00
88.96,24,follower,-35.3632231,149.1650236,15.00
89.46,24,follower,-35.3632231,149.1650236,15.00
89.96,24,follower,-35.3632231,149.1650236,15.00
90.46,24,follower,-35.3632231,149.1650236,15.00
90.96,24,follower,-35.3632231,149.1650236,15.00
91.46,24,follower,-35.3632231,149.1650236,15.00
91.96,24,follower,-35.3632231,149.1650236,15.00
92.46,24,follower,-35.3632230,149.1650236,15.00
92.96,24,follower,-35.3632230,149.1650236,15.00
93.46,24,follower,-35.3632230,149.1650236,15.00
93.96,24,follower,-35.3632230,149.1650236,15.00
94.46,24,follower,-35.3632230,149.1650236,15.00
94.96,24,follower,-35.3632231,149.1650236,15.00
95.46,24,follower,-35.3632231,149.1650237,15.00
95.96,24,follower,-35.3632231,149.1650237,15.00
96.46,24,follower,-35.3632231,149.1650237,15.00
96.96,24,follower,-35.3632231,149.1650237,15.00
97.46,24,follower,-35.3632231,149.1650237,15.00
97.96,24,follower,-35.3632231,149.1650237,15.00
98.46,24,follower,-35.3632231,149.1650237,15.00
98.96,24,follower,-35.3632231,149.1650237,15.00
99.46,24,follower,-35.3632231,149.1650237,15.00
99.96,24,follower,-35.3632230,149.1650237,15.00
100.46,24,follower,-35.3632230,149.1650237,15.00
100.97,24,follower,-35.3632230,149.1650237,15.00
101.46,24,follower,-35.3632230,149.1650237,15.00
101.96,24,follower,-35.3632230,149.1650237,15.00
102.46,24,follower,-35.3632230,149.1650237,15.00
102.96,24,follower,-35.3632231,149.1650237,15.00
103.46,24,follower,-35.3632230,149.1650237,15.00
103.96,24,follower,-35.3632230,149.1650237,15.00
104.46,24,follower,-35.3632230,149.1650237,15.00
104.96,24,follower,-35.3632230,149.1650237,15.00
105.46,24,follower,-35.3632230,149.1650237,15.00
105.96,24,follower,-35.3632230,149.1650237,15.00
106.46,24,follower,-35.3632230,149.1650237,15.00
106.97,24,follower,-35.3632230,149.1650237,15.00
107.46,24,follower,-35.3632230,149.1650237,15.00
107.96,24,follower,-35.3632230,149.1650237,15.00
108.46,24,follower,-35.3632230,149.1650237,15.00
108.96,24,follower,-35.3632230,149.1650237,15.00
109.46,24,follower,-35.3632230,149.1650237,15.00
109.96,24,follower,-35.3632230,149.1650237,15.00
110.47,24,follower,-35.3632230,149.1650237,15.00
110.97,24,follower,-35.3632230,149.1650237,15.00
111.46,24,follower,-35.3632230,149.1650237,15.00
111.97,24,follower,-35.3632230,149.1650237,15.00
112.46,24,follower,-35.3632230,149.1650237,15.00
112.97,24,follower,-35.3632230,149.1650237,15.00
113.47,24,follower,-35.3632230,149.1650237,15.00
113.96,24,follower,-35.3632230,149.1650237,15.00
114.46,24,follower,-35.3632230,149.1650237,15.00
114.97,24,follower,-35.3632230,149.1650237,15.00
115.46,24,follower,-35.3632230,149.1650237,15.00
115.97,24,follower,-35.3632230,149.1650237,15.00
116.47,24,follower,-35.3632230,149.1650237,15.00
116.97,24,follower,-35.3632230,149.1650237,15.00
117.47,24,follower,-35.3632230,149.1650237,15.00
117.96,24,follower,-35.3632230,149.1650237,15.00
118.47,24,follower,-35.3632230,149.1650237,15.00
118.97,24,follower,-35.3632230,149.1650237,15.00
119.47,24,follower,-35.3632230,149.1650237,15.00
119.96,24,follower,-35.3632230,149.1650237,15.00
120.47,24,follower,-35.3632230,149.1650237,15.00
120.97,24,follower,-35.3632230,149.1650237,15.00
121.47,24,follower,-35.3632230,149.1650237,15.00
121.97,24,follower,-35.3632230,149.1650237,15.00
122.47,24,follower,-35.3632230,149.1650237,15.00
122.97,24,follower,-35.3632230,149.1650237,15.00
123.47,24,follower,-35.3632230,149.1650237,15.00
123.96,24,follower,-35.3632230,149.1650237,15.00
124.47,24,follower,-35.3632230,149.1650237,15.00
124.97,24,follower,-35.3632228,149.1650237,15.00
125.47,24,follower,-35.3632208,149.1650235,15.00
125.97,24,follower,-35.3632133,149.1650234,15.00
126.47,24,follower,-35.3632008,149.1650233,15.00
126.97,24,follower,-35.3631881,149.1650233,15.00
127.47,24,follower,-35.3631784,149.1650234,15.00
127.97,24,follower,-35.3631692,149.1650234,15.00
128.47,24,follower,-35.3631598,149.1650235,15.00
128.97,24,follower,-35.3631503,149.1650235,15.00
129.47,24,follower,-35.3631409,149.1650235,15.00
129.97,24,follower,-35.3631316,149.1650235,15.00
130.47,24,follower,-35.3631224,149.1650235,15.00
130.97,24,follower,-35.3631135,149.1650235,15.00
131.47,24,follower,-35.3631046,149.1650234,15.00
131.97,24,follower,-35.3630956,149.1650234,15.00
132.47,24,follower,-35.3630867,149.1650234,15.00
132.97,24,follower,-35.3630778,149.1650234,15.00
133.47,24,follower,-35.3630689,149.1650234,15.00
133.97,24,follower,-35.3630600,149.1650234,15.00
134.47,24,follower,-35.3630510,149.1650234,15.00
134.97,24,follower,-35.3630421,149.1650234,15.00
135.47,24,follower,-35.3630332,149.1650234,15.00
135.97,24,follower,-35.3630243,149.1650234,15.00
136.47,24,follower,-35.3630155,149.1650234,15.00
136.97,24,follower,-35.3630067,149.1650234,15.00
137.47,24,follower,-35.3629978,149.1650234,15.00
137.97,24,follower,-35.3629889,149.1650234,15.00
138.47,24,follower,-35.3629800,149.1650234,15.00
138.97,24,follower,-35.3629712,149.1650234,15.00
139.47,24,follower,-35.3629621,149.1650234,15.00
139.97,24,follower,-35.3629526,149.1650234,15.00
140.47,24,follower,-35.3629457,149.1650234,15.00
140.97,24,follower,-35.3629445,149.1650234,15.00
141.47,24,follower,-35.3629483,149.1650247,15.00
141.97,24,follower,-35.3629516,149.1650305,15.00
142.47,24,follower,-35.3629516,149.1650421,15.00
142.97,24,follower,-35.3629513,149.1650602,15.01
143.47,24,follower,-35.3629511,149.1650799,15.01
143.97,24,follower,-35.3629513,149.1650959,15.00
144.47,24,follower,-35.3629521,149.1651076,15.00
144.97,24,follower,-35.3629528,149.1651197,15.00
145.47,24,follower,-35.3629532,149.1651322,15.00
145.97,24,follower,-35.3629533,149.1651444,15.00
146.47,24,follower,-35.3629533,149.1651562,15.00
146.97,24,follower,-35.3629533,149.1651675,15.00
147.47,24,follower,-35.3629532,149.1651785,15.00
147.97,24,follower,-35.3629532,149.1651895,15.00
148.47,24,follower,-35.3629532,149.1652003,15.00
148.97,24,follower,-35.3629532,149.1652112,15.00
149.47,24,follower,-35.3629532,149.1652221,15.00
149.97,24,follower,-35.3629532,149.1652330,15.00
150.47,24,follower,-35.3629531,149.1652439,15.00
150.97,24,follower,-35.3629531,149.1652548,15.00
151.47,24,follower,-35.3629531,149.1652657,15.00
151.97,24,follower,-35.3629531,149.1652767,15.00
152.47,24,follower,-35.3629531,149.1652876,15.00
152.97,24,follower,-35.3629531,149.1652985,15.00
153.47,24,follower,-35.3629531,149.1653093,15.00
153.97,24,follower,-35.3629531,149.1653202,15.00
154.48,24,follower,-35.3629531,149.1653310,15.00
154.98,24,follower,-35.3629531,149.1653418,15.00
155.47,24,follower,-35.3629532,149.1653511,15.00
155.98,24,follower,-35.3629534,149.1653545,15.00
156.47,24,follower,-35.3629540,149.1653512,15.00
156.97,24,follower,-35.3629578,149.1653467,15.00
157.48,24,follower,-35.3629660,149.1653462,15.00
157.97,24,follower,-35.3629796,149.1653468,15.01
158.47,24,follower,-35.3629959,149.1653472,15.01
158.98,24,follower,-35.3630096,149.1653469,15.00
159.47,24,follower,-35.3630191,149.1653461,15.00
159.97,24,follower,-35.3630287,149.1653452,15.00
160.48,24,follower,-35.3630389,149.1653447,15.00
160.97,24,follower,-35.3630491,149.1653445,15.00
161.47,24,follower,-35.3630589,149.1653444,15.00
161.98,24,follower,-35.3630682,149.1653444,15.00
162.48,24,follower,-35.3630773,149.1653444,15.00
162.98,24,follower,-35.3630862,149.1653444,15.00
163.48,24,follower,-35.3630951,149.1653444,15.00
163.97,24,follower,-35.3631040,149.1653444,15.00
164.47,24,follower,-35.3631130,149.1653445,15.00
164.98,24,follower,-35.3631219,149.1653445,15.00
165.47,24,follower,-35.3631307,149.1653445,15.00
165.97,24,follower,-35.3631396,149.1653445,15.00
166.48,24,follower,-35.3631485,149.1653445,15.00
166.98,24,follower,-35.3631574,149.1653445,15.00
167.47,24,follower,-35.3631664,149.1653445,15.00
167.97,24,follower,-35.3631753,149.1653445,15.00
168.47,24,follower,-35.3631841,149.1653445,15.00
168.98,24,follower,-35.3631930,149.1653445,15.00
169.48,24,follower,-35.3632019,149.1653445,15.00
169.98,24,follower,-35.3632109,149.1653445,15.00
170.47,24,follower,-35.3632193,149.1653445,15.00
170.98,24,follower,-35.3632242,149.1653445,15.00
171.48,24,follower,-35.3632231,149.1653442,15.00
171.97,24,follower,-35.3632188,149.1653413,15.00
172.48,24,follower,-35.3632169,149.1653332,15.00
172.97,24,follower,-35.3632172,149.1653188,15.00
173.48,24,follower,-35.3632173,149.1652985,15.01
173.98,24,follower,-35.3632171,149.1652779,15.01
174.48,24,follower,-35.3632166,149.1652631,15.00
174.98,24,follower,-35.3632159,149.1652518,15.00
175.48,24,follower,-35.3632153,149.1652413,15.00
175.98,24,follower,-35.3632149,149.1652291,15.00
176.47,24,follower,-35.3632148,149.1652177,15.00
176.98,24,follower,-35.3632148,149.1652063,15.00
177.48,24,follower,-35.3632148,149.1651961,15.00
177.98,24,follower,-35.3632148,149.1651846,15.00
178.48,24,follower,-35.3632148,149.1651738,15.00
178.98,24,follower,-35.3632148,149.1651624,15.00
179.48,24,follower,-35.3632148,149.1651510,15.00
179.98,24,follower,-35.3632148,149.1651398,15.00
180.48,24,follower,-35.3632148,149.1651287,15.00
180.98,24,follower,-35.3632148,149.1651177,15.00
181.48,24,follower,-35.3632148,149.1651067,15.00
181.98,24,follower,-35.3632149,149.1650957,15.00
182.48,24,follower,-35.3632149,149.1650848,15.00
182.98,24,follower,-35.3632149,149.1650740,15.00
183.48,24,follower,-35.3632149,149.1650632,15.00
183.98,24,follower,-35.3632149,149.1650524,15.00
184.48,24,follower,-35.3632148,149.1650416,15.00
184.98,24,follower,-35.3632148,149.1650307,15.00
185.48,24,follower,-35.3632148,149.1650201,15.00
185.98,24,follower,-35.3632148,149.1650128,15.00
186.48,24,follower,-35.3632147,149.1650126,15.00
186.98,24,follower,-35.3632146,149.1650165,15.00
187.48,24,follower,-35.3632145,149.1650186,15.00
187.98,24,follower,-35.3632145,149.1650192,15.00
188.48,24,follower,-35.3632146,149.1650194,15.00
188.98,24,follower,-35.3632147,149.1650196,15.00
189.48,24,follower,-35.3632147,149.1650201,15.00
189.98,24,follower,-35.3632148,149.1650205,15.00
190.48,24,follower,-35.3632148,149.1650209,15.00
190.98,24,follower,-35.3632148,149.1650212,15.00
93.38,25,follower,-35.3631733,149.1654171,2.23
93.88,25,follower,-35.3631733,149.1654171,3.39
94.38,25,follower,-35.3631733,149.1654171,4.67
94.88,25,follower,-35.3631733,149.1654171,5.95
95.39,25,follower,-35.3631733,149.1654171,7.19
95.88,25,follower,-35.3631733,149.1654171,8.42
96.38,25,follower,-35.3631733,149.1654171,9.66
96.88,25,follower,-35.3631733,149.1654171,10.90
97.38,25,follower,-35.3631733,149.1654171,12.13
97.88,25,follower,-35.3631733,149.1654171,13.22
98.38,25,follower,-35.3631733,149.1654171,14.08
98.88,25,follower,-35.3631734,149.1654171,14.67
99.38,25,follower,-35.3631734,149.1654171,15.01
99.88,25,follower,-35.3631734,149.1654171,15.10
100.38,25,follower,-35.3631734,149.1654171,14.99
100.88,25,follower,-35.3631734,149.1654171,14.95
101.38,25,follower,-35.3631734,149.1654171,14.96
101.88,25,follower,-35.3631734,149.1654171,14.97
102.38,25,follower,-35.3631734,149.1654170,14.97
102.88,25,follower,-35.3631734,149.1654170,14.98
103.38,25,follower,-35.3631733,149.1654169,14.98
103.88,25,follower,-35.3631733,149.1654169,14.98
104.39,25,follower,-35.3631733,149.1654169,14.99
104.88,25,follower,-35.3631733,149.1654169,14.99
105.38,25,follower,-35.3631733,149.1654168,14.99
105.88,25,follower,-35.3631733,149.1654168,14.99
106.39,25,follower,-35.3631733,149.1654169,14.99
106.88,25,follower,-35.3631733,149.1654169,14.99
107.38,25,follower,-35.3631733,149.1654170,15.00
107.88,25,follower,-35.3631733,149.1654170,15.00
108.38,25,follower,-35.3631733,149.1654170,15.00
108.88,25,follower,-35.3631733,149.1654169,15.00
109.39,25,follower,-35.3631733,149.1654170,15.00
109.88,25,follower,-35.3631733,149.1654170,15.00
110.39,25,follower,-35.3631733,149.1654170,15.00
110.88,25,follower,-35.3631733,149.1654170,15.00
111.39,25,follower,-35.3631733,149.1654170,15.00
111.88,25,follower,-35.3631733,149.1654170,15.00
112.39,25,follower,-35.3631733,149.1654170,15.00
112.88,25,follower,-35.3631733,149.1654170,15.00
113.38,25,follower,-35.3631733,149.1654170,15.00
113.88,25,follower,-35.3631733,149.1654170,15.00
114.39,25,follower,-35.3631733,149.1654170,15.00
114.88,25,follower,-35.3631733,149.1654170,15.00
115.39,25,follower,-35.3631733,149.1654170,15.00
115.88,25,follower,-35.3631733,149.1654170,15.00
116.39,25,follower,-35.3631733,149.1654170,15.00
116.89,25,follower,-35.3631733,149.1654170,15.00
117.39,25,follower,-35.3631733,149.1654170,15.00
117.89,25,follower,-35.3631733,149.1654170,15.00
118.39,25,follower,-35.3631733,149.1654170,15.00
118.89,25,follower,-35.3631733,149.1654170,15.00
119.39,25,follower,-35.3631733,149.1654170,15.00
119.88,25,follower,-35.3631733,149.1654170,15.00
120.39,25,follower,-35.3631733,149.1654170,15.00
120.88,25,follower,-35.3631733,149.1654170,15.00
121.39,25,follower,-35.3631733,149.1654170,15.00
121.89,25,follower,-35.3631733,149.1654170,15.00
122.39,25,follower,-35.3631733,149.1654170,15.00
122.88,25,follower,-35.3631733,149.1654170,15.00
123.39,25,follower,-35.3631733,149.1654170,15.00
123.89,25,follower,-35.3631733,149.1654170,15.00
124.39,25,follower,-35.3631733,149.1654170,15.00
124.89,25,follower,-35.3631733,149.1654170,15.00
125.39,25,follower,-35.3631718,149.1654169,15.00
125.89,25,follower,-35.3631647,149.1654167,15.00
126.39,25,follower,-35.3631528,149.1654164,15.00
126.89,25,follower,-35.3631406,149.1654165,15.00
127.39,25,follower,-35.3631310,149.1654167,15.00
127.89,25,follower,-35.3631213,149.1654170,15.00
128.39,25,follower,-35.3631120,149.1654170,15.00
128.89,25,follower,-35.3631022,149.1654170,15.00
129.39,25,follower,-35.3630931,149.1654169,15.00
129.88,25,follower,-35.3630838,149.1654168,15.00
130.39,25,follower,-35.3630753,149.1654168,15.00
130.88,25,follower,-35.3630658,149.1654168,15.00
131.39,25,follower,-35.3630563,149.1654167,15.00
131.88,25,follower,-35.3630471,149.1654167,15.00
132.39,25,follower,-35.3630381,149.1654167,15.00
132.89,25,follower,-35.3630291,149.1654167,15.00
133.39,25,follower,-35.3630202,149.1654167,15.00
133.89,25,follower,-35.3630114,149.1654167,15.00
134.39,25,follower,-35.3630025,149.1654167,15.00
134.89,25,follower,-35.3629936,149.1654167,15.00
135.39,25,follower,-35.3629848,149.1654167,15.00
135.89,25,follower,-35.3629759,149.1654167,15.00
136.39,25,follower,-35.3629671,149.1654167,15.00
136.89,25,follower,-35.3629582,149.1654167,15.00
137.39,25,follower,-35.3629494,149.1654167,15.00
137.88,25,follower,-35.3629404,149.1654167,15.00
138.39,25,follower,-35.3629315,149.1654167,15.00
138.89,25,follower,-35.3629225,149.1654167,15.00
139.39,25,follower,-35.3629137,149.1654167,15.00
139.89,25,follower,-35.3629048,149.1654167,15.00
140.39,25,follower,-35.3628970,149.1654167,15.00
140.89,25,follower,-35.3628941,149.1654167,15.00
141.39,25,follower,-35.3628967,149.1654173,15.00
141.89,25,follower,-35.3629006,149.1654219,15.00
142.39,25,follower,-35.3629014,149.1654320,15.00
142.89,25,follower,-35.3629013,149.1654490,15.01
143.39,25,follower,-35.3629013,149.1654694,15.01
143.89,25,follower,-35.3629016,149.1654870,15.00
144.39,25,follower,-35.3629022,149.1654992,15.00
144.89,25,follower,-35.3629029,149.1655106,15.00
145.39,25,follower,-35.3629033,149.1655222,15.00
145.89,25,follower,-35.3629035,149.1655348,15.00
146.39,25,follower,-35.3629035,149.1655465,15.00
146.89,25,follower,-35.3629035,149.1655582,15.00
147.39,25,follower,-35.3629035,149.1655699,15.00
147.89,25,follower,-35.3629035,149.1655811,15.00
148.39,25,follower,-35.3629035,149.1655921,15.00
148.89,25,follower,-35.3629035,149.1656030,15.00
149.40,25,follower,-35.3629035,149.1656139,15.00
149.89,25,follower,-35.3629035,149.1656247,15.00
150.39,25,follower,-35.3629034,149.1656356,15.00
150.89,25,follower,-35.3629034,149.1656466,15.00
151.39,25,follower,-35.3629034,149.1656576,15.00
151.89,25,follower,-35.3629034,149.1656685,15.00
152.39,25,follower,-35.3629034,149.1656794,15.00
152.89,25,follower,-35.3629034,149.1656904,15.00
153.40,25,follower,-35.3629034,149.1657013,15.00
153.89,25,follower,-35.3629034,149.1657122,15.00
154.39,25,follower,-35.3629034,149.1657231,15.00
154.89,25,follower,-35.3629034,149.1657340,15.00
155.40,25,follower,-35.3629034,149.1657441,15.00
155.89,25,follower,-35.3629034,149.1657494,15.00
156.39,25,follower,-35.3629037,149.1657473,15.00
156.89,25,follower,-35.3629066,149.1657420,15.00
157.40,25,follower,-35.3629137,149.1657402,15.00
157.89,25,follower,-35.3629260,149.1657406,15.00
158.39,25,follower,-35.3629424,149.1657406,15.01
158.89,25,follower,-35.3629574,149.1657404,15.01
159.40,25,follower,-35.3629678,149.1657397,15.00
159.89,25,follower,-35.3629777,149.1657388,15.00
160.40,25,follower,-35.3629877,149.1657382,15.00
160.89,25,follower,-35.3629981,149.1657378,15.00
161.40,25,follower,-35.3630074,149.1657377,15.00
161.89,25,follower,-35.3630168,149.1657377,15.00
162.39,25,follower,-35.3630252,149.1657377,15.00
162.89,25,follower,-35.3630346,149.1657377,15.00
163.39,25,follower,-35.3630436,149.1657377,15.00
163.89,25,follower,-35.3630527,149.1657377,15.00
164.40,25,follower,-35.3630620,149.1657378,15.00
164.89,25,follower,-35.3630710,149.1657378,15.00
165.39,25,follower,-35.3630800,149.1657378,15.00
165.89,25,follower,-35.3630891,149.1657378,15.00
166.40,25,follower,-35.3630980,149.1657378,15.00
166.90,25,follower,-35.3631068,149.1657378,15.00
167.40,25,follower,-35.3631157,149.1657379,15.00
167.90,25,follower,-35.3631247,149.1657379,15.00
168.40,25,follower,-35.3631336,149.1657379,15.00
168.89,25,follower,-35.3631424,149.1657378,15.00
169.40,25,follower,-35.3631513,149.1657379,15.00
169.89,25,follower,-35.3631602,149.1657378,15.00
170.40,25,follower,-35.3631688,149.1657378,15.00
170.90,25,follower,-35.3631743,149.1657378,15.00
171.40,25,follower,-35.3631737,149.1657376,15.00
171.89,25,follower,-35.3631695,149.1657351,15.00
172.40,25,follower,-35.3631672,149.1657275,15.00
172.89,25,follower,-35.3631674,149.1657139,15.00
173.40,25,follower,-35.3631676,149.1656944,15.01
173.89,25,follower,-35.3631675,149.1656752,15.01
174.40,25,follower,-35.3631670,149.1656617,15.00
174.89,25,follower,-35.3631662,149.1656495,15.00
175.40,25,follower,-35.3631656,149.1656371,15.00
175.89,25,follower,-35.3631652,149.1656245,15.00
176.40,25,follower,-35.3631651,149.1656135,15.00
176.90,25,follower,-35.3631651,149.1656017,15.00
177.40,25,follower,-35.3631650,149.1655911,15.00
177.89,25,follower,-35.3631650,149.1655795,15.00
178.40,25,follower,-35.3631651,149.1655685,15.00
178.90,25,follower,-35.3631651,149.1655572,15.00
179.40,25,follower,-35.3631652,149.1655466,15.00
179.90,25,follower,-35.3631652,149.1655354,15.00
180.40,25,follower,-35.3631652,149.1655239,15.00
180.90,25,follower,-35.3631652,149.1655127,15.00
181.40,25,follower,-35.3631652,149.1655017,15.00
181.90,25,follower,-35.3631652,149.1654906,15.00
182.40,25,follower,-35.3631652,149.1654796,15.00
182.90,25,follower,-35.3631652,149.1654687,15.00
183.40,25,follower,-35.3631652,149.1654579,15.00
183.90,25,follower,-35.3631652,149.1654470,15.00
184.40,25,follower,-35.3631651,149.1654362,15.00
184.89,25,follower,-35.3631651,149.1654252,15.00
185.40,25,follower,-35.3631651,149.1654145,15.00
185.90,25,follower,-35.3631651,149.1654064,15.00
186.40,25,follower,-35.3631651,149.1654054,15.00
186.89,25,follower,-35.3631649,149.1654094,15.00
187.40,25,follower,-35.3631648,149.1654119,15.00
187.90,25,follower,-35.3631648,149.1654124,15.00
188.40,25,follower,-35.3631648,149.1654125,15.00
188.90,25,follower,-35.3631649,149.1654128,15.00
189.40,25,follower,-35.3631650,149.1654132,15.00
189.90,25,follower,-35.3631651,149.1654137,15.00
190.40,25,follower,-35.3631651,149.1654142,15.00
190.90,25,follower,-35.3631651,149.1654145,15.00
191.40,25,follower,-35.3631652,149.1654146,15.00
93.38,26,follower,-35.3634320,149.1651629,2.23
93.88,26,follower,-35.3634320,149.1651629,3.39
94.38,26,follower,-35.3634320,149.1651629,4.67
94.88,26,follower,-35.3634320,149.1651629,5.95
95.38,26,follower,-35.3634320,149.1651629,7.19
95.88,26,follower,-35.3634320,149.1651629,8.42
96.38,26,follower,-35.3634320,149.1651629,9.66
96.88,26,follower,-35.3634320,149.1651629,10.90
97.39,26,follower,-35.3634320,149.1651629,12.13
97.88,26,follower,-35.3634320,149.1651629,13.22
98.38,26,follower,-35.3634320,149.1651629,14.08
98.88,26,follower,-35.3634320,149.1651629,14.67
99.39,26,follower,-35.3634320,149.1651629,15.01
99.88,26,follower,-35.3634320,149.1651629,15.09
100.38,26,follower,-35.3634320,149.1651629,14.99
100.88,26,follower,-35.3634320,149.1651629,14.95
101.38,26,follower,-35.3634320,149.1651629,14.96
101.88,26,follower,-35.3634320,149.1651629,14.96
102.38,26,follower,-35.3634320,149.1651629,14.97
102.88,26,follower,-35.3634320,149.1651629,14.98
103.38,26,follower,-35.3634319,149.1651629,14.98
103.88,26,follower,-35.3634319,149.1651629,14.98
104.39,26,follower,-35.3634319,149.1651629,14.99
104.88,26,follower,-35.3634319,149.1651629,14.99
105.38,26,follower,-35.3634319,149.1651629,14.99
105.88,26,follower,-35.3634319,149.1651629,14.99
106.39,26,follower,-35.3634319,149.1651628,14.99
106.88,26,follower,-35.3634319,149.1651628,14.99
107.38,26,follower,-35.3634319,149.1651628,15.00
107.88,26,follower,-35.3634319,149.1651628,15.00
108.38,26,follower,-35.3634319,149.1651628,15.00
108.88,26,follower,-35.3634319,149.1651628,15.00
109.39,26,follower,-35.3634319,149.1651628,15.00
109.88,26,follower,-35.3634319,149.1651628,15.00
110.38,26,follower,-35.3634319,149.1651628,15.00
110.88,26,follower,-35.3634319,149.1651629,15.00
111.39,26,follower,-35.3634319,149.1651629,15.00
111.88,26,follower,-35.3634319,149.1651629,15.00
112.39,26,follower,-35.3634319,149.1651629,15.00
112.88,26,follower,-35.3634319,149.1651629,15.00
113.38,26,follower,-35.3634319,149.1651629,15.00
113.88,26,follower,-35.3634319,149.1651629,15.00
114.39,26,follower,-35.3634319,149.1651629,15.00
114.88,26,follower,-35.3634319,149.1651629,15.00
115.39,26,follower,-35.3634319,149.1651629,15.00
115.88,26,follower,-35.3634319,149.1651629,15.00
116.38,26,follower,-35.3634319,149.1651629,15.00
116.88,26,follower,-35.3634319,149.1651629,15.00
117.39,26,follower,-35.3634319,149.1651629,15.00
117.88,26,follower,-35.3634319,149.1651629,15.00
118.39,26,follower,-35.3634319,149.1651629,15.00
118.88,26,follower,-35.3634319,149.1651629,15.00
119.39,26,follower,-35.3634319,149.1651629,15.00
119.88,26,follower,-35.3634319,149.1651629,15.00
120.39,26,follower,-35.3634319,149.1651629,15.00
120.89,26,follower,-35.3634319,149.1651629,15.00
121.39,26,follower,-35.3634319,149.1651629,15.00
121.88,26,follower,-35.3634319,149.1651629,15.00
122.39,26,follower,-35.3634319,149.1651629,15.00
122.88,26,follower,-35.3634319,149.1651629,15.00
123.39,26,follower,-35.3634319,149.1651629,15.00
123.89,26,follower,-35.3634319,149.1651629,15.00
124.39,26,follower,-35.3634319,149.1651629,15.00
124.88,26,follower,-35.3634319,149.1651629,15.00
125.39,26,follower,-35.3634302,149.1651628,15.00
125.89,26,follower,-35.3634230,149.1651626,15.00
126.39,26,follower,-35.3634112,149.1651623,15.00
126.89,26,follower,-35.3634002,149.1651624,15.00
127.39,26,follower,-35.3633908,149.1651625,15.00
127.88,26,follower,-35.3633806,149.1651627,15.00
128.39,26,follower,-35.3633711,149.1651627,15.00
128.88,26,follower,-35.3633609,149.1651627,15.00
129.39,26,follower,-35.3633516,149.1651628,15.00
129.88,26,follower,-35.3633422,149.1651627,15.00
130.39,26,follower,-35.3633336,149.1651627,15.00
130.89,26,follower,-35.3633240,149.1651627,15.00
131.39,26,follower,-35.3633151,149.1651627,15.00
131.89,26,follower,-35.3633058,149.1651627,15.00
132.39,26,follower,-35.3632965,149.1651627,15.00
132.88,26,follower,-35.3632874,149.1651627,15.00
133.39,26,follower,-35.3632784,149.1651627,15.00
133.88,26,follower,-35.3632695,149.1651627,15.00
134.39,26,follower,-35.3632607,149.1651627,15.00
134.89,26,follower,-35.3632518,149.1651627,15.00
135.39,26,follower,-35.3632430,149.1651627,15.00
135.89,26,follower,-35.3632341,149.1651627,15.00
136.39,26,follower,-35.3632253,149.1651627,15.00
136.89,26,follower,-35.3632164,149.1651627,15.00
137.39,26,follower,-35.3632075,149.1651626,15.00
137.88,26,follower,-35.3631986,149.1651626,15.00
138.39,26,follower,-35.3631897,149.1651626,15.00
138.89,26,follower,-35.3631808,149.1651626,15.00
139.39,26,follower,-35.3631719,149.1651626,15.00
139.89,26,follower,-35.3631630,149.1651626,15.00
140.39,26,follower,-35.3631553,149.1651626,15.00
140.89,26,follower,-35.3631526,149.1651627,15.00
141.39,26,follower,-35.3631554,149.1651633,15.00
141.89,26,follower,-35.3631594,149.1651679,15.00
142.39,26,follower,-35.3631602,149.1651780,15.00
142.89,26,follower,-35.3631600,149.1651949,15.00
143.39,26,follower,-35.3631599,149.1652154,15.01
143.89,26,follower,-35.3631600,149.1652322,15.00
144.39,26,follower,-35.3631606,149.1652447,15.00
144.89,26,follower,-35.3631613,149.1652575,15.00
145.39,26,follower,-35.3631618,149.1652691,15.00
145.89,26,follower,-35.3631621,149.1652813,15.00
146.39,26,follower,-35.3631621,149.1652923,15.00
146.89,26,follower,-35.3631621,149.1653042,15.00
147.39,26,follower,-35.3631621,149.1653153,15.00
147.89,26,follower,-35.3631621,149.1653264,15.00
148.39,26,follower,-35.3631621,149.1653365,15.00
148.89,26,follower,-35.3631620,149.1653480,15.00
149.40,26,follower,-35.3631620,149.1653596,15.00
149.89,26,follower,-35.3631620,149.1653709,15.00
150.39,26,follower,-35.3631620,149.1653820,15.00
150.89,26,follower,-35.3631620,149.1653931,15.00
151.39,26,follower,-35.3631620,149.1654041,15.00
151.89,26,follower,-35.3631620,149.1654150,15.00
152.39,26,follower,-35.3631620,149.1654258,15.00
152.89,26,follower,-35.3631620,149.1654367,15.00
153.40,26,follower,-35.3631620,149.1654476,15.00
153.89,26,follower,-35.3631620,149.1654584,15.00
154.39,26,follower,-35.3631620,149.1654693,15.00
154.89,26,follower,-35.3631620,149.1654802,15.00
155.40,26,follower,-35.3631620,149.1654903,15.00
155.89,26,follower,-35.3631620,149.1654953,15.00
156.39,26,follower,-35.3631624,149.1654931,15.00
156.89,26,follower,-35.3631653,149.1654879,15.00
157.40,26,follower,-35.3631725,149.1654861,15.00
157.89,26,follower,-35.3631850,149.1654864,15.01
158.39,26,follower,-35.3632013,149.1654865,15.01
158.89,26,follower,-35.3632159,149.1654864,15.00
159.40,26,follower,-35.3632262,149.1654857,15.00
159.89,26,follower,-35.3632355,149.1654848,15.00
160.40,26,follower,-35.3632454,149.1654841,15.00
160.89,26,follower,-35.3632563,149.1654837,15.00
161.40,26,follower,-35.3632660,149.1654836,15.00
161.89,26,follower,-35.3632755,149.1654836,15.00
162.39,26,follower,-35.3632839,149.1654836,15.00
162.89,26,follower,-35.3632933,149.1654836,15.00
163.39,26,follower,-35.3633028,149.1654836,15.00
163.89,26,follower,-35.3633119,149.1654836,15.00
164.40,26,follower,-35.3633210,149.1654837,15.00
164.89,26,follower,-35.3633299,149.1654837,15.00
165.40,26,follower,-35.3633389,149.1654837,15.00
165.89,26,follower,-35.3633479,149.1654837,15.00
166.40,26,follower,-35.3633568,149.1654837,15.00
166.89,26,follower,-35.3633658,149.1654837,15.00
167.40,26,follower,-35.3633747,149.1654837,15.00
167.89,26,follower,-35.3633836,149.1654837,15.00
168.40,26,follower,-35.3633925,149.1654837,15.00
168.89,26,follower,-35.3634014,149.1654837,15.00
169.40,26,follower,-35.3634102,149.1654837,15.00
169.89,26,follower,-35.3634191,149.1654837,15.00
170.40,26,follower,-35.3634276,149.1654837,15.00
170.89,26,follower,-35.3634329,149.1654837,15.00
171.40,26,follower,-35.3634323,149.1654835,15.00
171.90,26,follower,-35.3634280,149.1654808,15.00
172.40,26,follower,-35.3634258,149.1654732,15.00
172.89,26,follower,-35.3634260,149.1654593,15.00
173.40,26,follower,-35.3634262,149.1654398,15.01
173.89,26,follower,-35.3634261,149.1654208,15.01
174.40,26,follower,-35.3634256,149.1654075,15.00
174.89,26,follower,-35.3634249,149.1653950,15.00
175.40,26,follower,-35.3634242,149.1653832,15.00
175.89,26,follower,-35.3634238,149.1653709,15.00
176.40,26,follower,-35.3634237,149.1653595,15.00
176.89,26,follower,-35.3634237,149.1653476,15.00
177.40,26,follower,-35.3634237,149.1653370,15.00
177.89,26,follower,-35.3634237,149.1653255,15.00
178.40,26,follower,-35.3634237,149.1653150,15.00
178.90,26,follower,-35.3634237,149.1653034,15.00
179.40,26,follower,-35.3634237,149.1652924,15.00
179.90,26,follower,-35.3634237,149.1652809,15.00
180.40,26,follower,-35.3634237,149.1652702,15.00
180.89,26,follower,-35.3634237,149.1652590,15.00
181.40,26,follower,-35.3634238,149.1652476,15.00
181.89,26,follower,-35.3634238,149.1652363,15.00
182.40,26,follower,-35.3634238,149.1652252,15.00
182.90,26,follower,-35.3634238,149.1652143,15.00
183.40,26,follower,-35.3634238,149.1652034,15.00
183.90,26,follower,-35.3634238,149.1651926,15.00
184.40,26,follower,-35.3634238,149.1651817,15.00
184.90,26,follower,-35.3634238,149.1651708,15.00
185.40,26,follower,-35.3634238,149.1651602,15.00
185.90,26,follower,-35.3634238,149.1651523,15.00
186.40,26,follower,-35.3634237,149.1651515,15.00
186.90,26,follower,-35.3634235,149.1651555,15.00
187.40,26,follower,-35.3634233,149.1651578,15.00
187.90,26,follower,-35.3634233,149.1651583,15.00
188.40,26,follower,-35.3634234,149.1651584,15.00
188.90,26,follower,-35.3634235,149.1651587,15.00
189.40,26,follower,-35.3634236,149.1651591,15.00
189.89,26,follower,-35.3634237,149.1651597,15.00
190.40,26,follower,-35.3634237,149.1651601,15.00
190.90,26,follower,-35.3634237,149.1651604,15.00
191.40,26,follower,-35.3634237,149.1651606,15.00
93.38,27,follower,-35.3630945,149.1651355,2.23
93.88,27,follower,-35.3630944,149.1651355,3.39
94.38,27,follower,-35.3630944,149.1651355,4.67
94.88,27,follower,-35.3630944,149.1651355,5.95
95.39,27,follower,-35.3630944,149.1651355,7.19
95.88,27,follower,-35.3630944,149.1651355,8.42
96.38,27,follower,-35.3630944,149.1651355,9.66
96.88,27,follower,-35.3630944,149.1651355,10.90
97.39,27,follower,-35.3630944,149.1651355,12.13
97.88,27,follower,-35.3630944,149.1651355,13.22
98.38,27,follower,-35.3630945,149.1651355,14.08
98.88,27,follower,-35.3630945,149.1651356,14.68
99.39,27,follower,-35.3630945,149.1651356,15.02
99.88,27,follower,-35.3630945,149.1651356,15.11
100.38,27,follower,-35.3630946,149.1651356,15.00
100.88,27,follower,-35.3630946,149.1651356,14.95
101.38,27,follower,-35.3630946,149.1651356,14.95
101.88,27,follower,-35.3630945,149.1651356,14.96
102.38,27,follower,-35.3630945,149.1651356,14.97
102.88,27,follower,-35.3630945,149.1651356,14.98
103.38,27,follower,-35.3630945,149.1651356,14.98
103.88,27,follower,-35.3630945,149.1651356,14.98
104.39,27,follower,-35.3630945,149.1651356,14.99
104.88,27,follower,-35.3630945,149.1651356,14.99
105.38,27,follower,-35.3630945,149.1651356,14.99
105.88,27,follower,-35.3630945,149.1651356,14.99
106.39,27,follower,-35.3630945,149.1651355,14.99
106.88,27,follower,-35.3630945,149.1651355,14.99
107.38,27,follower,-35.3630945,149.1651355,15.00
107.88,27,follower,-35.3630945,149.1651355,15.00
108.38,27,follower,-35.3630945,149.1651355,15.00
108.88,27,follower,-35.3630945,149.1651355,15.00
109.39,27,follower,-35.3630945,149.1651355,15.00
109.88,27,follower,-35.3630945,149.1651355,15.00
110.39,27,follower,-35.3630945,149.1651355,15.00
110.88,27,follower,-35.3630945,149.1651356,15.00
111.39,27,follower,-35.3630945,149.1651356,15.00
111.88,27,follower,-35.3630945,149.1651356,15.00
112.39,27,follower,-35.3630945,149.1651356,15.00
112.88,27,follower,-35.3630945,149.1651356,15.00
113.39,27,follower,-35.3630945,149.1651356,15.00
113.89,27,follower,-35.3630945,149.1651356,15.00
114.39,27,follower,-35.3630945,149.1651356,15.00
114.88,27,follower,-35.3630945,149.1651356,15.00
115.39,27,follower,-35.3630945,149.1651356,15.00
115.88,27,follower,-35.3630945,149.1651356,15.00
116.38,27,follower,-35.3630945,149.1651356,15.00
116.88,27,follower,-35.3630945,149.1651356,15.00
117.39,27,follower,-35.3630945,149.1651356,15.00
117.89,27,follower,-35.3630945,149.1651356,15.00
118.39,27,follower,-35.3630945,149.1651356,15.00
118.88,27,follower,-35.3630945,149.1651356,15.00
119.39,27,follower,-35.3630945,149.1651356,15.00
119.89,27,follower,-35.3630945,149.1651356,15.00
120.39,27,follower,-35.3630945,149.1651356,15.00
120.88,27,follower,-35.3630945,149.1651356,15.00
121.39,27,follower,-35.3630945,149.1651356,15.00
121.89,27,follower,-35.3630945,149.1651356,15.00
122.39,27,follower,-35.3630945,149.1651356,15.00
122.89,27,follower,-35.3630945,149.1651356,15.00
123.39,27,follower,-35.3630945,149.1651356,15.00
123.88,27,follower,-35.3630945,149.1651356,15.00
124.39,27,follower,-35.3630945,149.1651356,15.00
124.88,27,follower,-35.3630944,149.1651356,15.00
125.39,27,follower,-35.3630930,149.1651355,15.00
125.88,27,follower,-35.3630868,149.1651354,15.00
126.39,27,follower,-35.3630749,149.1651351,15.00
126.88,27,follower,-35.3630617,149.1651351,15.00
127.39,27,follower,-35.3630514,149.1651352,15.00
127.88,27,follower,-35.3630422,149.1651354,15.00
128.39,27,follower,-35.3630329,149.1651355,15.00
128.89,27,follower,-35.3630235,149.1651355,15.00
129.39,27,follower,-35.3630142,149.1651355,15.00
129.89,27,follower,-35.3630049,149.1651355,15.00
130.39,27,follower,-35.3629958,149.1651355,15.00
130.89,27,follower,-35.3629867,149.1651355,15.00
131.39,27,follower,-35.3629778,149.1651354,15.00
131.89,27,follower,-35.3629689,149.1651354,15.00
132.39,27,follower,-35.3629600,149.1651354,15.00
132.89,27,follower,-35.3629511,149.1651354,15.00
133.39,27,follower,-35.3629423,149.1651354,15.00
133.89,27,follower,-35.3629333,149.1651354,15.00
134.39,27,follower,-35.3629244,149.1651354,15.00
134.89,27,follower,-35.3629156,149.1651354,15.00
135.39,27,follower,-35.3629067,149.1651354,15.00
135.89,27,follower,-35.3628978,149.1651354,15.00
136.39,27,follower,-35.3628889,149.1651353,15.00
136.89,27,follower,-35.3628801,149.1651353,15.00
137.39,27,follower,-35.3628712,149.1651353,15.00
137.89,27,follower,-35.3628613,149.1651353,15.00
138.39,27,follower,-35.3628521,149.1651353,15.00
138.89,27,follower,-35.3628426,149.1651353,15.00
139.39,27,follower,-35.3628341,149.1651353,15.00
139.89,27,follower,-35.3628248,149.1651353,15.00
140.39,27,follower,-35.3628177,149.1651353,15.00
140.89,27,follower,-35.3628160,149.1651354,15.00
141.39,27,follower,-35.3628194,149.1651364,15.00
141.89,27,follower,-35.3628231,149.1651418,15.00
142.39,27,follower,-35.3628234,149.1651527,15.00
142.89,27,follower,-35.3628229,149.1651704,15.01
143.40,27,follower,-35.3628226,149.1651911,15.01
143.89,27,follower,-35.3628227,149.1652075,15.00
144.39,27,follower,-35.3628232,149.1652195,15.00
144.89,27,follower,-35.3628238,149.1652310,15.00
145.39,27,follower,-35.3628244,149.1652424,15.00
145.89,27,follower,-35.3628247,149.1652539,15.00
146.39,27,follower,-35.3628247,149.1652653,15.00
146.89,27,follower,-35.3628247,149.1652766,15.00
147.39,27,follower,-35.3628247,149.1652876,15.00
147.89,27,follower,-35.3628247,149.1652985,15.00
148.39,27,follower,-35.3628247,149.1653094,15.00
148.89,27,follower,-35.3628247,149.1653202,15.00
149.40,27,follower,-35.3628246,149.1653310,15.00
149.89,27,follower,-35.3628246,149.1653419,15.00
150.39,27,follower,-35.3628246,149.1653528,15.00
150.89,27,follower,-35.3628246,149.1653638,15.00
151.39,27,follower,-35.3628246,149.1653747,15.00
151.89,27,follower,-35.3628246,149.1653856,15.00
152.39,27,follower,-35.3628246,149.1653965,15.00
152.89,27,follower,-35.3628246,149.1654081,15.00
153.40,27,follower,-35.3628246,149.1654199,15.00
153.89,27,follower,-35.3628246,149.1654318,15.00
154.39,27,follower,-35.3628246,149.1654423,15.00
154.89,27,follower,-35.3628246,149.1654537,15.00
155.40,27,follower,-35.3628247,149.1654629,15.00
155.89,27,follower,-35.3628250,149.1654667,15.00
156.39,27,follower,-35.3628263,149.1654638,15.00
156.89,27,follower,-35.3628309,149.1654599,15.00
157.40,27,follower,-35.3628403,149.1654594,15.00
157.89,27,follower,-35.3628550,149.1654594,15.01
158.39,27,follower,-35.3628705,149.1654593,15.01
158.89,27,follower,-35.3628818,149.1654589,15.00
159.40,27,follower,-35.3628911,149.1654581,15.00
159.89,27,follower,-35.3629004,149.1654572,15.00
160.40,27,follower,-35.3629098,149.1654567,15.00
160.89,27,follower,-35.3629193,149.1654564,15.00
161.40,27,follower,-35.3629286,149.1654563,15.00
161.89,27,follower,-35.3629378,149.1654563,15.00
162.39,27,follower,-35.3629468,149.1654563,15.00
162.89,27,follower,-35.3629557,149.1654563,15.00
163.40,27,follower,-35.3629645,149.1654563,15.00
163.90,27,follower,-35.3629734,149.1654564,15.00
164.40,27,follower,-35.3629823,149.1654564,15.00
164.89,27,follower,-35.3629911,149.1654564,15.00
165.39,27,follower,-35.3630001,149.1654564,15.00
165.89,27,follower,-35.3630090,149.1654564,15.00
166.40,27,follower,-35.3630179,149.1654564,15.00
166.89,27,follower,-35.3630268,149.1654564,15.00
167.40,27,follower,-35.3630357,149.1654564,15.00
167.89,27,follower,-35.3630446,149.1654564,15.00
168.40,27,follower,-35.3630536,149.1654564,15.00
168.89,27,follower,-35.3630634,149.1654564,15.00
169.40,27,follower,-35.3630724,149.1654564,15.00
169.89,27,follower,-35.3630819,149.1654564,15.00
170.40,27,follower,-35.3630901,149.1654564,15.00
170.89,27,follower,-35.3630950,149.1654563,15.00
171.40,27,follower,-35.3630941,149.1654559,15.00
171.89,27,follower,-35.3630901,149.1654526,15.00
172.40,27,follower,-35.3630887,149.1654442,15.00
172.89,27,follower,-35.3630888,149.1654292,15.00
173.40,27,follower,-35.3630888,149.1654098,15.01
173.89,27,follower,-35.3630886,149.1653925,15.00
174.40,27,follower,-35.3630880,149.1653790,15.00
174.89,27,follower,-35.3630873,149.1653669,15.00
175.40,27,follower,-35.3630867,149.1653549,15.00
175.90,27,follower,-35.3630864,149.1653431,15.00
176.40,27,follower,-35.3630863,149.1653315,15.00
176.89,27,follower,-35.3630863,149.1653202,15.00
177.40,27,follower,-35.3630863,149.1653092,15.00
177.89,27,follower,-35.3630863,149.1652982,15.00
178.40,27,follower,-35.3630863,149.1652873,15.00
178.90,27,follower,-35.3630863,149.1652764,15.00
179.40,27,follower,-35.3630863,149.1652655,15.00
179.90,27,follower,-35.3630863,149.1652545,15.00
180.40,27,follower,-35.3630864,149.1652435,15.00
180.90,27,follower,-35.3630864,149.1652326,15.00
181.40,27,follower,-35.3630864,149.1652218,15.00
181.90,27,follower,-35.3630864,149.1652109,15.00
182.40,27,follower,-35.3630864,149.1652000,15.00
182.89,27,follower,-35.3630864,149.1651891,15.00
183.40,27,follower,-35.3630864,149.1651782,15.00
183.90,27,follower,-35.3630864,149.1651667,15.00
184.40,27,follower,-35.3630864,149.1651555,15.00
184.89,27,follower,-35.3630864,149.1651433,15.00
185.40,27,follower,-35.3630864,149.1651326,15.00
185.89,27,follower,-35.3630863,149.1651254,15.00
186.40,27,follower,-35.3630862,149.1651250,15.00
186.90,27,follower,-35.3630861,149.1651287,15.00
187.40,27,follower,-35.3630860,149.1651305,15.00
187.90,27,follower,-35.3630860,149.1651309,15.00
188.40,27,follower,-35.3630860,149.1651311,15.00
188.90,27,follower,-35.3630861,149.1651314,15.00
189.40,27,follower,-35.3630862,149.1651319,15.00
189.90,27,follower,-35.3630863,149.1651324,15.00
190.40,27,follower,-35.3630864,149.1651328,15.00
190.90,27,follower,-35.3630864,149.1651331,15.00
191.40,27,follower,-35.3630864,149.1651333,15.00
93.38,28,follower,-35.3633329,149.1654411,2.23
93.88,28,follower,-35.3633329,149.1654411,3.39
94.38,28,follower,-35.3633329,149.1654410,4.67
94.89,28,follower,-35.3633329,149.1654410,5.95
95.39,28,follower,-35.3633329,149.1654410,7.19
95.89,28,follower,-35.3633329,149.1654410,8.42
96.39,28,follower,-35.3633329,149.1654410,9.66
96.88,28,follower,-35.3633329,149.1654410,10.90
97.39,28,follower,-35.3633329,149.1654411,12.13
97.88,28,follower,-35.3633329,149.1654411,13.22
98.38,28,follower,-35.3633329,149.1654411,14.08
98.88,28,follower,-35.3633329,149.1654411,14.68
99.39,28,follower,-35.3633329,149.1654411,15.02
99.88,28,follower,-35.3633329,149.1654411,15.11
100.39,28,follower,-35.3633329,149.1654411,15.00
100.88,28,follower,-35.3633329,149.1654410,14.95
101.38,28,follower,-35.3633329,149.1654410,14.95
101.88,28,follower,-35.3633329,149.1654410,14.96
102.38,28,follower,-35.3633328,149.1654410,14.97
102.88,28,follower,-35.3633328,149.1654410,14.98
103.38,28,follower,-35.3633328,149.1654409,14.98
103.88,28,follower,-35.3633328,149.1654409,14.98
104.39,28,follower,-35.3633328,149.1654409,14.99
104.88,28,follower,-35.3633328,149.1654409,14.99
105.38,28,follower,-35.3633328,149.1654409,14.99
105.89,28,follower,-35.3633328,149.1654409,14.99
106.39,28,follower,-35.3633328,149.1654409,14.99
106.89,28,follower,-35.3633328,149.1654409,14.99
107.38,28,follower,-35.3633328,149.1654409,15.00
107.89,28,follower,-35.3633328,149.1654409,15.00
108.38,28,follower,-35.3633328,149.1654410,15.00
108.89,28,follower,-35.3633328,149.1654410,15.00
109.39,28,follower,-35.3633328,149.1654410,15.00
109.89,28,follower,-35.3633328,149.1654410,15.00
110.39,28,follower,-35.3633328,149.1654410,15.00
110.89,28,follower,-35.3633328,149.1654410,15.00
111.39,28,follower,-35.3633328,149.1654410,15.00
111.88,28,follower,-35.3633328,149.1654410,15.00
112.39,28,follower,-35.3633328,149.1654410,15.00
112.88,28,follower,-35.3633328,149.1654410,15.00
113.39,28,follower,-35.3633328,149.1654410,15.00
113.89,28,follower,-35.3633328,149.1654410,15.00
114.39,28,follower,-35.3633328,149.1654410,15.00
114.89,28,follower,-35.3633328,149.1654410,15.00
115.39,28,follower,-35.3633328,149.1654410,15.00
115.89,28,follower,-35.3633328,149.1654410,15.00
116.39,28,follower,-35.3633328,149.1654410,15.00
116.89,28,follower,-35.3633328,149.1654410,15.00
117.39,28,follower,-35.3633328,149.1654410,15.00
117.89,28,follower,-35.3633328,149.1654410,15.00
118.39,28,follower,-35.3633328,149.1654410,15.00
118.89,28,follower,-35.3633328,149.1654410,15.00
119.39,28,follower,-35.3633328,149.1654410,15.00
119.89,28,follower,-35.3633328,149.1654410,15.00
120.39,28,follower,-35.3633328,149.1654410,15.00
120.88,28,follower,-35.3633328,149.1654410,15.00
121.39,28,follower,-35.3633328,149.1654410,15.00
121.88,28,follower,-35.3633328,149.1654410,15.00
122.39,28,follower,-35.3633328,149.1654410,15.00
122.89,28,follower,-35.3633328,149.1654410,15.00
123.39,28,follower,-35.3633328,149.1654410,15.00
123.89,28,follower,-35.3633328,149.1654410,15.00
124.39,28,follower,-35.3633328,149.1654410,15.00
124.89,28,follower,-35.3633327,149.1654410,15.00
125.39,28,follower,-35.3633301,149.1654409,15.00
125.89,28,follower,-35.3633217,149.1654407,15.00
126.39,28,follower,-35.3633095,149.1654405,15.00
126.89,28,follower,-35.3632988,149.1654406,15.00
127.39,28,follower,-35.3632895,149.1654407,15.00
127.89,28,follower,-35.3632804,149.1654408,15.00
128.39,28,follower,-35.3632711,149.1654409,15.00
128.89,28,follower,-35.3632617,149.1654409,15.00
129.39,28,follower,-35.3632524,149.1654409,15.00
129.89,28,follower,-35.3632432,149.1654409,15.00
130.39,28,follower,-35.3632341,149.1654408,15.00
130.89,28,follower,-35.3632251,149.1654408,15.00
131.39,28,follower,-35.3632162,149.1654408,15.00
131.89,28,follower,-35.3632073,149.1654408,15.00
132.39,28,follower,-35.3631984,149.1654408,15.00
132.89,28,follower,-35.3631895,149.1654408,15.00
133.39,28,follower,-35.3631806,149.1654408,15.00
133.89,28,follower,-35.3631717,149.1654408,15.00
134.39,28,follower,-35.3631628,149.1654408,15.00
134.89,28,follower,-35.3631540,149.1654408,15.00
135.39,28,follower,-35.3631451,149.1654408,15.00
135.89,28,follower,-35.3631362,149.1654408,15.00
136.39,28,follower,-35.3631273,149.1654408,15.00
136.89,28,follower,-35.3631184,149.1654407,15.00
137.39,28,follower,-35.3631090,149.1654407,15.00
137.89,28,follower,-35.3630990,149.1654407,15.00
138.39,28,follower,-35.3630902,149.1654407,15.00
138.89,28,follower,-35.3630808,149.1654407,15.00
139.39,28,follower,-35.3630723,149.1654407,15.00
139.89,28,follower,-35.3630630,149.1654407,15.00
140.39,28,follower,-35.3630559,149.1654407,15.00
140.89,28,follower,-35.3630543,149.1654408,15.00
141.39,28,follower,-35.3630577,149.1654419,15.00
141.89,28,follower,-35.3630613,149.1654473,15.00
142.39,28,follower,-35.3630616,149.1654583,15.00
142.89,28,follower,-35.3630611,149.1654761,15.01
143.40,28,follower,-35.3630608,149.1654968,15.01
143.89,28,follower,-35.3630610,149.1655131,15.00
144.39,28,follower,-35.3630615,149.1655251,15.00
144.89,28,follower,-35.3630621,149.1655365,15.00
145.39,28,follower,-35.3630627,149.1655481,15.00
145.89,28,follower,-35.3630630,149.1655595,15.00
146.39,28,follower,-35.3630631,149.1655709,15.00
146.89,28,follower,-35.3630630,149.1655821,15.00
147.40,28,follower,-35.3630630,149.1655930,15.00
147.89,28,follower,-35.3630630,149.1656038,15.00
148.39,28,follower,-35.3630630,149.1656146,15.00
148.89,28,follower,-35.3630630,149.1656254,15.00
149.40,28,follower,-35.3630629,149.1656363,15.00
149.89,28,follower,-35.3630629,149.1656472,15.00
150.40,28,follower,-35.3630629,149.1656582,15.00
150.89,28,follower,-35.3630629,149.1656692,15.00
151.39,28,follower,-35.3630629,149.1656801,15.00
151.90,28,follower,-35.3630629,149.1656909,15.00
152.39,28,follower,-35.3630629,149.1657019,15.00
152.90,28,follower,-35.3630629,149.1657141,15.00
153.40,28,follower,-35.3630629,149.1657254,15.00
153.90,28,follower,-35.3630629,149.1657371,15.00
154.39,28,follower,-35.3630629,149.1657475,15.00
154.89,28,follower,-35.3630629,149.1657590,15.00
155.40,28,follower,-35.3630630,149.1657684,15.00
155.89,28,follower,-35.3630632,149.1657725,15.00
156.39,28,follower,-35.3630636,149.1657695,15.00
156.89,28,follower,-35.3630667,149.1657642,15.00
157.40,28,follower,-35.3630741,149.1657629,15.00
157.90,28,follower,-35.3630867,149.1657638,15.00
158.39,28,follower,-35.3631034,149.1657644,15.01
158.89,28,follower,-35.3631186,149.1657643,15.00
159.40,28,follower,-35.3631292,149.1657638,15.00
159.90,28,follower,-35.3631386,149.1657630,15.00
160.40,28,follower,-35.3631481,149.1657623,15.00
160.89,28,follower,-35.3631576,149.1657619,15.00
161.40,28,follower,-35.3631670,149.1657617,15.00
161.89,28,follower,-35.3631762,149.1657617,15.00
162.39,28,follower,-35.3631852,149.1657617,15.00
162.89,28,follower,-35.3631942,149.1657617,15.00
163.40,28,follower,-35.3632030,149.1657617,15.00
163.89,28,follower,-35.3632118,149.1657617,15.00
164.40,28,follower,-35.3632207,149.1657618,15.00
164.90,28,follower,-35.3632295,149.1657618,15.00
165.40,28,follower,-35.3632384,149.1657618,15.00
165.89,28,follower,-35.3632474,149.1657618,15.00
166.40,28,follower,-35.3632563,149.1657618,15.00
166.90,28,follower,-35.3632652,149.1657618,15.00
167.40,28,follower,-35.3632741,149.1657618,15.00
167.89,28,follower,-35.3632830,149.1657618,15.00
168.40,28,follower,-35.3632919,149.1657618,15.00
168.90,28,follower,-35.3633007,149.1657618,15.00
169.40,28,follower,-35.3633100,149.1657618,15.00
169.89,28,follower,-35.3633201,149.1657618,15.00
170.40,28,follower,-35.3633285,149.1657618,15.00
170.89,28,follower,-35.3633334,149.1657617,15.00
171.40,28,follower,-35.3633324,149.1657614,15.00
171.89,28,follower,-35.3633285,149.1657581,15.00
172.40,28,follower,-35.3633270,149.1657496,15.00
172.90,28,follower,-35.3633271,149.1657345,15.00
173.40,28,follower,-35.3633272,149.1657145,15.01
173.90,28,follower,-35.3633269,149.1656964,15.01
174.40,28,follower,-35.3633264,149.1656835,15.00
174.90,28,follower,-35.3633257,149.1656720,15.00
175.40,28,follower,-35.3633250,149.1656603,15.00
175.90,28,follower,-35.3633247,149.1656486,15.00
176.40,28,follower,-35.3633246,149.1656371,15.00
176.90,28,follower,-35.3633246,149.1656259,15.00
177.40,28,follower,-35.3633246,149.1656149,15.00
177.90,28,follower,-35.3633246,149.1656040,15.00
178.40,28,follower,-35.3633246,149.1655931,15.00
178.90,28,follower,-35.3633246,149.1655823,15.00
179.40,28,follower,-35.3633246,149.1655714,15.00
179.90,28,follower,-35.3633246,149.1655605,15.00
180.40,28,follower,-35.3633246,149.1655494,15.00
180.90,28,follower,-35.3633246,149.1655384,15.00
181.40,28,follower,-35.3633247,149.1655276,15.00
181.90,28,follower,-35.3633247,149.1655166,15.00
182.40,28,follower,-35.3633247,149.1655056,15.00
182.90,28,follower,-35.3633247,149.1654947,15.00
183.40,28,follower,-35.3633247,149.1654833,15.00
183.90,28,follower,-35.3633247,149.1654711,15.00
184.40,28,follower,-35.3633247,149.1654604,15.00
184.90,28,follower,-35.3633247,149.1654486,15.00
185.40,28,follower,-35.3633247,149.1654379,15.00
185.90,28,follower,-35.3633246,149.1654305,15.00
186.40,28,follower,-35.3633245,149.1654300,15.00
186.90,28,follower,-35.3633244,149.1654340,15.00
187.40,28,follower,-35.3633242,149.1654361,15.00
187.90,28,follower,-35.3633242,149.1654364,15.00
188.40,28,follower,-35.3633243,149.1654366,15.00
188.90,28,follower,-35.3633244,149.1654368,15.00
189.40,28,follower,-35.3633245,149.1654373,15.00
189.90,28,follower,-35.3633246,149.1654378,15.00
190.40,28,follower,-35.3633246,149.1654382,15.00
190.90,28,follower,-35.3633246,149.1654385,15.00
191.40,28,follower,-35.3633246,149.1654387,15.00
93.38,29,follower,-35.3633252,149.1650104,2.23
93.88,29,follower,-35.3633252,149.1650104,3.39
94.38,29,follower,-35.3633252,149.1650104,4.67
94.89,29,follower,-35.3633252,149.1650104,5.95
95.39,29,follower,-35.3633252,149.1650104,7.19
95.88,29,follower,-35.3633252,149.1650104,8.42
96.38,29,follower,-35.3633252,149.1650104,9.66
96.88,29,follower,-35.3633252,149.1650104,10.90
97.39,29,follower,-35.3633252,149.1650104,12.13
97.88,29,follower,-35.3633252,149.1650104,13.22
98.39,29,follower,-35.3633252,149.1650104,14.08
98.88,29,follower,-35.3633252,149.1650105,14.68
99.39,29,follower,-35.3633252,149.1650105,15.02
99.88,29,follower,-35.3633252,149.1650105,15.10
100.38,29,follower,-35.3633252,149.1650105,15.00
100.88,29,follower,-35.3633252,149.1650105,14.95
101.39,29,follower,-35.3633252,149.1650105,14.96
101.88,29,follower,-35.3633252,149.1650105,14.96
102.38,29,follower,-35.3633252,149.1650105,14.97
102.88,29,follower,-35.3633251,149.1650105,14.98
103.38,29,follower,-35.3633251,149.1650104,14.98
103.88,29,follower,-35.3633251,149.1650104,14.98
104.39,29,follower,-35.3633251,149.1650104,14.99
104.88,29,follower,-35.3633251,149.1650104,14.99
105.39,29,follower,-35.3633251,149.1650104,14.99
105.88,29,follower,-35.3633251,149.1650104,14.99
106.39,29,follower,-35.3633251,149.1650104,14.99
106.88,29,follower,-35.3633251,149.1650104,14.99
107.39,29,follower,-35.3633251,149.1650104,15.00
107.89,29,follower,-35.3633251,149.1650104,15.00
108.39,29,follower,-35.3633251,149.1650105,15.00
108.88,29,follower,-35.3633251,149.1650105,15.00
109.39,29,follower,-35.3633251,149.1650105,15.00
109.89,29,follower,-35.3633251,149.1650105,15.00
110.39,29,follower,-35.3633251,149.1650105,15.00
110.89,29,follower,-35.3633251,149.1650105,15.00
111.39,29,follower,-35.3633251,149.1650105,15.00
111.89,29,follower,-35.3633251,149.1650105,15.00
112.39,29,follower,-35.3633251,149.1650105,15.00
112.89,29,follower,-35.3633251,149.1650105,15.00
113.38,29,follower,-35.3633251,149.1650105,15.00
113.89,29,follower,-35.3633251,149.1650105,15.00
114.39,29,follower,-35.3633251,149.1650105,15.00
114.88,29,follower,-35.3633251,149.1650105,15.00
115.39,29,follower,-35.3633251,149.1650105,15.00
115.89,29,follower,-35.3633251,149.1650105,15.00
116.39,29,follower,-35.3633251,149.1650105,15.00
116.89,29,follower,-35.3633251,149.1650105,15.00
117.39,29,follower,-35.3633251,149.1650105,15.00
117.89,29,follower,-35.3633251,149.1650105,15.00
118.39,29,follower,-35.3633251,149.1650105,15.00
118.89,29,follower,-35.3633251,149.1650105,15.00
119.39,29,follower,-35.3633251,149.1650105,15.00
119.89,29,follower,-35.3633251,149.1650105,15.00
120.39,29,follower,-35.3633251,149.1650105,15.00
120.89,29,follower,-35.3633252,149.1650105,15.00
121.39,29,follower,-35.3633252,149.1650105,15.00
121.89,29,follower,-35.3633252,149.1650105,15.00
122.39,29,follower,-35.3633252,149.1650105,15.00
122.89,29,follower,-35.3633252,149.1650105,15.00
123.39,29,follower,-35.3633252,149.1650105,15.00
123.89,29,follower,-35.3633252,149.1650105,15.00
124.39,29,follower,-35.3633252,149.1650105,15.00
124.89,29,follower,-35.3633250,149.1650105,15.00
125.39,29,follower,-35.3633234,149.1650103,15.00
125.89,29,follower,-35.3633168,149.1650102,15.00
126.39,29,follower,-35.3633048,149.1650100,15.00
126.89,29,follower,-35.3632915,149.1650100,15.00
127.39,29,follower,-35.3632815,149.1650101,15.00
127.89,29,follower,-35.3632724,149.1650103,15.00
128.39,29,follower,-35.3632638,149.1650103,15.00
128.89,29,follower,-35.3632545,149.1650103,15.00
129.39,29,follower,-35.3632447,149.1650104,15.00
129.89,29,follower,-35.3632352,149.1650104,15.00
130.39,29,follower,-35.3632260,149.1650104,15.00
130.89,29,follower,-35.3632169,149.1650103,15.00
131.39,29,follower,-35.3632080,149.1650103,15.00
131.89,29,follower,-35.3631991,149.1650102,15.00
132.39,29,follower,-35.3631902,149.1650102,15.00
132.89,29,follower,-35.3631813,149.1650102,15.00
133.39,29,follower,-35.3631724,149.1650102,15.00
133.89,29,follower,-35.3631635,149.1650102,15.00
134.39,29,follower,-35.3631546,149.1650102,15.00
134.89,29,follower,-35.3631456,149.1650102,15.00
135.39,29,follower,-35.3631367,149.1650102,15.00
135.89,29,follower,-35.3631278,149.1650102,15.00
136.39,29,follower,-35.3631189,149.1650102,15.00
136.89,29,follower,-35.3631100,149.1650102,15.00
137.39,29,follower,-35.3631012,149.1650102,15.00
137.89,29,follower,-35.3630923,149.1650102,15.00
138.39,29,follower,-35.3630835,149.1650102,15.00
138.89,29,follower,-35.3630746,149.1650102,15.00
139.39,29,follower,-35.3630657,149.1650102,15.00
139.89,29,follower,-35.3630569,149.1650102,15.00
140.39,29,follower,-35.3630491,149.1650102,15.00
140.89,29,follower,-35.3630464,149.1650102,15.00
141.39,29,follower,-35.3630493,149.1650108,15.00
141.89,29,follower,-35.3630533,149.1650154,15.00
142.39,29,follower,-35.3630539,149.1650255,15.00
142.89,29,follower,-35.3630536,149.1650423,15.00
143.40,29,follower,-35.3630532,149.1650626,15.01
143.89,29,follower,-35.3630534,149.1650801,15.00
144.39,29,follower,-35.3630540,149.1650924,15.00
144.89,29,follower,-35.3630548,149.1651040,15.00
145.39,29,follower,-35.3630552,149.1651167,15.00
145.89,29,follower,-35.3630554,149.1651290,15.00
146.39,29,follower,-35.3630555,149.1651408,15.00
146.89,29,follower,-35.3630555,149.1651523,15.00
147.39,29,follower,-35.3630554,149.1651634,15.00
147.89,29,follower,-35.3630553,149.1651743,15.00
148.40,29,follower,-35.3630553,149.1651853,15.00
148.89,29,follower,-35.3630553,149.1651962,15.00
149.40,29,follower,-35.3630553,149.1652071,15.00
149.89,29,follower,-35.3630553,149.1652180,15.00
150.40,29,follower,-35.3630552,149.1652289,15.00
150.89,29,follower,-35.3630552,149.1652398,15.00
151.39,29,follower,-35.3630552,149.1652508,15.00
151.89,29,follower,-35.3630552,149.1652617,15.00
152.39,29,follower,-35.3630552,149.1652726,15.00
152.89,29,follower,-35.3630552,149.1652835,15.00
153.40,29,follower,-35.3630552,149.1652944,15.00
153.89,29,follower,-35.3630552,149.1653052,15.00
154.39,29,follower,-35.3630552,149.1653161,15.00
154.89,29,follower,-35.3630553,149.1653271,15.00
155.40,29,follower,-35.3630553,149.1653373,15.00
155.89,29,follower,-35.3630553,149.1653428,15.00
156.39,29,follower,-35.3630556,149.1653410,15.00
156.89,29,follower,-35.3630582,149.1653357,15.01
157.40,29,follower,-35.3630651,149.1653337,15.00
157.89,29,follower,-35.3630773,149.1653340,15.00
158.40,29,follower,-35.3630938,149.1653341,15.01
158.89,29,follower,-35.3631098,149.1653339,15.01
159.40,29,follower,-35.3631207,149.1653333,15.00
159.89,29,follower,-35.3631304,149.1653324,15.00
160.40,29,follower,-35.3631399,149.1653317,15.00
160.89,29,follower,-35.3631500,149.1653313,15.00
161.40,29,follower,-35.3631592,149.1653312,15.00
161.90,29,follower,-35.3631686,149.1653312,15.00
162.39,29,follower,-35.3631770,149.1653312,15.00
162.90,29,follower,-35.3631863,149.1653312,15.00
163.40,29,follower,-35.3631958,149.1653312,15.00
163.90,29,follower,-35.3632050,149.1653312,15.00
164.40,29,follower,-35.3632139,149.1653313,15.00
164.90,29,follower,-35.3632229,149.1653313,15.00
165.40,29,follower,-35.3632318,149.1653313,15.00
165.90,29,follower,-35.3632408,149.1653313,15.00
166.40,29,follower,-35.3632497,149.1653313,15.00
166.90,29,follower,-35.3632586,149.1653313,15.00
167.40,29,follower,-35.3632675,149.1653314,15.00
167.90,29,follower,-35.3632764,149.1653314,15.00
168.40,29,follower,-35.3632853,149.1653314,15.00
168.89,29,follower,-35.3632942,149.1653314,15.00
169.40,29,follower,-35.3633031,149.1653314,15.00
169.90,29,follower,-35.3633120,149.1653313,15.00
170.40,29,follower,-35.3633206,149.1653313,15.00
170.90,29,follower,-35.3633260,149.1653313,15.00
171.40,29,follower,-35.3633255,149.1653311,15.00
171.90,29,follower,-35.3633212,149.1653286,15.00
172.40,29,follower,-35.3633189,149.1653211,15.00
172.90,29,follower,-35.3633192,149.1653075,15.00
173.40,29,follower,-35.3633194,149.1652880,15.01
173.89,29,follower,-35.3633193,149.1652688,15.01
174.40,29,follower,-35.3633188,149.1652553,15.00
174.90,29,follower,-35.3633180,149.1652429,15.00
175.40,29,follower,-35.3633174,149.1652307,15.00
175.90,29,follower,-35.3633170,149.1652179,15.00
176.40,29,follower,-35.3633169,149.1652065,15.00
176.90,29,follower,-35.3633169,149.1651950,15.00
177.40,29,follower,-35.3633169,149.1651846,15.00
177.90,29,follower,-35.3633169,149.1651730,15.00
178.40,29,follower,-35.3633169,149.1651620,15.00
178.90,29,follower,-35.3633169,149.1651507,15.00
179.40,29,follower,-35.3633169,149.1651394,15.00
179.90,29,follower,-35.3633169,149.1651282,15.00
180.40,29,follower,-35.3633169,149.1651171,15.00
180.90,29,follower,-35.3633169,149.1651062,15.00
181.40,29,follower,-35.3633169,149.1650953,15.00
181.90,29,follower,-35.3633169,149.1650844,15.00
182.40,29,follower,-35.3633170,149.1650734,15.00
182.90,29,follower,-35.3633170,149.1650625,15.00
183.40,29,follower,-35.3633170,149.1650516,15.00
183.90,29,follower,-35.3633170,149.1650408,15.00
184.40,29,follower,-35.3633170,149.1650299,15.00
184.90,29,follower,-35.3633169,149.1650190,15.00
185.40,29,follower,-35.3633169,149.1650083,15.00
185.90,29,follower,-35.3633169,149.1650001,15.00
186.40,29,follower,-35.3633169,149.1649989,15.00
186.90,29,follower,-35.3633167,149.1650028,15.01
187.40,29,follower,-35.3633166,149.1650053,15.00
187.90,29,follower,-35.3633166,149.1650059,15.00
188.40,29,follower,-35.3633166,149.1650060,15.00
188.90,29,follower,-35.3633167,149.1650063,15.00
189.40,29,follower,-35.3633168,149.1650067,15.00
189.90,29,follower,-35.3633169,149.1650073,15.00
190.40,29,follower,-35.3633169,149.1650077,15.00
190.90,29,follower,-35.3633169,149.1650080,15.00
191.40,29,follower,-35.3633169,149.1650082,15.00
93.38,30,follower,-35.3630896,149.1653402,2.23
93.88,30,follower,-35.3630895,149.1653402,3.39
94.39,30,follower,-35.3630895,149.1653401,4.67
94.88,30,follower,-35.3630895,149.1653401,5.95
95.39,30,follower,-35.3630895,149.1653401,7.19
95.88,30,follower,-35.3630895,149.1653401,8.42
96.38,30,follower,-35.3630895,149.1653401,9.66
96.88,30,follower,-35.3630895,149.1653401,10.90
97.39,30,follower,-35.3630895,149.1653402,12.13
97.88,30,follower,-35.3630895,149.1653402,13.22
98.38,30,follower,-35.3630896,149.1653402,14.08
98.88,30,follower,-35.3630896,149.1653402,14.68
99.39,30,follower,-35.3630896,149.1653402,15.02
99.89,30,follower,-35.3630897,149.1653402,15.11
100.38,30,follower,-35.3630897,149.1653401,15.00
100.89,30,follower,-35.3630897,149.1653401,14.95
101.39,30,follower,-35.3630896,149.1653401,14.96
101.88,30,follower,-35.3630896,149.1653401,14.96
102.38,30,follower,-35.3630896,149.1653400,14.97
102.89,30,follower,-35.3630896,149.1653400,14.98
103.39,30,follower,-35.3630896,149.1653400,14.98
103.89,30,follower,-35.3630896,149.1653400,14.98
104.39,30,follower,-35.3630896,149.1653400,14.99
104.88,30,follower,-35.3630896,149.1653400,14.99
105.39,30,follower,-35.3630896,149.1653400,14.99
105.89,30,follower,-35.3630896,149.1653400,14.99
106.39,30,follower,-35.3630896,149.1653400,14.99
106.88,30,follower,-35.3630896,149.1653400,14.99
107.39,30,follower,-35.3630896,149.1653400,15.00
107.89,30,follower,-35.3630896,149.1653400,15.00
108.39,30,follower,-35.3630896,149.1653400,15.00
108.88,30,follower,-35.3630896,149.1653400,15.00
109.39,30,follower,-35.3630896,149.1653400,15.00
109.89,30,follower,-35.3630896,149.1653400,15.00
110.39,30,follower,-35.3630896,149.1653400,15.00
110.89,30,follower,-35.3630896,149.1653400,15.00
111.39,30,follower,-35.3630896,149.1653401,15.00
111.89,30,follower,-35.3630896,149.1653401,15.00
112.39,30,follower,-35.3630896,149.1653401,15.00
112.89,30,follower,-35.3630896,149.1653401,15.00
113.39,30,follower,-35.3630896,149.1653401,15.00
113.89,30,follower,-35.3630896,149.1653401,15.00
114.39,30,follower,-35.3630896,149.1653401,15.00
114.89,30,follower,-35.3630896,149.1653401,15.00
115.39,30,follower,-35.3630896,149.1653401,15.00
115.89,30,follower,-35.3630896,149.1653401,15.00
116.39,30,follower,-35.3630896,149.1653401,15.00
116.89,30,follower,-35.3630896,149.1653401,15.00
117.39,30,follower,-35.3630896,149.1653401,15.00
117.89,30,follower,-35.3630896,149.1653401,15.00
118.39,30,follower,-35.3630896,149.1653401,15.00
118.89,30,follower,-35.3630896,149.1653401,15.00
119.39,30,follower,-35.3630896,149.1653401,15.00
119.89,30,follower,-35.3630896,149.1653401,15.00
120.39,30,follower,-35.3630896,149.1653401,15.00
120.89,30,follower,-35.3630896,149.1653401,15.00
121.39,30,follower,-35.3630896,149.1653401,15.00
121.89,30,follower,-35.3630896,149.1653401,15.00
122.39,30,follower,-35.3630896,149.1653401,15.00
122.89,30,follower,-35.3630896,149.1653401,15.00
123.39,30,follower,-35.3630896,149.1653401,15.00
123.89,30,follower,-35.3630896,149.1653401,15.00
124.39,30,follower,-35.3630896,149.1653401,15.00
124.89,30,follower,-35.3630895,149.1653401,15.00
125.39,30,follower,-35.3630879,149.1653399,15.00
125.89,30,follower,-35.3630813,149.1653398,15.00
126.39,30,follower,-35.3630692,149.1653395,15.00
126.89,30,follower,-35.3630563,149.1653396,15.00
127.39,30,follower,-35.3630464,149.1653397,15.00
127.89,30,follower,-35.3630372,149.1653399,15.00
128.39,30,follower,-35.3630278,149.1653400,15.00
128.89,30,follower,-35.3630183,149.1653400,15.00
129.39,30,follower,-35.3630089,149.1653400,15.00
129.89,30,follower,-35.3629996,149.1653400,15.00
130.39,30,follower,-35.3629904,149.1653399,15.00
130.89,30,follower,-35.3629814,149.1653399,15.00
131.39,30,follower,-35.3629725,149.1653399,15.00
131.89,30,follower,-35.3629636,149.1653399,15.00
132.39,30,follower,-35.3629546,149.1653399,15.00
132.89,30,follower,-35.3629458,149.1653399,15.00
133.39,30,follower,-35.3629369,149.1653399,15.00
133.89,30,follower,-35.3629281,149.1653399,15.00
134.39,30,follower,-35.3629193,149.1653399,15.00
134.89,30,follower,-35.3629104,149.1653399,15.00
135.39,30,follower,-35.3629015,149.1653399,15.00
135.89,30,follower,-35.3628927,149.1653399,15.00
136.39,30,follower,-35.3628838,149.1653398,15.00
136.89,30,follower,-35.3628750,149.1653398,15.00
137.39,30,follower,-35.3628662,149.1653398,15.00
137.89,30,follower,-35.3628573,149.1653398,15.00
138.39,30,follower,-35.3628483,149.1653398,15.00
138.90,30,follower,-35.3628387,149.1653398,15.00
139.39,30,follower,-35.3628291,149.1653398,15.00
139.89,30,follower,-35.3628195,149.1653398,15.00
140.39,30,follower,-35.3628126,149.1653398,15.00
140.89,30,follower,-35.3628111,149.1653399,15.00
141.39,30,follower,-35.3628146,149.1653410,15.00
141.89,30,follower,-35.3628181,149.1653464,15.00
142.39,30,follower,-35.3628184,149.1653576,15.00
142.89,30,follower,-35.3628179,149.1653755,15.01
143.40,30,follower,-35.3628176,149.1653958,15.01
143.89,30,follower,-35.3628178,149.1654117,15.00
144.39,30,follower,-35.3628184,149.1654240,15.00
144.89,30,follower,-35.3628190,149.1654356,15.00
145.39,30,follower,-35.3628195,149.1654472,15.00
145.89,30,follower,-35.3628197,149.1654588,15.00
146.39,30,follower,-35.3628198,149.1654702,15.00
146.89,30,follower,-35.3628197,149.1654815,15.00
147.40,30,follower,-35.3628197,149.1654925,15.00
147.90,30,follower,-35.3628197,149.1655034,15.00
148.39,30,follower,-35.3628197,149.1655143,15.00
148.90,30,follower,-35.3628197,149.1655252,15.00
149.40,30,follower,-35.3628197,149.1655360,15.00
149.89,30,follower,-35.3628197,149.1655469,15.00
150.40,30,follower,-35.3628197,149.1655579,15.00
150.90,30,follower,-35.3628197,149.1655688,15.00
151.39,30,follower,-35.3628197,149.1655797,15.00
151.89,30,follower,-35.3628197,149.1655906,15.00
152.40,30,follower,-35.3628197,149.1656015,15.00
152.89,30,follower,-35.3628197,149.1656124,15.00
153.40,30,follower,-35.3628197,149.1656233,15.00
153.89,30,follower,-35.3628197,149.1656342,15.00
154.39,30,follower,-35.3628197,149.1656456,15.00
154.89,30,follower,-35.3628197,149.1656580,15.00
155.40,30,follower,-35.3628198,149.1656674,15.00
155.89,30,follower,-35.3628200,149.1656711,15.00
156.40,30,follower,-35.3628211,149.1656682,15.01
156.89,30,follower,-35.3628255,149.1656644,15.00
157.40,30,follower,-35.3628346,149.1656638,15.00
157.89,30,follower,-35.3628491,149.1656639,15.01
158.40,30,follower,-35.3628649,149.1656639,15.01
158.89,30,follower,-35.3628767,149.1656634,15.00
159.40,30,follower,-35.3628861,149.1656626,15.00
159.89,30,follower,-35.3628955,149.1656618,15.00
160.40,30,follower,-35.3629049,149.1656612,15.00
160.89,30,follower,-35.3629144,149.1656609,15.00
161.40,30,follower,-35.3629237,149.1656608,15.00
161.90,30,follower,-35.3629328,149.1656608,15.00
162.40,30,follower,-35.3629418,149.1656608,15.00
162.90,30,follower,-35.3629507,149.1656608,15.00
163.40,30,follower,-35.3629595,149.1656608,15.00
163.90,30,follower,-35.3629683,149.1656608,15.00
164.40,30,follower,-35.3629771,149.1656609,15.00
164.90,30,follower,-35.3629860,149.1656609,15.00
165.40,30,follower,-35.3629948,149.1656609,15.00
165.90,30,follower,-35.3630038,149.1656609,15.00
166.40,30,follower,-35.3630127,149.1656609,15.00
166.90,30,follower,-35.3630215,149.1656609,15.00
167.40,30,follower,-35.3630309,149.1656609,15.00
167.90,30,follower,-35.3630411,149.1656610,15.00
168.40,30,follower,-35.3630499,149.1656610,15.00
168.90,30,follower,-35.3630592,149.1656610,15.00
169.40,30,follower,-35.3630676,149.1656610,15.00
169.90,30,follower,-35.3630769,149.1656610,15.00
170.40,30,follower,-35.3630851,149.1656610,15.00
170.90,30,follower,-35.3630902,149.1656608,15.00
171.40,30,follower,-35.3630894,149.1656605,15.00
171.90,30,follower,-35.3630854,149.1656574,15.00
172.40,30,follower,-35.3630837,149.1656492,15.00
172.90,30,follower,-35.3630839,149.1656344,15.00
173.40,30,follower,-35.3630840,149.1656143,15.01
173.90,30,follower,-35.3630838,149.1655956,15.00
174.40,30,follower,-35.3630832,149.1655825,15.00
174.90,30,follower,-35.3630825,149.1655711,15.00
175.40,30,follower,-35.3630819,149.1655595,15.00
175.90,30,follower,-35.3630815,149.1655477,15.00
176.40,30,follower,-35.3630814,149.1655363,15.00
176.90,30,follower,-35.3630814,149.1655251,15.00
177.40,30,follower,-35.3630814,149.1655140,15.00
177.90,30,follower,-35.3630814,149.1655031,15.00
178.40,30,follower,-35.3630814,149.1654922,15.00
178.90,30,follower,-35.3630814,149.1654814,15.00
179.40,30,follower,-35.3630814,149.1654706,15.00
179.90,30,follower,-35.3630814,149.1654597,15.00
180.40,30,follower,-35.3630814,149.1654488,15.00
180.90,30,follower,-35.3630814,149.1654379,15.00
181.40,30,follower,-35.3630815,149.1654270,15.00
181.90,30,follower,-35.3630815,149.1654161,15.00
182.40,30,follower,-35.3630815,149.1654045,15.00
182.90,30,follower,-35.3630815,149.1653921,15.00
183.40,30,follower,-35.3630815,149.1653813,15.00
183.90,30,follower,-35.3630815,149.1653699,15.00
184.40,30,follower,-35.3630815,149.1653595,15.00
184.90,30,follower,-35.3630815,149.1653480,15.00
185.40,30,follower,-35.3630815,149.1653372,15.00
185.90,30,follower,-35.3630814,149.1653293,15.00
186.40,30,follower,-35.3630814,149.1653285,15.00
186.90,30,follower,-35.3630812,149.1653327,15.01
187.40,30,follower,-35.3630810,149.1653352,15.00
187.90,30,follower,-35.3630810,149.1653356,15.00
188.40,30,follower,-35.3630811,149.1653357,15.00
188.90,30,follower,-35.3630812,149.1653359,15.00
189.40,30,follower,-35.3630813,149.1653364,15.00
189.90,30,follower,-35.3630814,149.1653369,15.00
190.40,30,follower,-35.3630815,149.1653373,15.00
190.90,30,follower,-35.3630815,149.1653376,15.00
191.40,30,follower,-35.3630815,149.1653378,15.00
93.38,31,follower,-35.3634512,149.1652914,2.23
93.89,31,follower,-35.3634512,149.1652914,3.39
94.39,31,follower,-35.3634512,149.1652914,4.67
94.88,31,follower,-35.3634512,149.1652914,5.95
95.39,31,follower,-35.3634512,149.1652914,7.19
95.89,31,follower,-35.3634512,149.1652914,8.42
96.39,31,follower,-35.3634512,149.1652914,9.66
96.89,31,follower,-35.3634512,149.1652914,10.90
97.39,31,follower,-35.3634512,149.1652914,12.13
97.88,31,follower,-35.3634512,149.1652914,13.22
98.39,31,follower,-35.3634512,149.1652914,14.08
98.88,31,follower,-35.3634512,149.1652914,14.68
99.39,31,follower,-35.3634512,149.1652914,15.02
99.89,31,follower,-35.3634512,149.1652914,15.10
100.39,31,follower,-35.3634512,149.1652914,15.00
100.89,31,follower,-35.3634512,149.1652914,14.95
101.39,31,follower,-35.3634512,149.1652914,14.96
101.89,31,follower,-35.3634512,149.1652913,14.96
102.39,31,follower,-35.3634512,149.1652913,14.97
102.89,31,follower,-35.3634512,149.1652913,14.98
103.39,31,follower,-35.3634511,149.1652912,14.98
103.88,31,follower,-35.3634511,149.1652912,14.98
104.39,31,follower,-35.3634511,149.1652912,14.99
104.89,31,follower,-35.3634511,149.1652912,14.99
105.39,31,follower,-35.3634510,149.1652912,14.99
105.89,31,follower,-35.3634510,149.1652912,14.99
106.39,31,follower,-35.3634510,149.1652912,14.99
106.88,31,follower,-35.3634511,149.1652912,14.99
107.39,31,follower,-35.3634511,149.1652912,14.99
107.89,31,follower,-35.3634511,149.1652912,14.99
108.39,31,follower,-35.3634511,149.1652912,15.00
108.88,31,follower,-35.3634511,149.1652912,15.00
109.39,31,follower,-35.3634511,149.1652912,15.00
109.89,31,follower,-35.3634511,149.1652913,15.00
110.39,31,follower,-35.3634511,149.1652913,15.00
110.89,31,follower,-35.3634511,149.1652913,15.00
111.39,31,follower,-35.3634511,149.1652913,15.00
111.89,31,follower,-35.3634511,149.1652913,15.00
112.39,31,follower,-35.3634511,149.1652913,15.00
112.89,31,follower,-35.3634511,149.1652913,15.00
113.39,31,follower,-35.3634511,149.1652913,15.00
113.89,31,follower,-35.3634511,149.1652913,15.00
114.39,31,follower,-35.3634511,149.1652913,15.00
114.89,31,follower,-35.3634511,149.1652913,15.00
115.39,31,follower,-35.3634511,149.1652913,15.00
115.89,31,follower,-35.3634511,149.1652913,15.00
116.39,31,follower,-35.3634511,149.1652913,15.00
116.89,31,follower,-35.3634511,149.1652913,15.00
117.39,31,follower,-35.3634511,149.1652913,15.00
117.89,31,follower,-35.3634511,149.1652913,15.00
118.39,31,follower,-35.3634511,149.1652913,15.00
118.89,31,follower,-35.3634511,149.1652913,15.00
119.39,31,follower,-35.3634511,149.1652913,15.00
119.89,31,follower,-35.3634511,149.1652913,15.00
120.39,31,follower,-35.3634511,149.1652913,15.00
120.89,31,follower,-35.3634511,149.1652913,15.00
121.39,31,follower,-35.3634511,149.1652913,15.00
121.89,31,follower,-35.3634511,149.1652913,15.00
122.39,31,follower,-35.3634511,149.1652913,15.00
122.89,31,follower,-35.3634511,149.1652913,15.00
123.39,31,follower,-35.3634511,149.1652913,15.00
123.89,31,follower,-35.3634511,149.1652913,15.00
124.39,31,follower,-35.3634511,149.1652913,15.00
124.89,31,follower,-35.3634510,149.1652913,15.00
125.39,31,follower,-35.3634494,149.1652911,15.00
125.89,31,follower,-35.3634427,149.1652910,15.00
126.39,31,follower,-35.3634307,149.1652908,15.00
126.89,31,follower,-35.3634176,149.1652908,15.00
127.39,31,follower,-35.3634077,149.1652909,15.00
127.89,31,follower,-35.3633985,149.1652910,15.00
128.39,31,follower,-35.3633892,149.1652912,15.00
128.89,31,follower,-35.3633798,149.1652912,15.00
129.39,31,follower,-35.3633704,149.1652912,15.00
129.89,31,follower,-35.3633611,149.1652912,15.00
130.39,31,follower,-35.3633519,149.1652911,15.00
130.90,31,follower,-35.3633429,149.1652911,15.00
131.39,31,follower,-35.3633340,149.1652911,15.00
131.90,31,follower,-35.3633251,149.1652911,15.00
132.40,31,follower,-35.3633162,149.1652911,15.00
132.89,31,follower,-35.3633072,149.1652911,15.00
133.39,31,follower,-35.3632983,149.1652911,15.00
133.89,31,follower,-35.3632894,149.1652911,15.00
134.39,31,follower,-35.3632805,149.1652911,15.00
134.89,31,follower,-35.3632716,149.1652910,15.00
135.40,31,follower,-35.3632627,149.1652910,15.00
135.89,31,follower,-35.3632539,149.1652910,15.00
136.39,31,follower,-35.3632451,149.1652910,15.00
136.89,31,follower,-35.3632363,149.1652910,15.00
137.39,31,follower,-35.3632274,149.1652910,15.00
137.89,31,follower,-35.3632185,149.1652910,15.00
138.39,31,follower,-35.3632095,149.1652910,15.00
138.89,31,follower,-35.3632007,149.1652910,15.00
139.40,31,follower,-35.3631913,149.1652910,15.00
139.89,31,follower,-35.3631813,149.1652910,15.00
140.40,31,follower,-35.3631741,149.1652910,15.00
140.90,31,follower,-35.3631725,149.1652910,15.00
141.40,31,follower,-35.3631759,149.1652921,15.00
141.89,31,follower,-35.3631795,149.1652974,15.00
142.39,31,follower,-35.3631798,149.1653084,15.00
142.90,31,follower,-35.3631794,149.1653261,15.01
143.40,31,follower,-35.3631792,149.1653459,15.01
143.89,31,follower,-35.3631793,149.1653620,15.00
144.39,31,follower,-35.3631799,149.1653750,15.00
144.90,31,follower,-35.3631806,149.1653870,15.00
145.40,31,follower,-35.3631810,149.1653987,15.00
145.90,31,follower,-35.3631813,149.1654104,15.00
146.40,31,follower,-35.3631813,149.1654220,15.00
146.90,31,follower,-35.3631813,149.1654333,15.00
147.40,31,follower,-35.3631813,149.1654444,15.00
147.90,31,follower,-35.3631813,149.1654553,15.00
148.40,31,follower,-35.3631813,149.1654662,15.00
148.90,31,follower,-35.3631813,149.1654770,15.00
149.40,31,follower,-35.3631813,149.1654878,15.00
149.90,31,follower,-35.3631813,149.1654986,15.00
150.39,31,follower,-35.3631812,149.1655095,15.00
150.90,31,follower,-35.3631812,149.1655205,15.00
151.40,31,follower,-35.3631812,149.1655314,15.00
151.90,31,follower,-35.3631812,149.1655423,15.00
152.40,31,follower,-35.3631812,149.1655532,15.00
152.90,31,follower,-35.3631812,149.1655641,15.00
153.40,31,follower,-35.3631812,149.1655751,15.00
153.89,31,follower,-35.3631812,149.1655859,15.00
154.40,31,follower,-35.3631812,149.1655968,15.00
154.89,31,follower,-35.3631812,149.1656077,15.00
155.40,31,follower,-35.3631813,149.1656175,15.00
155.90,31,follower,-35.3631819,149.1656214,15.00
156.40,31,follower,-35.3631851,149.1656189,15.00
156.90,31,follower,-35.3631928,149.1656150,15.00
157.40,31,follower,-35.3632058,149.1656138,15.01
157.90,31,follower,-35.3632199,149.1656141,15.01
158.40,31,follower,-35.3632304,149.1656144,15.00
158.90,31,follower,-35.3632393,149.1656140,15.00
159.40,31,follower,-35.3632476,149.1656134,15.00
159.90,31,follower,-35.3632568,149.1656129,15.00
160.40,31,follower,-35.3632667,149.1656125,15.00
160.90,31,follower,-35.3632763,149.1656123,15.00
161.40,31,follower,-35.3632857,149.1656122,15.00
161.90,31,follower,-35.3632949,149.1656122,15.00
162.40,31,follower,-35.3633038,149.1656122,15.00
162.90,31,follower,-35.3633127,149.1656122,15.00
163.40,31,follower,-35.3633216,149.1656122,15.00
163.90,31,follower,-35.3633304,149.1656122,15.00
164.40,31,follower,-35.3633393,149.1656122,15.00
164.90,31,follower,-35.3633482,149.1656122,15.00
165.40,31,follower,-35.3633571,149.1656121,15.00
165.90,31,follower,-35.3633661,149.1656121,15.00
166.40,31,follower,-35.3633751,149.1656121,15.00
166.90,31,follower,-35.3633840,149.1656122,15.00
167.40,31,follower,-35.3633929,149.1656122,15.00
167.90,31,follower,-35.3634019,149.1656122,15.00
168.40,31,follower,-35.3634107,149.1656122,15.00
168.90,31,follower,-35.3634195,149.1656121,15.00
169.40,31,follower,-35.3634284,149.1656121,15.00
169.90,31,follower,-35.3634373,149.1656121,15.00
170.40,31,follower,-35.3634459,149.1656121,15.00
170.90,31,follower,-35.3634519,149.1656121,15.00
171.40,31,follower,-35.3634519,149.1656120,15.00
171.90,31,follower,-35.3634480,149.1656095,15.00
172.40,31,follower,-35.3634458,149.1656020,15.00
172.90,31,follower,-35.3634458,149.1655881,15.00
173.40,31,follower,-35.3634457,149.1655682,15.01
173.90,31,follower,-35.3634453,149.1655479,15.01
174.40,31,follower,-35.3634447,149.1655332,15.00
174.90,31,follower,-35.3634440,149.1655217,15.00
175.40,31,follower,-35.3634434,149.1655114,15.00
175.90,31,follower,-35.3634430,149.1654993,15.00
176.40,31,follower,-35.3634428,149.1654870,15.00
176.90,31,follower,-35.3634428,149.1654755,15.00
177.40,31,follower,-35.3634428,149.1654651,15.00
177.90,31,follower,-35.3634428,149.1654538,15.00
178.40,31,follower,-35.3634429,149.1654425,15.00
178.90,31,follower,-35.3634429,149.1654314,15.00
179.41,31,follower,-35.3634429,149.1654205,15.00
179.90,31,follower,-35.3634429,149.1654094,15.00
180.40,31,follower,-35.3634429,149.1653984,15.00
180.90,31,follower,-35.3634429,149.1653874,15.00
181.40,31,follower,-35.3634430,149.1653765,15.00
181.90,31,follower,-35.3634430,149.1653655,15.00
182.40,31,follower,-35.3634430,149.1653545,15.00
182.91,31,follower,-35.3634430,149.1653436,15.00
183.40,31,follower,-35.3634430,149.1653327,15.00
183.91,31,follower,-35.3634430,149.1653218,15.00
184.40,31,follower,-35.3634429,149.1653110,15.00
184.90,31,follower,-35.3634429,149.1653000,15.00
185.40,31,follower,-35.3634429,149.1652893,15.00
185.90,31,follower,-35.3634429,149.1652810,15.00
186.41,31,follower,-35.3634429,149.1652797,15.00
186.90,31,follower,-35.3634427,149.1652836,15.00
187.40,31,follower,-35.3634426,149.1652861,15.00
187.90,31,follower,-35.3634426,149.1652867,15.00
188.41,31,follower,-35.3634426,149.1652869,15.00
188.90,31,follower,-35.3634427,149.1652871,15.00
189.40,31,follower,-35.3634428,149.1652875,15.00
189.91,31,follower,-35.3634428,149.1652880,15.00
190.40,31,follower,-35.3634429,149.1652885,15.00
190.90,31,follower,-35.3634429,149.1652888,15.00
191.41,31,follower,-35.3634429,149.1652890,15.00
93.39,32,follower,-35.3631526,149.1650234,2.23
93.89,32,follower,-35.3631526,149.1650234,3.39
94.39,32,follower,-35.3631526,149.1650234,4.67
94.89,32,follower,-35.3631526,149.1650234,5.95
95.39,32,follower,-35.3631526,149.1650234,7.19
95.89,32,follower,-35.3631526,149.1650234,8.42
96.39,32,follower,-35.3631526,149.1650234,9.66
96.89,32,follower,-35.3631526,149.1650234,10.90
97.39,32,follower,-35.3631526,149.1650234,12.13
97.89,32,follower,-35.3631526,149.1650234,13.22
98.38,32,follower,-35.3631526,149.1650234,14.08
98.89,32,follower,-35.3631527,149.1650235,14.67
99.39,32,follower,-35.3631527,149.1650235,15.01
99.89,32,follower,-35.3631527,149.1650235,15.10
100.39,32,follower,-35.3631527,149.1650235,15.00
100.89,32,follower,-35.3631527,149.1650235,14.95
101.39,32,follower,-35.3631527,149.1650235,14.96
101.89,32,follower,-35.3631527,149.1650235,14.96
102.39,32,follower,-35.3631527,149.1650235,14.97
102.89,32,follower,-35.3631527,149.1650235,14.98
103.39,32,follower,-35.3631526,149.1650234,14.98
103.89,32,follower,-35.3631526,149.1650234,14.98
104.39,32,follower,-35.3631526,149.1650234,14.99
104.89,32,follower,-35.3631526,149.1650234,14.99
105.39,32,follower,-35.3631526,149.1650234,14.99
105.89,32,follower,-35.3631526,149.1650234,14.99
106.39,32,follower,-35.3631526,149.1650234,14.99
106.89,32,follower,-35.3631526,149.1650234,14.99
107.39,32,follower,-35.3631526,149.1650234,14.99
107.89,32,follower,-35.3631526,149.1650234,15.00
108.39,32,follower,-35.3631526,149.1650234,15.00
108.89,32,follower,-35.3631526,149.1650235,15.00
109.39,32,follower,-35.3631526,149.1650235,15.00
109.89,32,follower,-35.3631526,149.1650235,15.00
110.39,32,follower,-35.3631526,149.1650235,15.00
110.89,32,follower,-35.3631526,149.1650235,15.00
111.39,32,follower,-35.3631526,149.1650235,15.00
111.89,32,follower,-35.3631526,149.1650235,15.00
112.39,32,follower,-35.3631526,149.1650235,15.00
112.89,32,follower,-35.3631526,149.1650235,15.00
113.39,32,follower,-35.3631526,149.1650235,15.00
113.89,32,follower,-35.3631526,149.1650235,15.00
114.39,32,follower,-35.3631526,149.1650235,15.00
114.89,32,follower,-35.3631526,149.1650235,15.00
115.39,32,follower,-35.3631526,149.1650235,15.00
115.89,32,follower,-35.3631526,149.1650235,15.00
116.39,32,follower,-35.3631526,149.1650235,15.00
116.89,32,follower,-35.3631526,149.1650235,15.00
117.39,32,follower,-35.3631526,149.1650235,15.00
117.89,32,follower,-35.3631526,149.1650235,15.00
118.39,32,follower,-35.3631526,149.1650235,15.00
118.89,32,follower,-35.3631526,149.1650235,15.00
119.39,32,follower,-35.3631526,149.1650235,15.00
119.89,32,follower,-35.3631526,149.1650235,15.00
120.40,32,follower,-35.3631526,149.1650235,15.00
120.89,32,follower,-35.3631526,149.1650235,15.00
121.39,32,follower,-35.3631526,149.1650235,15.00
121.89,32,follower,-35.3631526,149.1650235,15.00
122.39,32,follower,-35.3631526,149.1650235,15.00
122.89,32,follower,-35.3631526,149.1650235,15.00
123.39,32,follower,-35.3631526,149.1650235,15.00
123.89,32,follower,-35.3631526,149.1650235,15.00
124.40,32,follower,-35.3631526,149.1650235,15.00
124.90,32,follower,-35.3631526,149.1650235,15.00
125.39,32,follower,-35.3631510,149.1650234,15.00
125.89,32,follower,-35.3631437,149.1650232,15.00
126.39,32,follower,-35.3631319,149.1650229,15.00
126.90,32,follower,-35.3631209,149.1650230,15.00
127.39,32,follower,-35.3631111,149.1650231,15.00
127.89,32,follower,-35.3631009,149.1650232,15.00
128.39,32,follower,-35.3630917,149.1650233,15.00
128.89,32,follower,-35.3630816,149.1650233,15.00
129.39,32,follower,-35.3630722,149.1650234,15.00
129.89,32,follower,-35.3630628,149.1650234,15.00
130.40,32,follower,-35.3630543,149.1650233,15.00
130.89,32,follower,-35.3630448,149.1650233,15.00
131.39,32,follower,-35.3630359,149.1650233,15.00
131.90,32,follower,-35.3630267,149.1650233,15.00
132.39,32,follower,-35.3630174,149.1650233,15.00
132.90,32,follower,-35.3630084,149.1650233,15.00
133.40,32,follower,-35.3629994,149.1650233,15.00
133.89,32,follower,-35.3629905,149.1650233,15.00
134.40,32,follower,-35.3629816,149.1650233,15.00
134.89,32,follower,-35.3629727,149.1650233,15.00
135.39,32,follower,-35.3629638,149.1650233,15.00
135.90,32,follower,-35.3629549,149.1650233,15.00
136.40,32,follower,-35.3629461,149.1650232,15.00
136.90,32,follower,-35.3629373,149.1650232,15.00
137.40,32,follower,-35.3629284,149.1650232,15.00
137.89,32,follower,-35.3629195,149.1650232,15.00
138.39,32,follower,-35.3629106,149.1650232,15.00
138.90,32,follower,-35.3629017,149.1650232,15.00
139.40,32,follower,-35.3628929,149.1650232,15.00
139.90,32,follower,-35.3628841,149.1650232,15.00
140.40,32,follower,-35.3628763,149.1650232,15.00
140.89,32,follower,-35.3628733,149.1650232,15.00
141.40,32,follower,-35.3628759,149.1650239,15.00
141.89,32,follower,-35.3628798,149.1650284,15.00
142.40,32,follower,-35.3628806,149.1650386,15.00
142.90,32,follower,-35.3628805,149.1650557,15.01
143.40,32,follower,-35.3628805,149.1650760,15.01
143.90,32,follower,-35.3628808,149.1650935,15.00
144.39,32,follower,-35.3628815,149.1651057,15.00
144.89,32,follower,-35.3628823,149.1651173,15.00
145.40,32,follower,-35.3628827,149.1651300,15.00
145.90,32,follower,-35.3628829,149.1651423,15.00
146.40,32,follower,-35.3628830,149.1651542,15.00
146.89,32,follower,-35.3628829,149.1651657,15.00
147.40,32,follower,-35.3628829,149.1651768,15.00
147.90,32,follower,-35.3628828,149.1651877,15.00
148.40,32,follower,-35.3628828,149.1651986,15.00
148.90,32,follower,-35.3628828,149.1652095,15.00
149.40,32,follower,-35.3628828,149.1652203,15.00
149.90,32,follower,-35.3628828,149.1652312,15.00
150.40,32,follower,-35.3628827,149.1652422,15.00
150.90,32,follower,-35.3628827,149.1652531,15.00
151.40,32,follower,-35.3628827,149.1652640,15.00
151.90,32,follower,-35.3628827,149.1652749,15.00
152.40,32,follower,-35.3628827,149.1652858,15.00
152.90,32,follower,-35.3628827,149.1652967,15.00
153.40,32,follower,-35.3628827,149.1653076,15.00
153.90,32,follower,-35.3628827,149.1653184,15.00
154.40,32,follower,-35.3628827,149.1653292,15.00
154.90,32,follower,-35.3628827,149.1653401,15.00
155.40,32,follower,-35.3628827,149.1653503,15.00
155.90,32,follower,-35.3628827,149.1653558,15.00
156.40,32,follower,-35.3628833,149.1653542,15.00
156.90,32,follower,-35.3628867,149.1653499,15.00
157.40,32,follower,-35.3628949,149.1653485,15.00
157.90,32,follower,-35.3629087,149.1653480,15.01
158.40,32,follower,-35.3629247,149.1653475,15.01
158.90,32,follower,-35.3629381,149.1653468,15.00
159.40,32,follower,-35.3629478,149.1653457,15.00
159.90,32,follower,-35.3629574,149.1653448,15.00
160.40,32,follower,-35.3629674,149.1653444,15.00
160.90,32,follower,-35.3629775,149.1653442,15.00
161.40,32,follower,-35.3629873,149.1653441,15.00
161.90,32,follower,-35.3629965,149.1653441,15.00
162.40,32,follower,-35.3630046,149.1653442,15.00
162.90,32,follower,-35.3630138,149.1653442,15.00
163.40,32,follower,-35.3630233,149.1653442,15.00
163.90,32,follower,-35.3630325,149.1653442,15.00
164.40,32,follower,-35.3630415,149.1653443,15.00
164.90,32,follower,-35.3630504,149.1653443,15.00
165.40,32,follower,-35.3630593,149.1653443,15.00
165.90,32,follower,-35.3630684,149.1653443,15.00
166.40,32,follower,-35.3630774,149.1653443,15.00
166.90,32,follower,-35.3630863,149.1653443,15.00
167.40,32,follower,-35.3630952,149.1653444,15.00
167.90,32,follower,-35.3631041,149.1653444,15.00
168.40,32,follower,-35.3631130,149.1653444,15.00
168.90,32,follower,-35.3631217,149.1653443,15.00
169.40,32,follower,-35.3631306,149.1653443,15.00
169.90,32,follower,-35.3631395,149.1653443,15.00
170.40,32,follower,-35.3631481,149.1653443,15.00
170.90,32,follower,-35.3631536,149.1653443,15.00
171.40,32,follower,-35.3631532,149.1653441,15.00
171.91,32,follower,-35.3631489,149.1653416,15.00
172.40,32,follower,-35.3631466,149.1653342,15.00
172.90,32,follower,-35.3631468,149.1653206,15.00
173.40,32,follower,-35.3631469,149.1653011,15.01
173.90,32,follower,-35.3631468,149.1652818,15.01
174.40,32,follower,-35.3631463,149.1652682,15.00
174.91,32,follower,-35.3631455,149.1652558,15.00
175.40,32,follower,-35.3631449,149.1652436,15.00
175.91,32,follower,-35.3631445,149.1652308,15.00
176.40,32,follower,-35.3631444,149.1652194,15.00
176.90,32,follower,-35.3631444,149.1652080,15.00
177.40,32,follower,-35.3631444,149.1651977,15.00
177.90,32,follower,-35.3631444,149.1651861,15.00
178.40,32,follower,-35.3631444,149.1651745,15.00
178.90,32,follower,-35.3631444,149.1651633,15.00
179.41,32,follower,-35.3631444,149.1651523,15.00
179.90,32,follower,-35.3631444,149.1651412,15.00
180.40,32,follower,-35.3631444,149.1651302,15.00
180.90,32,follower,-35.3631444,149.1651193,15.00
181.40,32,follower,-35.3631445,149.1651085,15.00
181.91,32,follower,-35.3631445,149.1650976,15.00
182.41,32,follower,-35.3631445,149.1650866,15.00
182.90,32,follower,-35.3631445,149.1650757,15.00
183.40,32,follower,-35.3631445,149.1650649,15.00
183.90,32,follower,-35.3631445,149.1650540,15.00
184.40,32,follower,-35.3631445,149.1650431,15.00
184.90,32,follower,-35.3631445,149.1650322,15.00
185.41,32,follower,-35.3631445,149.1650215,15.00
185.90,32,follower,-35.3631444,149.1650132,15.00
186.40,32,follower,-35.3631444,149.1650119,15.00
186.91,32,follower,-35.3631442,149.1650158,15.00
187.41,32,follower,-35.3631440,149.1650184,15.00
187.90,32,follower,-35.3631441,149.1650189,15.00
188.41,32,follower,-35.3631441,149.1650191,15.00
188.91,32,follower,-35.3631442,149.1650193,15.00
189.41,32,follower,-35.3631443,149.1650197,15.00
189.91,32,follower,-35.3631444,149.1650203,15.00
190.40,32,follower,-35.3631444,149.1650207,15.00
190.91,32,follower,-35.3631444,149.1650210,15.00
191.40,32,follower,-35.3631444,149.1650212,15.00
93.38,33,follower,-35.3632264,149.1654754,2.23
93.89,33,follower,-35.3632263,149.1654754,3.39
94.39,33,follower,-35.3632263,149.1654754,4.67
94.89,33,follower,-35.3632263,149.1654754,5.95
95.39,33,follower,-35.3632263,149.1654754,7.19
95.89,33,follower,-35.3632263,149.1654754,8.42
96.39,33,follower,-35.3632263,149.1654754,9.66
96.89,33,follower,-35.3632263,149.1654754,10.90
97.39,33,follower,-35.3632263,149.1654754,12.13
97.89,33,follower,-35.3632263,149.1654754,13.22
98.39,33,follower,-35.3632264,149.1654754,14.07
98.89,33,follower,-35.3632264,149.1654754,14.65
99.39,33,follower,-35.3632264,149.1654754,14.98
99.89,33,follower,-35.3632264,149.1654754,15.05
100.39,33,follower,-35.3632265,149.1654754,14.98
100.89,33,follower,-35.3632265,149.1654754,14.96
101.39,33,follower,-35.3632265,149.1654754,14.96
101.89,33,follower,-35.3632264,149.1654754,14.97
102.39,33,follower,-35.3632264,149.1654754,14.97
102.89,33,follower,-35.3632264,149.1654754,14.98
103.39,33,follower,-35.3632264,149.1654753,14.98
103.89,33,follower,-35.3632264,149.1654753,14.98
104.39,33,follower,-35.3632264,149.1654752,14.99
104.89,33,follower,-35.3632264,149.1654752,14.99
105.39,33,follower,-35.3632264,149.1654752,14.99
105.89,33,follower,-35.3632264,149.1654753,14.99
106.39,33,follower,-35.3632264,149.1654753,14.99
106.89,33,follower,-35.3632264,149.1654753,14.99
107.39,33,follower,-35.3632264,149.1654754,14.99
107.89,33,follower,-35.3632264,149.1654753,15.00
108.39,33,follower,-35.3632264,149.1654753,15.00
108.89,33,follower,-35.3632264,149.1654753,15.00
109.39,33,follower,-35.3632264,149.1654753,15.00
109.89,33,follower,-35.3632264,149.1654753,15.00
110.39,33,follower,-35.3632264,149.1654753,15.00
110.89,33,follower,-35.3632264,149.1654754,15.00
111.39,33,follower,-35.3632264,149.1654754,15.00
111.89,33,follower,-35.3632264,149.1654754,15.00
112.39,33,follower,-35.3632264,149.1654754,15.00
112.89,33,follower,-35.3632264,149.1654754,15.00
113.39,33,follower,-35.3632264,149.1654754,15.00
113.89,33,follower,-35.3632264,149.1654754,15.00
114.39,33,follower,-35.3632264,149.1654754,15.00
114.89,33,follower,-35.3632264,149.1654754,15.00
115.39,33,follower,-35.3632264,149.1654754,15.00
115.89,33,follower,-35.3632264,149.1654754,15.00
116.39,33,follower,-35.3632264,149.1654754,15.00
116.89,33,follower,-35.3632264,149.1654754,15.00
117.39,33,follower,-35.3632264,149.1654754,15.00
117.89,33,follower,-35.3632264,149.1654754,15.00
118.39,33,follower,-35.3632264,149.1654754,15.00
118.89,33,follower,-35.3632264,149.1654754,15.00
119.39,33,follower,-35.3632264,149.1654754,15.00
119.89,33,follower,-35.3632264,149.1654754,15.00
120.39,33,follower,-35.3632264,149.1654754,15.00
120.89,33,follower,-35.3632264,149.1654754,15.00
121.39,33,follower,-35.3632264,149.1654754,15.00
121.89,33,follower,-35.3632264,149.1654754,15.00
122.40,33,follower,-35.3632264,149.1654754,15.00
122.89,33,follower,-35.3632264,149.1654754,15.00
123.40,33,follower,-35.3632264,149.1654754,15.00
123.89,33,follower,-35.3632264,149.1654754,15.00
124.39,33,follower,-35.3632264,149.1654754,15.00
124.90,33,follower,-35.3632263,149.1654754,15.00
125.39,33,follower,-35.3632240,149.1654753,15.00
125.89,33,follower,-35.3632158,149.1654750,15.00
126.39,33,follower,-35.3632039,149.1654748,15.00
126.89,33,follower,-35.3631934,149.1654749,15.00
127.40,33,follower,-35.3631842,149.1654750,15.00
127.89,33,follower,-35.3631751,149.1654752,15.00
128.40,33,follower,-35.3631658,149.1654753,15.00
128.90,33,follower,-35.3631565,149.1654753,15.00
129.39,33,follower,-35.3631472,149.1654753,15.00
129.89,33,follower,-35.3631379,149.1654753,15.00
130.39,33,follower,-35.3631288,149.1654753,15.00
130.89,33,follower,-35.3631198,149.1654752,15.00
131.39,33,follower,-35.3631109,149.1654752,15.00
131.90,33,follower,-35.3631020,149.1654752,15.00
132.39,33,follower,-35.3630929,149.1654752,15.00
132.89,33,follower,-35.3630829,149.1654752,15.00
133.40,33,follower,-35.3630738,149.1654751,15.00
133.90,33,follower,-35.3630643,149.1654751,15.00
134.40,33,follower,-35.3630558,149.1654751,15.00
134.89,33,follower,-35.3630463,149.1654751,15.00
135.39,33,follower,-35.3630374,149.1654751,15.00
135.89,33,follower,-35.3630281,149.1654751,15.00
136.39,33,follower,-35.3630189,149.1654751,15.00
136.90,33,follower,-35.3630098,149.1654751,15.00
137.39,33,follower,-35.3630008,149.1654751,15.00
137.89,33,follower,-35.3629918,149.1654751,15.00
138.40,33,follower,-35.3629829,149.1654751,15.00
138.90,33,follower,-35.3629740,149.1654751,15.00
139.39,33,follower,-35.3629651,149.1654751,15.00
139.90,33,follower,-35.3629564,149.1654751,15.00
140.39,33,follower,-35.3629491,149.1654751,15.00
140.90,33,follower,-35.3629473,149.1654752,15.00
141.40,33,follower,-35.3629506,149.1654762,15.00
141.89,33,follower,-35.3629543,149.1654814,15.00
142.40,33,follower,-35.3629548,149.1654925,15.00
142.90,33,follower,-35.3629545,149.1655103,15.01
143.40,33,follower,-35.3629544,149.1655305,15.01
143.90,33,follower,-35.3629545,149.1655462,15.00
144.40,33,follower,-35.3629551,149.1655579,15.00
144.90,33,follower,-35.3629558,149.1655692,15.00
145.40,33,follower,-35.3629563,149.1655808,15.00
145.90,33,follower,-35.3629566,149.1655922,15.00
146.40,33,follower,-35.3629566,149.1656037,15.00
146.90,33,follower,-35.3629566,149.1656149,15.00
147.40,33,follower,-35.3629566,149.1656266,15.00
147.90,33,follower,-35.3629566,149.1656390,15.00
148.40,33,follower,-35.3629565,149.1656497,15.00
148.90,33,follower,-35.3629565,149.1656614,15.00
149.40,33,follower,-35.3629565,149.1656724,15.00
149.90,33,follower,-35.3629565,149.1656835,15.00
150.40,33,follower,-35.3629565,149.1656938,15.00
150.90,33,follower,-35.3629565,149.1657053,15.00
151.40,33,follower,-35.3629565,149.1657162,15.00
151.90,33,follower,-35.3629565,149.1657275,15.00
152.40,33,follower,-35.3629565,149.1657389,15.00
152.90,33,follower,-35.3629565,149.1657501,15.00
153.40,33,follower,-35.3629565,149.1657612,15.00
153.90,33,follower,-35.3629565,149.1657722,15.00
154.40,33,follower,-35.3629565,149.1657831,15.00
154.90,33,follower,-35.3629566,149.1657940,15.00
155.40,33,follower,-35.3629565,149.1658038,15.00
155.90,33,follower,-35.3629566,149.1658079,15.00
156.40,33,follower,-35.3629570,149.1658049,15.00
156.90,33,follower,-35.3629605,149.1657998,15.00
157.40,33,follower,-35.3629684,149.1657986,15.00
157.90,33,follower,-35.3629816,149.1657989,15.01
158.40,33,follower,-35.3629980,149.1657991,15.01
158.90,33,follower,-35.3630119,149.1657989,15.00
159.40,33,follower,-35.3630218,149.1657981,15.00
159.90,33,follower,-35.3630311,149.1657972,15.00
160.40,33,follower,-35.3630405,149.1657965,15.00
160.90,33,follower,-35.3630499,149.1657962,15.00
161.40,33,follower,-35.3630593,149.1657961,15.00
161.90,33,follower,-35.3630684,149.1657961,15.00
162.40,33,follower,-35.3630774,149.1657961,15.00
162.90,33,follower,-35.3630863,149.1657961,15.00
163.40,33,follower,-35.3630953,149.1657961,15.00
163.90,33,follower,-35.3631053,149.1657961,15.00
164.40,33,follower,-35.3631145,149.1657962,15.00
164.90,33,follower,-35.3631241,149.1657962,15.00
165.40,33,follower,-35.3631327,149.1657963,15.00
165.90,33,follower,-35.3631422,149.1657963,15.00
166.40,33,follower,-35.3631508,149.1657963,15.00
166.90,33,follower,-35.3631602,149.1657963,15.00
167.40,33,follower,-35.3631691,149.1657963,15.00
167.90,33,follower,-35.3631784,149.1657963,15.00
168.40,33,follower,-35.3631870,149.1657963,15.00
168.90,33,follower,-35.3631961,149.1657963,15.00
169.40,33,follower,-35.3632053,149.1657963,15.00
169.90,33,follower,-35.3632144,149.1657962,15.00
170.40,33,follower,-35.3632229,149.1657962,15.00
170.90,33,follower,-35.3632277,149.1657962,15.00
171.40,33,follower,-35.3632265,149.1657959,15.00
171.90,33,follower,-35.3632221,149.1657928,15.00
172.40,33,follower,-35.3632203,149.1657846,15.00
172.90,33,follower,-35.3632205,149.1657702,15.00
173.40,33,follower,-35.3632207,149.1657503,15.01
173.91,33,follower,-35.3632206,149.1657316,15.01
174.40,33,follower,-35.3632201,149.1657185,15.00
174.90,33,follower,-35.3632194,149.1657071,15.00
175.41,33,follower,-35.3632188,149.1656955,15.00
175.90,33,follower,-35.3632183,149.1656838,15.00
176.40,33,follower,-35.3632182,149.1656724,15.00
176.90,33,follower,-35.3632181,149.1656612,15.00
177.41,33,follower,-35.3632181,149.1656502,15.00
177.90,33,follower,-35.3632181,149.1656393,15.00
178.40,33,follower,-35.3632182,149.1656284,15.00
178.90,33,follower,-35.3632182,149.1656175,15.00
179.40,33,follower,-35.3632182,149.1656066,15.00
179.90,33,follower,-35.3632182,149.1655957,15.00
180.41,33,follower,-35.3632182,149.1655840,15.00
180.91,33,follower,-35.3632182,149.1655716,15.00
181.40,33,follower,-35.3632183,149.1655609,15.00
181.90,33,follower,-35.3632183,149.1655491,15.00
182.40,33,follower,-35.3632183,149.1655382,15.00
182.91,33,follower,-35.3632183,149.1655270,15.00
183.40,33,follower,-35.3632183,149.1655167,15.00
183.91,33,follower,-35.3632183,149.1655054,15.00
184.41,33,follower,-35.3632183,149.1654949,15.00
184.90,33,follower,-35.3632183,149.1654833,15.00
185.41,33,follower,-35.3632183,149.1654726,15.00
185.90,33,follower,-35.3632182,149.1654649,15.00
186.41,33,follower,-35.3632181,149.1654642,15.00
186.90,33,follower,-35.3632180,149.1654683,15.00
187.40,33,follower,-35.3632179,149.1654705,15.00
187.91,33,follower,-35.3632179,149.1654709,15.00
188.40,33,follower,-35.3632179,149.1654710,15.00
188.91,33,follower,-35.3632180,149.1654712,15.00
189.41,33,follower,-35.3632181,149.1654717,15.00
189.90,33,follower,-35.3632182,149.1654722,15.00
190.41,33,follower,-35.3632182,149.1654726,15.00
190.90,33,follower,-35.3632182,149.1654729,15.00
191.41,33,follower,-35.3632182,149.1654731,15.00
93.39,34,follower,-35.3634240,149.1650749,2.23
93.89,34,follower,-35.3634239,149.1650749,3.39
94.39,34,follower,-35.3634239,149.1650748,4.67
94.89,34,follower,-35.3634239,149.1650748,5.95
95.39,34,follower,-35.3634239,149.1650748,7.19
95.89,34,follower,-35.3634239,149.1650748,8.42
96.39,34,follower,-35.3634239,149.1650748,9.66
96.89,34,follower,-35.3634239,149.1650748,10.90
97.39,34,follower,-35.3634239,149.1650749,12.13
97.88,34,follower,-35.3634239,149.1650749,13.22
98.39,34,follower,-35.3634239,149.1650749,14.08
98.89,34,follower,-35.3634239,149.1650749,14.68
99.39,34,follower,-35.3634240,149.1650749,15.03
99.89,34,follower,-35.3634239,149.1650749,15.12
100.39,34,follower,-35.3634239,149.1650749,15.01
100.89,34,follower,-35.3634240,149.1650749,14.95
101.38,34,follower,-35.3634239,149.1650749,14.95
101.89,34,follower,-35.3634239,149.1650749,14.96
102.38,34,follower,-35.3634239,149.1650748,14.97
102.89,34,follower,-35.3634239,149.1650748,14.98
103.39,34,follower,-35.3634239,149.1650748,14.98
103.89,34,follower,-35.3634239,149.1650748,14.98
104.39,34,follower,-35.3634239,149.1650748,14.99
104.89,34,follower,-35.3634239,149.1650748,14.99
105.39,34,follower,-35.3634239,149.1650748,14.99
105.89,34,follower,-35.3634239,149.1650748,14.99
106.39,34,follower,-35.3634239,149.1650748,14.99
106.89,34,follower,-35.3634239,149.1650748,14.99
107.39,34,follower,-35.3634239,149.1650748,15.00
107.89,34,follower,-35.3634239,149.1650748,15.00
108.39,34,follower,-35.3634239,149.1650748,15.00
108.89,34,follower,-35.3634239,149.1650748,15.00
109.39,34,follower,-35.3634239,149.1650748,15.00
109.89,34,follower,-35.3634239,149.1650748,15.00
110.39,34,follower,-35.3634239,149.1650748,15.00
110.89,34,follower,-35.3634239,149.1650749,15.00
111.39,34,follower,-35.3634239,149.1650749,15.00
111.89,34,follower,-35.3634239,149.1650749,15.00
112.39,34,follower,-35.3634239,149.1650749,15.00
112.89,34,follower,-35.3634239,149.1650749,15.00
113.39,34,follower,-35.3634239,149.1650749,15.00
113.89,34,follower,-35.3634239,149.1650749,15.00
114.39,34,follower,-35.3634239,149.1650749,15.00
114.89,34,follower,-35.3634239,149.1650749,15.00
115.39,34,follower,-35.3634239,149.1650749,15.00
115.89,34,follower,-35.3634239,149.1650749,15.00
116.39,34,follower,-35.3634239,149.1650749,15.00
116.89,34,follower,-35.3634239,149.1650749,15.00
117.39,34,follower,-35.3634239,149.1650749,15.00
117.89,34,follower,-35.3634239,149.1650749,15.00
118.39,34,follower,-35.3634239,149.1650749,15.00
118.89,34,follower,-35.3634239,149.1650749,15.00
119.39,34,follower,-35.3634239,149.1650749,15.00
119.89,34,follower,-35.3634239,149.1650749,15.00
120.39,34,follower,-35.3634239,149.1650749,15.00
120.89,34,follower,-35.3634239,149.1650749,15.00
121.39,34,follower,-35.3634239,149.1650749,15.00
121.89,34,follower,-35.3634239,149.1650749,15.00
122.39,34,follower,-35.3634239,149.1650749,15.00
122.89,34,follower,-35.3634239,149.1650749,15.00
123.39,34,follower,-35.3634239,149.1650749,15.00
123.89,34,follower,-35.3634239,149.1650749,15.00
124.39,34,follower,-35.3634239,149.1650749,15.00
124.90,34,follower,-35.3634238,149.1650749,15.00
125.39,34,follower,-35.3634211,149.1650747,15.00
125.89,34,follower,-35.3634124,149.1650744,15.00
126.39,34,follower,-35.3634003,149.1650743,15.00
126.89,34,follower,-35.3633899,149.1650743,15.00
127.39,34,follower,-35.3633807,149.1650745,15.00
127.89,34,follower,-35.3633716,149.1650747,15.00
128.39,34,follower,-35.3633623,149.1650748,15.00
128.89,34,follower,-35.3633530,149.1650748,15.00
129.39,34,follower,-35.3633437,149.1650747,15.00
129.89,34,follower,-35.3633345,149.1650747,15.00
130.39,34,follower,-35.3633253,149.1650747,15.00
130.90,34,follower,-35.3633163,149.1650747,15.00
131.39,34,follower,-35.3633074,149.1650747,15.00
131.90,34,follower,-35.3632985,149.1650747,15.00
132.39,34,follower,-35.3632896,149.1650747,15.00
132.89,34,follower,-35.3632807,149.1650747,15.00
133.39,34,follower,-35.3632719,149.1650747,15.00
133.89,34,follower,-35.3632629,149.1650747,15.00
134.39,34,follower,-35.3632540,149.1650747,15.00
134.89,34,follower,-35.3632451,149.1650747,15.00
135.39,34,follower,-35.3632361,149.1650747,15.00
135.90,34,follower,-35.3632272,149.1650746,15.00
136.39,34,follower,-35.3632183,149.1650746,15.00
136.89,34,follower,-35.3632094,149.1650746,15.00
137.39,34,follower,-35.3632005,149.1650746,15.00
137.89,34,follower,-35.3631916,149.1650746,15.00
138.40,34,follower,-35.3631826,149.1650746,15.00
138.90,34,follower,-35.3631730,149.1650746,15.00
139.39,34,follower,-35.3631634,149.1650746,15.00
139.90,34,follower,-35.3631538,149.1650746,15.00
140.39,34,follower,-35.3631469,149.1650746,15.00
140.90,34,follower,-35.3631454,149.1650747,15.00
141.39,34,follower,-35.3631489,149.1650758,15.00
141.89,34,follower,-35.3631525,149.1650813,15.00
142.39,34,follower,-35.3631527,149.1650924,15.00
142.90,34,follower,-35.3631522,149.1651102,15.01
143.40,34,follower,-35.3631519,149.1651302,15.01
143.90,34,follower,-35.3631521,149.1651460,15.00
144.40,34,follower,-35.3631527,149.1651586,15.00
144.90,34,follower,-35.3631533,149.1651706,15.00
145.39,34,follower,-35.3631538,149.1651823,15.00
145.90,34,follower,-35.3631540,149.1651940,15.00
146.40,34,follower,-35.3631541,149.1652055,15.00
146.90,34,follower,-35.3631541,149.1652167,15.00
147.40,34,follower,-35.3631541,149.1652278,15.00
147.90,34,follower,-35.3631541,149.1652387,15.00
148.40,34,follower,-35.3631541,149.1652496,15.00
148.90,34,follower,-35.3631541,149.1652605,15.00
149.40,34,follower,-35.3631541,149.1652714,15.00
149.90,34,follower,-35.3631541,149.1652823,15.00
150.40,34,follower,-35.3631541,149.1652933,15.00
150.90,34,follower,-35.3631541,149.1653042,15.00
151.40,34,follower,-35.3631540,149.1653151,15.00
151.90,34,follower,-35.3631540,149.1653260,15.00
152.40,34,follower,-35.3631540,149.1653369,15.00
152.90,34,follower,-35.3631540,149.1653478,15.00
153.40,34,follower,-35.3631540,149.1653587,15.00
153.90,34,follower,-35.3631540,149.1653696,15.00
154.40,34,follower,-35.3631540,149.1653804,15.00
154.89,34,follower,-35.3631540,149.1653913,15.00
155.40,34,follower,-35.3631540,149.1654011,15.00
155.90,34,follower,-35.3631543,149.1654048,15.00
156.40,34,follower,-35.3631573,149.1654023,15.00
156.90,34,follower,-35.3631650,149.1653988,15.01
157.40,34,follower,-35.3631780,149.1653979,15.01
157.90,34,follower,-35.3631925,149.1653980,15.01
158.40,34,follower,-35.3632032,149.1653982,15.00
158.90,34,follower,-35.3632122,149.1653976,15.00
159.40,34,follower,-35.3632213,149.1653969,15.00
159.90,34,follower,-35.3632307,149.1653964,15.00
160.40,34,follower,-35.3632400,149.1653960,15.00
160.90,34,follower,-35.3632494,149.1653958,15.00
161.40,34,follower,-35.3632586,149.1653958,15.00
161.90,34,follower,-35.3632677,149.1653958,15.00
162.40,34,follower,-35.3632766,149.1653958,15.00
162.90,34,follower,-35.3632855,149.1653958,15.00
163.40,34,follower,-35.3632944,149.1653958,15.00
163.90,34,follower,-35.3633033,149.1653958,15.00
164.40,34,follower,-35.3633122,149.1653958,15.00
164.90,34,follower,-35.3633212,149.1653958,15.00
165.40,34,follower,-35.3633302,149.1653957,15.00
165.90,34,follower,-35.3633391,149.1653957,15.00
166.40,34,follower,-35.3633481,149.1653957,15.00
166.90,34,follower,-35.3633570,149.1653958,15.00
167.40,34,follower,-35.3633659,149.1653958,15.00
167.90,34,follower,-35.3633748,149.1653958,15.00
168.40,34,follower,-35.3633836,149.1653958,15.00
168.90,34,follower,-35.3633924,149.1653957,15.00
169.40,34,follower,-35.3634012,149.1653957,15.00
169.90,34,follower,-35.3634101,149.1653957,15.00
170.40,34,follower,-35.3634187,149.1653957,15.00
170.90,34,follower,-35.3634247,149.1653957,15.00
171.40,34,follower,-35.3634247,149.1653955,15.00
171.90,34,follower,-35.3634208,149.1653929,15.00
172.40,34,follower,-35.3634186,149.1653854,15.00
172.90,34,follower,-35.3634185,149.1653714,15.00
173.40,34,follower,-35.3634185,149.1653515,15.01
173.90,34,follower,-35.3634181,149.1653317,15.01
174.40,34,follower,-35.3634175,149.1653177,15.00
174.90,34,follower,-35.3634168,149.1653062,15.00
175.40,34,follower,-35.3634162,149.1652955,15.00
175.90,34,follower,-35.3634158,149.1652831,15.00
176.40,34,follower,-35.3634156,149.1652708,15.00
176.90,34,follower,-35.3634156,149.1652592,15.00
177.40,34,follower,-35.3634156,149.1652488,15.00
177.90,34,follower,-35.3634156,149.1652376,15.00
178.40,34,follower,-35.3634157,149.1652263,15.00
178.90,34,follower,-35.3634157,149.1652152,15.00
179.40,34,follower,-35.3634157,149.1652043,15.00
179.90,34,follower,-35.3634157,149.1651933,15.00
180.40,34,follower,-35.3634158,149.1651823,15.00
180.91,34,follower,-35.3634158,149.1651713,15.00
181.40,34,follower,-35.3634158,149.1651604,15.00
181.90,34,follower,-35.3634158,149.1651495,15.00
182.41,34,follower,-35.3634158,149.1651385,15.00
182.90,34,follower,-35.3634158,149.1651277,15.00
183.40,34,follower,-35.3634158,149.1651169,15.00
183.91,34,follower,-35.3634158,149.1651060,15.00
184.40,34,follower,-35.3634157,149.1650952,15.00
184.91,34,follower,-35.3634157,149.1650843,15.00
185.41,34,follower,-35.3634157,149.1650738,15.00
185.91,34,follower,-35.3634157,149.1650654,15.00
186.41,34,follower,-35.3634157,149.1650638,15.00
186.91,34,follower,-35.3634155,149.1650674,15.00
187.40,34,follower,-35.3634154,149.1650697,15.00
187.90,34,follower,-35.3634154,149.1650703,15.00
188.40,34,follower,-35.3634154,149.1650704,15.00
188.91,34,follower,-35.3634155,149.1650707,15.00
189.41,34,follower,-35.3634156,149.1650712,15.00
189.90,34,follower,-35.3634157,149.1650717,15.00
190.40,34,follower,-35.3634157,149.1650721,15.00
190.91,34,follower,-35.3634157,149.1650724,15.00
191.40,34,follower,-35.3634158,149.1650726,15.00
93.39,35,follower,-35.3630520,149.1652086,2.23
93.89,35,follower,-35.3630520,149.1652086,3.39
94.39,35,follower,-35.3630520,149.1652086,4.67
94.88,35,follower,-35.3630520,149.1652086,5.95
95.39,35,follower,-35.3630520,149.1652086,7.19
95.88,35,follower,-35.3630520,149.1652086,8.42
96.39,35,follower,-35.3630520,149.1652086,9.66
96.88,35,follower,-35.3630520,149.1652086,10.90
97.39,35,follower,-35.3630520,149.1652086,12.13
97.89,35,follower,-35.3630520,149.1652086,13.22
98.38,35,follower,-35.3630520,149.1652086,14.08
98.89,35,follower,-35.3630521,149.1652086,14.67
99.39,35,follower,-35.3630521,149.1652086,15.01
99.89,35,follower,-35.3630521,149.1652086,15.10
100.39,35,follower,-35.3630521,149.1652086,14.99
100.89,35,follower,-35.3630521,149.1652086,14.95
101.39,35,follower,-35.3630521,149.1652086,14.96
101.89,35,follower,-35.3630521,149.1652086,14.96
102.39,35,follower,-35.3630521,149.1652086,14.97
102.89,35,follower,-35.3630520,149.1652086,14.98
103.39,35,follower,-35.3630520,149.1652085,14.98
103.89,35,follower,-35.3630520,149.1652085,14.98
104.39,35,follower,-35.3630520,149.1652085,14.99
104.89,35,follower,-35.3630520,149.1652085,14.99
105.39,35,follower,-35.3630520,149.1652085,14.99
105.89,35,follower,-35.3630520,149.1652085,14.99
106.39,35,follower,-35.3630520,149.1652085,14.99
106.89,35,follower,-35.3630520,149.1652085,14.99
107.39,35,follower,-35.3630520,149.1652085,14.99
107.89,35,follower,-35.3630520,149.1652085,15.00
108.39,35,follower,-35.3630520,149.1652086,15.00
108.89,35,follower,-35.3630520,149.1652086,15.00
109.39,35,follower,-35.3630520,149.1652086,15.00
109.89,35,follower,-35.3630520,149.1652086,15.00
110.39,35,follower,-35.3630521,149.1652086,15.00
110.89,35,follower,-35.3630521,149.1652086,15.00
111.39,35,follower,-35.3630521,149.1652086,15.00
111.89,35,follower,-35.3630521,149.1652086,15.00
112.39,35,follower,-35.3630521,149.1652086,15.00
112.89,35,follower,-35.3630521,149.1652086,15.00
113.39,35,follower,-35.3630521,149.1652086,15.00
113.89,35,follower,-35.3630521,149.1652086,15.00
114.39,35,follower,-35.3630521,149.1652086,15.00
114.89,35,follower,-35.3630521,149.1652086,15.00
115.39,35,follower,-35.3630521,149.1652086,15.00
115.89,35,follower,-35.3630521,149.1652086,15.00
116.39,35,follower,-35.3630521,149.1652086,15.00
116.89,35,follower,-35.3630521,149.1652086,15.00
117.39,35,follower,-35.3630521,149.1652086,15.00
117.89,35,follower,-35.3630521,149.1652086,15.00
118.39,35,follower,-35.3630521,149.1652086,15.00
118.89,35,follower,-35.3630521,149.1652086,15.00
119.39,35,follower,-35.3630521,149.1652086,15.00
119.89,35,follower,-35.3630521,149.1652086,15.00
120.39,35,follower,-35.3630521,149.1652086,15.00
120.89,35,follower,-35.3630521,149.1652086,15.00
121.39,35,follower,-35.3630521,149.1652086,15.00
121.89,35,follower,-35.3630521,149.1652086,15.00
122.39,35,follower,-35.3630521,149.1652086,15.00
122.89,35,follower,-35.3630521,149.1652086,15.00
123.39,35,follower,-35.3630521,149.1652086,15.00
123.89,35,follower,-35.3630521,149.1652086,15.00
124.39,35,follower,-35.3630521,149.1652086,15.00
124.89,35,follower,-35.3630519,149.1652086,15.00
125.39,35,follower,-35.3630502,149.1652084,15.00
125.89,35,follower,-35.3630434,149.1652083,15.00
126.39,35,follower,-35.3630313,149.1652080,15.00
126.89,35,follower,-35.3630186,149.1652081,15.00
127.39,35,follower,-35.3630087,149.1652082,15.00
127.89,35,follower,-35.3629994,149.1652083,15.00
128.39,35,follower,-35.3629899,149.1652085,15.00
128.89,35,follower,-35.3629805,149.1652085,15.00
129.39,35,follower,-35.3629711,149.1652085,15.00
129.89,35,follower,-35.3629618,149.1652085,15.00
130.39,35,follower,-35.3629527,149.1652085,15.00
130.90,35,follower,-35.3629437,149.1652084,15.00
131.40,35,follower,-35.3629349,149.1652084,15.00
131.90,35,follower,-35.3629260,149.1652084,15.00
132.40,35,follower,-35.3629171,149.1652084,15.00
132.90,35,follower,-35.3629083,149.1652084,15.00
133.39,35,follower,-35.3628994,149.1652084,15.00
133.89,35,follower,-35.3628906,149.1652084,15.00
134.39,35,follower,-35.3628817,149.1652084,15.00
134.89,35,follower,-35.3628729,149.1652084,15.00
135.40,35,follower,-35.3628640,149.1652084,15.00
135.90,35,follower,-35.3628552,149.1652084,15.00
136.40,35,follower,-35.3628463,149.1652084,15.00
136.90,35,follower,-35.3628375,149.1652084,15.00
137.40,35,follower,-35.3628286,149.1652083,15.00
137.90,35,follower,-35.3628190,149.1652083,15.00
138.40,35,follower,-35.3628098,149.1652083,15.00
138.90,35,follower,-35.3628013,149.1652083,15.00
139.39,35,follower,-35.3627921,149.1652083,15.00
139.90,35,follower,-35.3627822,149.1652083,15.00
140.40,35,follower,-35.3627749,149.1652083,15.00
140.90,35,follower,-35.3627733,149.1652083,15.00
141.40,35,follower,-35.3627767,149.1652094,15.00
141.89,35,follower,-35.3627804,149.1652147,15.00
142.40,35,follower,-35.3627807,149.1652257,15.00
142.90,35,follower,-35.3627803,149.1652435,15.01
143.40,35,follower,-35.3627801,149.1652636,15.01
143.90,35,follower,-35.3627802,149.1652794,15.00
144.40,35,follower,-35.3627808,149.1652921,15.00
144.90,35,follower,-35.3627814,149.1653039,15.00
145.40,35,follower,-35.3627819,149.1653157,15.00
145.90,35,follower,-35.3627822,149.1653273,15.00
146.40,35,follower,-35.3627822,149.1653388,15.00
146.90,35,follower,-35.3627822,149.1653500,15.00
147.40,35,follower,-35.3627822,149.1653610,15.00
147.90,35,follower,-35.3627822,149.1653719,15.00
148.40,35,follower,-35.3627822,149.1653828,15.00
148.90,35,follower,-35.3627822,149.1653936,15.00
149.40,35,follower,-35.3627821,149.1654044,15.00
149.90,35,follower,-35.3627821,149.1654153,15.00
150.40,35,follower,-35.3627821,149.1654263,15.00
150.90,35,follower,-35.3627821,149.1654372,15.00
151.40,35,follower,-35.3627821,149.1654482,15.00
151.90,35,follower,-35.3627821,149.1654591,15.00
152.40,35,follower,-35.3627821,149.1654700,15.00
152.89,35,follower,-35.3627821,149.1654809,15.00
153.40,35,follower,-35.3627821,149.1654918,15.00
153.90,35,follower,-35.3627821,149.1655035,15.00
154.40,35,follower,-35.3627821,149.1655151,15.00
154.90,35,follower,-35.3627821,149.1655270,15.00
155.40,35,follower,-35.3627822,149.1655361,15.00
155.90,35,follower,-35.3627825,149.1655398,15.00
156.40,35,follower,-35.3627833,149.1655368,15.00
156.90,35,follower,-35.3627872,149.1655325,15.00
157.40,35,follower,-35.3627958,149.1655319,15.00
157.90,35,follower,-35.3628098,149.1655322,15.01
158.40,35,follower,-35.3628260,149.1655323,15.01
158.90,35,follower,-35.3628389,149.1655320,15.00
159.40,35,follower,-35.3628485,149.1655312,15.00
159.90,35,follower,-35.3628578,149.1655304,15.00
160.40,35,follower,-35.3628673,149.1655297,15.00
160.90,35,follower,-35.3628768,149.1655294,15.00
161.40,35,follower,-35.3628861,149.1655293,15.00
161.90,35,follower,-35.3628953,149.1655293,15.00
162.40,35,follower,-35.3629043,149.1655293,15.00
162.90,35,follower,-35.3629132,149.1655293,15.00
163.40,35,follower,-35.3629221,149.1655293,15.00
163.90,35,follower,-35.3629310,149.1655293,15.00
164.40,35,follower,-35.3629400,149.1655294,15.00
164.90,35,follower,-35.3629489,149.1655294,15.00
165.40,35,follower,-35.3629578,149.1655294,15.00
165.90,35,follower,-35.3629668,149.1655294,15.00
166.40,35,follower,-35.3629758,149.1655294,15.00
166.90,35,follower,-35.3629846,149.1655294,15.00
167.40,35,follower,-35.3629935,149.1655294,15.00
167.90,35,follower,-35.3630023,149.1655294,15.00
168.40,35,follower,-35.3630112,149.1655295,15.00
168.90,35,follower,-35.3630200,149.1655295,15.00
169.40,35,follower,-35.3630290,149.1655295,15.00
169.90,35,follower,-35.3630390,149.1655295,15.00
170.40,35,follower,-35.3630477,149.1655294,15.00
170.90,35,follower,-35.3630527,149.1655293,15.00
171.40,35,follower,-35.3630518,149.1655290,15.00
171.90,35,follower,-35.3630478,149.1655257,15.00
172.40,35,follower,-35.3630464,149.1655172,15.00
172.90,35,follower,-35.3630465,149.1655022,15.01
173.40,35,follower,-35.3630465,149.1654827,15.01
173.90,35,follower,-35.3630461,149.1654651,15.00
174.40,35,follower,-35.3630455,149.1654529,15.00
174.90,35,follower,-35.3630447,149.1654416,15.00
175.40,35,follower,-35.3630442,149.1654299,15.00
175.90,35,follower,-35.3630440,149.1654171,15.00
176.40,35,follower,-35.3630438,149.1654047,15.00
176.91,35,follower,-35.3630438,149.1653932,15.00
177.40,35,follower,-35.3630438,149.1653830,15.00
177.90,35,follower,-35.3630438,149.1653716,15.00
178.40,35,follower,-35.3630438,149.1653601,15.00
178.90,35,follower,-35.3630438,149.1653489,15.00
179.40,35,follower,-35.3630438,149.1653379,15.00
179.90,35,follower,-35.3630438,149.1653269,15.00
180.40,35,follower,-35.3630438,149.1653159,15.00
180.90,35,follower,-35.3630438,149.1653049,15.00
181.41,35,follower,-35.3630438,149.1652939,15.00
181.90,35,follower,-35.3630438,149.1652829,15.00
182.40,35,follower,-35.3630438,149.1652718,15.00
182.90,35,follower,-35.3630438,149.1652609,15.00
183.40,35,follower,-35.3630438,149.1652500,15.00
183.91,35,follower,-35.3630438,149.1652391,15.00
184.40,35,follower,-35.3630438,149.1652282,15.00
184.90,35,follower,-35.3630438,149.1652172,15.00
185.40,35,follower,-35.3630438,149.1652065,15.00
185.90,35,follower,-35.3630438,149.1651983,15.00
186.40,35,follower,-35.3630438,149.1651971,15.00
186.91,35,follower,-35.3630437,149.1652010,15.00
187.41,35,follower,-35.3630436,149.1652034,15.00
187.91,35,follower,-35.3630436,149.1652039,15.00
188.40,35,follower,-35.3630436,149.1652041,15.00
188.90,35,follower,-35.3630437,149.1652044,15.00
189.40,35,follower,-35.3630437,149.1652048,15.00
189.90,35,follower,-35.3630438,149.1652053,15.00
190.40,35,follower,-35.3630438,149.1652058,15.00
190.90,35,follower,-35.3630438,149.1652061,15.00
191.40,35,follower,-35.3630438,149.1652062,15.00
93.39,36,follower,-35.3634052,149.1654212,2.23
93.89,36,follower,-35.3634051,149.1654212,3.39
94.39,36,follower,-35.3634051,149.1654212,4.67
94.89,36,follower,-35.3634051,149.1654212,5.95
95.39,36,follower,-35.3634051,149.1654212,7.19
95.89,36,follower,-35.3634051,149.1654212,8.42
96.39,36,follower,-35.3634051,149.1654212,9.66
96.89,36,follower,-35.3634051,149.1654212,10.90
97.39,36,follower,-35.3634051,149.1654212,12.13
97.89,36,follower,-35.3634051,149.1654212,13.22
98.38,36,follower,-35.3634051,149.1654212,14.08
98.89,36,follower,-35.3634052,149.1654212,14.69
99.39,36,follower,-35.3634052,149.1654212,15.03
99.89,36,follower,-35.3634052,149.1654212,15.12
100.39,36,follower,-35.3634052,149.1654212,15.01
100.89,36,follower,-35.3634052,149.1654212,14.95
101.39,36,follower,-35.3634051,149.1654212,14.95
101.89,36,follower,-35.3634051,149.1654212,14.96
102.39,36,follower,-35.3634051,149.1654211,14.97
102.89,36,follower,-35.3634051,149.1654210,14.98
103.39,36,follower,-35.3634051,149.1654210,14.98
103.89,36,follower,-35.3634051,149.1654210,14.98
104.39,36,follower,-35.3634051,149.1654210,14.99
104.89,36,follower,-35.3634051,149.1654210,14.99
105.39,36,follower,-35.3634051,149.1654210,14.99
105.89,36,follower,-35.3634051,149.1654210,14.99
106.39,36,follower,-35.3634051,149.1654210,14.99
106.89,36,follower,-35.3634051,149.1654210,14.99
107.39,36,follower,-35.3634051,149.1654210,15.00
107.89,36,follower,-35.3634051,149.1654210,15.00
108.39,36,follower,-35.3634051,149.1654211,15.00
108.89,36,follower,-35.3634051,149.1654211,15.00
109.39,36,follower,-35.3634051,149.1654211,15.00
109.89,36,follower,-35.3634051,149.1654211,15.00
110.39,36,follower,-35.3634051,149.1654211,15.00
110.89,36,follower,-35.3634051,149.1654211,15.00
111.39,36,follower,-35.3634051,149.1654211,15.00
111.89,36,follower,-35.3634051,149.1654211,15.00
112.39,36,follower,-35.3634051,149.1654211,15.00
112.89,36,follower,-35.3634051,149.1654211,15.00
113.39,36,follower,-35.3634051,149.1654211,15.00
113.89,36,follower,-35.3634051,149.1654211,15.00
114.39,36,follower,-35.3634051,149.1654211,15.00
114.89,36,follower,-35.3634051,149.1654211,15.00
115.39,36,follower,-35.3634051,149.1654211,15.00
115.89,36,follower,-35.3634051,149.1654211,15.00
116.39,36,follower,-35.3634051,149.1654211,15.00
116.89,36,follower,-35.3634051,149.1654211,15.00
117.39,36,follower,-35.3634051,149.1654211,15.00
117.89,36,follower,-35.3634051,149.1654211,15.00
118.39,36,follower,-35.3634051,149.1654211,15.00
118.89,36,follower,-35.3634051,149.1654211,15.00
119.39,36,follower,-35.3634051,149.1654211,15.00
119.89,36,follower,-35.3634051,149.1654211,15.00
120.39,36,follower,-35.3634051,149.1654211,15.00
120.89,36,follower,-35.3634051,149.1654211,15.00
121.39,36,follower,-35.3634051,149.1654211,15.00
121.89,36,follower,-35.3634051,149.1654211,15.00
122.39,36,follower,-35.3634051,149.1654211,15.00
122.90,36,follower,-35.3634051,149.1654211,15.00
123.40,36,follower,-35.3634051,149.1654211,15.00
123.89,36,follower,-35.3634051,149.1654211,15.00
124.40,36,follower,-35.3634051,149.1654211,15.00
124.89,36,follower,-35.3634050,149.1654211,15.00
125.39,36,follower,-35.3634023,149.1654209,15.00
125.89,36,follower,-35.3633936,149.1654206,15.00
126.40,36,follower,-35.3633815,149.1654205,15.00
126.89,36,follower,-35.3633711,149.1654205,15.00
127.39,36,follower,-35.3633620,149.1654207,15.00
127.90,36,follower,-35.3633530,149.1654209,15.00
128.39,36,follower,-35.3633438,149.1654210,15.00
128.89,36,follower,-35.3633345,149.1654210,15.00
129.40,36,follower,-35.3633252,149.1654209,15.00
129.89,36,follower,-35.3633161,149.1654209,15.00
130.40,36,follower,-35.3633070,149.1654209,15.00
130.89,36,follower,-35.3632980,149.1654209,15.00
131.39,36,follower,-35.3632891,149.1654209,15.00
131.89,36,follower,-35.3632802,149.1654209,15.00
132.39,36,follower,-35.3632713,149.1654209,15.00
132.90,36,follower,-35.3632624,149.1654209,15.00
133.40,36,follower,-35.3632535,149.1654209,15.00
133.89,36,follower,-35.3632446,149.1654209,15.00
134.40,36,follower,-35.3632356,149.1654209,15.00
134.90,36,follower,-35.3632256,149.1654209,15.00
135.40,36,follower,-35.3632164,149.1654208,15.00
135.90,36,follower,-35.3632069,149.1654208,15.00
136.39,36,follower,-35.3631985,149.1654208,15.00
136.89,36,follower,-35.3631892,149.1654208,15.00
137.40,36,follower,-35.3631807,149.1654208,15.00
137.90,36,follower,-35.3631712,149.1654208,15.00
138.40,36,follower,-35.3631622,149.1654208,15.00
138.90,36,follower,-35.3631531,149.1654208,15.00
139.39,36,follower,-35.3631443,149.1654208,15.00
139.90,36,follower,-35.3631352,149.1654208,15.00
140.39,36,follower,-35.3631277,149.1654208,15.00
140.90,36,follower,-35.3631257,149.1654208,15.00
141.40,36,follower,-35.3631289,149.1654218,15.00
141.90,36,follower,-35.3631326,149.1654270,15.00
142.39,36,follower,-35.3631331,149.1654380,15.00
142.90,36,follower,-35.3631331,149.1654559,15.01
143.40,36,follower,-35.3631331,149.1654763,15.01
143.90,36,follower,-35.3631333,149.1654923,15.00
144.40,36,follower,-35.3631339,149.1655041,15.00
144.90,36,follower,-35.3631345,149.1655155,15.00
145.40,36,follower,-35.3631350,149.1655270,15.00
145.89,36,follower,-35.3631353,149.1655385,15.00
146.40,36,follower,-35.3631353,149.1655499,15.00
146.90,36,follower,-35.3631353,149.1655612,15.00
147.40,36,follower,-35.3631353,149.1655722,15.00
147.90,36,follower,-35.3631353,149.1655831,15.00
148.39,36,follower,-35.3631353,149.1655940,15.00
148.90,36,follower,-35.3631353,149.1656048,15.00
149.40,36,follower,-35.3631352,149.1656157,15.00
149.90,36,follower,-35.3631352,149.1656267,15.00
150.40,36,follower,-35.3631352,149.1656382,15.00
150.90,36,follower,-35.3631352,149.1656506,15.00
151.40,36,follower,-35.3631352,149.1656614,15.00
151.90,36,follower,-35.3631352,149.1656732,15.00
152.40,36,follower,-35.3631352,149.1656840,15.00
152.90,36,follower,-35.3631352,149.1656953,15.00
153.40,36,follower,-35.3631352,149.1657061,15.00
153.90,36,follower,-35.3631352,149.1657173,15.00
154.40,36,follower,-35.3631352,149.1657287,15.00
154.90,36,follower,-35.3631352,149.1657398,15.00
155.40,36,follower,-35.3631352,149.1657497,15.00
155.90,36,follower,-35.3631353,149.1657537,15.00
156.40,36,follower,-35.3631357,149.1657506,15.00
156.90,36,follower,-35.3631392,149.1657455,15.00
157.40,36,follower,-35.3631471,149.1657444,15.00
157.90,36,follower,-35.3631604,149.1657447,15.01
158.40,36,follower,-35.3631768,149.1657448,15.01
158.90,36,follower,-35.3631907,149.1657446,15.00
159.40,36,follower,-35.3632006,149.1657438,15.00
159.90,36,follower,-35.3632099,149.1657429,15.00
160.40,36,follower,-35.3632193,149.1657422,15.00
160.90,36,follower,-35.3632288,149.1657419,15.00
161.40,36,follower,-35.3632382,149.1657418,15.00
161.90,36,follower,-35.3632473,149.1657418,15.00
162.40,36,follower,-35.3632563,149.1657418,15.00
162.90,36,follower,-35.3632652,149.1657418,15.00
163.40,36,follower,-35.3632741,149.1657418,15.00
163.90,36,follower,-35.3632830,149.1657418,15.00
164.40,36,follower,-35.3632924,149.1657419,15.00
164.90,36,follower,-35.3633024,149.1657419,15.00
165.40,36,follower,-35.3633113,149.1657419,15.00
165.90,36,follower,-35.3633208,149.1657419,15.00
166.40,36,follower,-35.3633294,149.1657419,15.00
166.90,36,follower,-35.3633389,149.1657419,15.00
167.40,36,follower,-35.3633479,149.1657420,15.00
167.90,36,follower,-35.3633572,149.1657420,15.00
168.40,36,follower,-35.3633659,149.1657420,15.00
168.90,36,follower,-35.3633749,149.1657420,15.00
169.40,36,follower,-35.3633836,149.1657420,15.00
169.90,36,follower,-35.3633928,149.1657420,15.00
170.40,36,follower,-35.3634015,149.1657420,15.00
170.90,36,follower,-35.3634065,149.1657418,15.00
171.40,36,follower,-35.3634055,149.1657416,15.00
171.90,36,follower,-35.3634012,149.1657387,15.00
172.40,36,follower,-35.3633991,149.1657308,15.00
172.90,36,follower,-35.3633993,149.1657166,15.00
173.40,36,follower,-35.3633994,149.1656967,15.01
173.90,36,follower,-35.3633993,149.1656775,15.01
174.40,36,follower,-35.3633988,149.1656641,15.00
174.90,36,follower,-35.3633981,149.1656527,15.00
175.40,36,follower,-35.3633975,149.1656411,15.00
175.90,36,follower,-35.3633970,149.1656295,15.00
176.40,36,follower,-35.3633968,149.1656181,15.00
176.90,36,follower,-35.3633968,149.1656069,15.00
177.40,36,follower,-35.3633968,149.1655959,15.00
177.90,36,follower,-35.3633968,149.1655850,15.00
178.40,36,follower,-35.3633969,149.1655741,15.00
178.90,36,follower,-35.3633969,149.1655633,15.00
179.40,36,follower,-35.3633969,149.1655518,15.00
179.90,36,follower,-35.3633969,149.1655391,15.00
180.40,36,follower,-35.3633970,149.1655278,15.00
180.90,36,follower,-35.3633970,149.1655163,15.00
181.41,36,follower,-35.3633970,149.1655058,15.00
181.90,36,follower,-35.3633970,149.1654946,15.00
182.41,36,follower,-35.3633970,149.1654839,15.00
182.90,36,follower,-35.3633970,149.1654726,15.00
183.40,36,follower,-35.3633970,149.1654620,15.00
183.90,36,follower,-35.3633970,149.1654508,15.00
184.40,36,follower,-35.3633970,149.1654395,15.00
184.91,36,follower,-35.3633969,149.1654283,15.00
185.40,36,follower,-35.3633969,149.1654176,15.00
185.91,36,follower,-35.3633969,149.1654101,15.00
186.40,36,follower,-35.3633969,149.1654098,15.00
186.91,36,follower,-35.3633967,149.1654139,15.00
187.40,36,follower,-35.3633965,149.1654160,15.00
187.91,36,follower,-35.3633966,149.1654164,15.00
188.41,36,follower,-35.3633966,149.1654166,15.00
188.91,36,follower,-35.3633967,149.1654169,15.00
189.40,36,follower,-35.3633968,149.1654174,15.00
189.90,36,follower,-35.3633969,149.1654179,15.00
190.41,36,follower,-35.3633969,149.1654183,15.00
190.91,36,follower,-35.3633969,149.1654186,15.00
191.41,36,follower,-35.3633969,149.1654188,15.00
93.39,37,follower,-35.3632598,149.1649654,2.23
93.89,37,follower,-35.3632598,149.1649654,3.39
94.39,37,follower,-35.3632598,149.1649654,4.67
94.89,37,follower,-35.3632598,149.1649654,5.95
95.39,37,follower,-35.3632597,149.1649654,7.19
95.89,37,follower,-35.3632597,149.1649654,8.42
96.39,37,follower,-35.3632597,149.1649654,9.66
96.89,37,follower,-35.3632597,149.1649654,10.90
97.39,37,follower,-35.3632597,149.1649654,12.13
97.89,37,follower,-35.3632597,149.1649654,13.22
98.39,37,follower,-35.3632598,149.1649654,14.08
98.89,37,follower,-35.3632598,149.1649655,14.68
99.39,37,follower,-35.3632598,149.1649655,15.02
99.89,37,follower,-35.3632599,149.1649655,15.10
100.39,37,follower,-35.3632599,149.1649655,15.00
100.89,37,follower,-35.3632599,149.1649655,14.95
101.39,37,follower,-35.3632598,149.1649655,14.96
101.89,37,follower,-35.3632598,149.1649655,14.96
102.39,37,follower,-35.3632598,149.1649655,14.97
102.89,37,follower,-35.3632598,149.1649655,14.98
103.39,37,follower,-35.3632598,149.1649654,14.98
103.89,37,follower,-35.3632598,149.1649654,14.99
104.39,37,follower,-35.3632598,149.1649654,14.99
104.89,37,follower,-35.3632598,149.1649654,14.99
105.39,37,follower,-35.3632598,149.1649653,14.99
105.89,37,follower,-35.3632598,149.1649653,14.99
106.39,37,follower,-35.3632598,149.1649654,14.99
106.89,37,follower,-35.3632598,149.1649654,14.99
107.39,37,follower,-35.3632598,149.1649655,15.00
107.89,37,follower,-35.3632598,149.1649655,15.00
108.39,37,follower,-35.3632598,149.1649655,15.00
108.89,37,follower,-35.3632598,149.1649655,15.00
109.39,37,follower,-35.3632598,149.1649655,15.00
109.89,37,follower,-35.3632598,149.1649655,15.00
110.39,37,follower,-35.3632598,149.1649655,15.00
110.89,37,follower,-35.3632598,149.1649655,15.00
111.39,37,follower,-35.3632598,149.1649655,15.00
111.89,37,follower,-35.3632598,149.1649655,15.00
112.39,37,follower,-35.3632598,149.1649655,15.00
112.89,37,follower,-35.3632598,149.1649655,15.00
113.39,37,follower,-35.3632598,149.1649655,15.00
113.89,37,follower,-35.3632598,149.1649655,15.00
114.39,37,follower,-35.3632598,149.1649655,15.00
114.89,37,follower,-35.3632598,149.1649655,15.00
115.39,37,follower,-35.3632598,149.1649655,15.00
115.89,37,follower,-35.3632598,149.1649655,15.00
116.39,37,follower,-35.3632598,149.1649655,15.00
116.89,37,follower,-35.3632598,149.1649655,15.00
117.39,37,follower,-35.3632598,149.1649655,15.00
117.89,37,follower,-35.3632598,149.1649655,15.00
118.40,37,follower,-35.3632598,149.1649655,15.00
118.89,37,follower,-35.3632598,149.1649655,15.00
119.39,37,follower,-35.3632598,149.1649655,15.00
119.89,37,follower,-35.3632598,149.1649655,15.00
120.40,37,follower,-35.3632598,149.1649655,15.00
120.89,37,follower,-35.3632598,149.1649655,15.00
121.39,37,follower,-35.3632598,149.1649655,15.00
121.89,37,follower,-35.3632598,149.1649655,15.00
122.39,37,follower,-35.3632598,149.1649655,15.00
122.90,37,follower,-35.3632598,149.1649655,15.00
123.40,37,follower,-35.3632598,149.1649655,15.00
123.90,37,follower,-35.3632598,149.1649655,15.00
124.39,37,follower,-35.3632598,149.1649655,15.00
124.89,37,follower,-35.3632597,149.1649655,15.00
125.39,37,follower,-35.3632581,149.1649653,15.00
125.89,37,follower,-35.3632514,149.1649652,15.00
126.39,37,follower,-35.3632393,149.1649650,15.00
126.89,37,follower,-35.3632261,149.1649650,15.00
127.40,37,follower,-35.3632161,149.1649651,15.00
127.89,37,follower,-35.3632070,149.1649653,15.00
128.39,37,follower,-35.3631984,149.1649654,15.00
128.89,37,follower,-35.3631890,149.1649653,15.00
129.40,37,follower,-35.3631792,149.1649654,15.00
129.90,37,follower,-35.3631697,149.1649654,15.00
130.40,37,follower,-35.3631605,149.1649653,15.00
130.90,37,follower,-35.3631514,149.1649653,15.00
131.39,37,follower,-35.3631425,149.1649653,15.00
131.89,37,follower,-35.3631335,149.1649652,15.00
132.40,37,follower,-35.3631246,149.1649652,15.00
132.90,37,follower,-35.3631157,149.1649652,15.00
133.40,37,follower,-35.3631068,149.1649652,15.00
133.89,37,follower,-35.3630978,149.1649652,15.00
134.40,37,follower,-35.3630889,149.1649652,15.00
134.89,37,follower,-35.3630800,149.1649652,15.00
135.39,37,follower,-35.3630711,149.1649652,15.00
135.89,37,follower,-35.3630623,149.1649652,15.00
136.39,37,follower,-35.3630534,149.1649652,15.00
136.89,37,follower,-35.3630445,149.1649652,15.00
137.40,37,follower,-35.3630356,149.1649652,15.00
137.89,37,follower,-35.3630267,149.1649652,15.00
138.40,37,follower,-35.3630178,149.1649652,15.00
138.90,37,follower,-35.3630089,149.1649652,15.00
139.39,37,follower,-35.3630000,149.1649652,15.00
139.90,37,follower,-35.3629912,149.1649652,15.00
140.40,37,follower,-35.3629835,149.1649652,15.00
140.90,37,follower,-35.3629811,149.1649652,15.00
141.40,37,follower,-35.3629840,149.1649659,15.00
141.90,37,follower,-35.3629880,149.1649706,15.00
142.39,37,follower,-35.3629886,149.1649808,15.00
142.89,37,follower,-35.3629882,149.1649978,15.00
143.40,37,follower,-35.3629879,149.1650180,15.01
143.90,37,follower,-35.3629881,149.1650353,15.00
144.40,37,follower,-35.3629886,149.1650488,15.00
144.90,37,follower,-35.3629892,149.1650611,15.00
145.40,37,follower,-35.3629897,149.1650729,15.00
145.90,37,follower,-35.3629900,149.1650847,15.00
146.40,37,follower,-35.3629901,149.1650963,15.00
146.90,37,follower,-35.3629900,149.1651077,15.00
147.40,37,follower,-35.3629900,149.1651187,15.00
147.90,37,follower,-35.3629900,149.1651296,15.00
148.40,37,follower,-35.3629900,149.1651404,15.00
148.90,37,follower,-35.3629900,149.1651512,15.00
149.40,37,follower,-35.3629899,149.1651621,15.00
149.90,37,follower,-35.3629899,149.1651730,15.00
150.40,37,follower,-35.3629899,149.1651840,15.00
150.90,37,follower,-35.3629900,149.1651950,15.00
151.40,37,follower,-35.3629900,149.1652060,15.00
151.90,37,follower,-35.3629900,149.1652161,15.00
152.40,37,follower,-35.3629901,149.1652204,15.00
152.90,37,follower,-35.3629902,149.1652172,15.00
153.40,37,follower,-35.3629903,149.1652098,15.01
153.90,37,follower,-35.3629905,149.1652056,15.00
154.40,37,follower,-35.3629905,149.1652050,15.00
154.90,37,follower,-35.3629903,149.1652051,15.00
155.40,37,follower,-35.3629901,149.1652051,15.00
155.90,37,follower,-35.3629899,149.1652048,15.00
156.40,37,follower,-35.3629898,149.1652045,15.00
156.90,37,follower,-35.3629898,149.1652043,15.00
157.40,37,follower,-35.3629899,149.1652042,15.00
157.90,37,follower,-35.3629899,149.1652042,15.00
158.40,37,follower,-35.3629900,149.1652042,15.00
158.90,37,follower,-35.3629901,149.1652042,15.00
159.40,37,follower,-35.3629901,149.1652042,15.00
159.90,37,follower,-35.3629902,149.1652042,15.00
160.40,37,follower,-35.3629902,149.1652042,15.00
160.90,37,follower,-35.3629903,149.1652042,15.00
161.40,37,follower,-35.3629903,149.1652042,15.00
161.90,37,follower,-35.3629903,149.1652042,15.00
162.40,37,follower,-35.3629903,149.1652042,15.00
162.90,37,follower,-35.3629903,149.1652042,15.00
163.40,37,follower,-35.3629903,149.1652042,15.00
163.90,37,follower,-35.3629903,149.1652042,15.00
164.40,37,follower,-35.3629903,149.1652042,15.00
164.90,37,follower,-35.3629903,149.1652042,15.00
165.40,37,follower,-35.3629904,149.1652042,15.00
165.90,37,follower,-35.3629904,149.1652042,15.00
166.40,37,follower,-35.3629904,149.1652042,15.00
166.90,37,follower,-35.3629904,149.1652042,15.00
167.40,37,follower,-35.3629904,149.1652042,15.00
167.90,37,follower,-35.3629904,149.1652042,15.00
168.40,37,follower,-35.3629904,149.1652042,15.00
168.90,37,follower,-35.3629904,149.1652041,15.00
169.40,37,follower,-35.3629904,149.1652041,15.00
169.90,37,follower,-35.3629904,149.1652041,15.00
170.40,37,follower,-35.3629904,149.1652042,15.00
170.90,37,follower,-35.3629904,149.1652042,15.00
171.40,37,follower,-35.3629904,149.1652041,15.00
171.90,37,follower,-35.3629904,149.1652041,15.00
172.40,37,follower,-35.3629904,149.1652041,15.00
172.91,37,follower,-35.3629904,149.1652041,15.00
173.40,37,follower,-35.3629904,149.1652041,15.00
173.90,37,follower,-35.3629904,149.1652041,15.00
174.40,37,follower,-35.3629904,149.1652041,15.00
174.90,37,follower,-35.3629904,149.1652041,15.00
175.40,37,follower,-35.3629904,149.1652041,15.00
175.90,37,follower,-35.3629904,149.1652041,15.00
176.41,37,follower,-35.3629904,149.1652041,15.00
176.90,37,follower,-35.3629904,149.1652041,15.00
177.41,37,follower,-35.3629904,149.1652041,15.00
177.90,37,follower,-35.3629904,149.1652041,15.00
178.40,37,follower,-35.3629904,149.1652041,15.00
178.90,37,follower,-35.3629904,149.1652041,15.00
179.40,37,follower,-35.3629904,149.1652041,15.00
179.90,37,follower,-35.3629904,149.1652041,15.00
180.41,37,follower,-35.3629904,149.1652041,15.00
180.90,37,follower,-35.3629904,149.1652041,15.00
181.41,37,follower,-35.3629904,149.1652041,15.00
181.91,37,follower,-35.3629904,149.1652041,15.00
182.41,37,follower,-35.3629904,149.1652041,15.00
182.90,37,follower,-35.3629904,149.1652041,15.00
183.40,37,follower,-35.3629904,149.1652041,15.00
183.91,37,follower,-35.3629904,149.1652041,15.00
184.41,37,follower,-35.3629904,149.1652041,15.00
184.90,37,follower,-35.3629904,149.1652041,15.00
185.41,37,follower,-35.3629904,149.1652041,15.00
185.90,37,follower,-35.3629904,149.1652041,15.00
186.40,37,follower,-35.3629904,149.1652041,15.00
186.91,37,follower,-35.3629904,149.1652041,15.00
187.40,37,follower,-35.3629904,149.1652041,15.00
187.90,37,follower,-35.3629904,149.1652041,15.00
188.41,37,follower,-35.3629904,149.1652041,15.00
188.91,37,follower,-35.3629904,149.1652041,15.00
189.41,37,follower,-35.3629904,149.1652041,15.00
189.90,37,follower,-35.3629904,149.1652041,15.00
190.41,37,follower,-35.3629904,149.1652041,15.00
190.91,37,follower,-35.3629904,149.1652041,15.00
191.41,37,follower,-35.3629904,149.1652041,15.00
93.39,38,follower,-35.3631140,149.1654284,2.23
93.89,38,follower,-35.3631140,149.1654284,3.39
94.39,38,follower,-35.3631140,149.1654284,4.67
94.89,38,follower,-35.3631140,149.1654284,5.95
95.39,38,follower,-35.3631140,149.1654284,7.19
95.89,38,follower,-35.3631140,149.1654284,8.42
96.39,38,follower,-35.3631140,149.1654284,9.66
96.89,38,follower,-35.3631140,149.1654284,10.90
97.39,38,follower,-35.3631140,149.1654284,12.13
97.89,38,follower,-35.3631140,149.1654284,13.22
98.39,38,follower,-35.3631140,149.1654284,14.07
98.89,38,follower,-35.3631141,149.1654284,14.67
99.39,38,follower,-35.3631141,149.1654284,15.00
99.89,38,follower,-35.3631141,149.1654284,15.08
100.39,38,follower,-35.3631141,149.1654284,14.99
100.89,38,follower,-35.3631141,149.1654284,14.95
101.39,38,follower,-35.3631141,149.1654284,14.96
101.89,38,follower,-35.3631141,149.1654283,14.97
102.39,38,follower,-35.3631141,149.1654283,14.97
102.89,38,follower,-35.3631140,149.1654282,14.98
103.39,38,follower,-35.3631140,149.1654282,14.98
103.89,38,follower,-35.3631140,149.1654282,14.98
104.39,38,follower,-35.3631140,149.1654282,14.99
104.89,38,follower,-35.3631140,149.1654282,14.99
105.39,38,follower,-35.3631140,149.1654282,14.99
105.89,38,follower,-35.3631140,149.1654282,14.99
106.39,38,follower,-35.3631140,149.1654282,14.99
106.89,38,follower,-35.3631140,149.1654282,14.99
107.39,38,follower,-35.3631140,149.1654282,15.00
107.89,38,follower,-35.3631140,149.1654282,15.00
108.39,38,follower,-35.3631140,149.1654283,15.00
108.89,38,follower,-35.3631140,149.1654283,15.00
109.39,38,follower,-35.3631140,149.1654283,15.00
109.89,38,follower,-35.3631140,149.1654283,15.00
110.39,38,follower,-35.3631140,149.1654283,15.00
110.89,38,follower,-35.3631140,149.1654283,15.00
111.39,38,follower,-35.3631140,149.1654283,15.00
111.89,38,follower,-35.3631141,149.1654283,15.00
112.39,38,follower,-35.3631141,149.1654283,15.00
112.89,38,follower,-35.3631141,149.1654283,15.00
113.39,38,follower,-35.3631141,149.1654283,15.00
113.89,38,follower,-35.3631141,149.1654283,15.00
114.39,38,follower,-35.3631141,149.1654283,15.00
114.89,38,follower,-35.3631141,149.1654283,15.00
115.39,38,follower,-35.3631141,149.1654283,15.00
115.89,38,follower,-35.3631141,149.1654283,15.00
116.39,38,follower,-35.3631141,149.1654283,15.00
116.90,38,follower,-35.3631141,149.1654283,15.00
117.39,38,follower,-35.3631141,149.1654283,15.00
117.89,38,follower,-35.3631141,149.1654283,15.00
118.39,38,follower,-35.3631141,149.1654283,15.00
118.89,38,follower,-35.3631141,149.1654283,15.00
119.40,38,follower,-35.3631141,149.1654283,15.00
119.90,38,follower,-35.3631141,149.1654283,15.00
120.39,38,follower,-35.3631141,149.1654283,15.00
120.89,38,follower,-35.3631141,149.1654283,15.00
121.39,38,follower,-35.3631141,149.1654283,15.00
121.90,38,follower,-35.3631141,149.1654283,15.00
122.40,38,follower,-35.3631141,149.1654283,15.00
122.90,38,follower,-35.3631141,149.1654283,15.00
123.39,38,follower,-35.3631141,149.1654283,15.00
123.89,38,follower,-35.3631141,149.1654283,15.00
124.40,38,follower,-35.3631141,149.1654283,15.00
124.89,38,follower,-35.3631140,149.1654283,15.00
125.39,38,follower,-35.3631123,149.1654282,15.00
125.90,38,follower,-35.3631050,149.1654279,15.00
126.39,38,follower,-35.3630927,149.1654277,15.00
126.90,38,follower,-35.3630799,149.1654278,15.00
127.40,38,follower,-35.3630702,149.1654279,15.00
127.89,38,follower,-35.3630610,149.1654281,15.00
128.40,38,follower,-35.3630524,149.1654282,15.00
128.90,38,follower,-35.3630430,149.1654281,15.00
129.40,38,follower,-35.3630332,149.1654281,15.00
129.90,38,follower,-35.3630238,149.1654281,15.00
130.40,38,follower,-35.3630146,149.1654281,15.00
130.89,38,follower,-35.3630055,149.1654281,15.00
131.40,38,follower,-35.3629966,149.1654281,15.00
131.89,38,follower,-35.3629877,149.1654281,15.00
132.39,38,follower,-35.3629788,149.1654281,15.00
132.90,38,follower,-35.3629699,149.1654281,15.00
133.40,38,follower,-35.3629610,149.1654281,15.00
133.89,38,follower,-35.3629521,149.1654281,15.00
134.39,38,follower,-35.3629432,149.1654281,15.00
134.90,38,follower,-35.3629344,149.1654281,15.00
135.40,38,follower,-35.3629255,149.1654281,15.00
135.89,38,follower,-35.3629166,149.1654281,15.00
136.40,38,follower,-35.3629078,149.1654281,15.00
136.90,38,follower,-35.3628989,149.1654281,15.00
137.40,38,follower,-35.3628900,149.1654281,15.00
137.89,38,follower,-35.3628810,149.1654281,15.00
138.40,38,follower,-35.3628721,149.1654280,15.00
138.90,38,follower,-35.3628631,149.1654280,15.00
139.40,38,follower,-35.3628542,149.1654280,15.00
139.90,38,follower,-35.3628454,149.1654280,15.00
140.39,38,follower,-35.3628376,149.1654280,15.00
140.90,38,follower,-35.3628347,149.1654280,15.00
141.40,38,follower,-35.3628374,149.1654287,15.00
141.90,38,follower,-35.3628413,149.1654332,15.00
142.40,38,follower,-35.3628421,149.1654433,15.00
142.90,38,follower,-35.3628420,149.1654604,15.01
143.40,38,follower,-35.3628420,149.1654809,15.01
143.90,38,follower,-35.3628423,149.1654984,15.00
144.40,38,follower,-35.3628429,149.1655106,15.00
144.90,38,follower,-35.3628436,149.1655221,15.00
145.40,38,follower,-35.3628440,149.1655338,15.00
145.90,38,follower,-35.3628442,149.1655464,15.00
146.40,38,follower,-35.3628442,149.1655587,15.00
146.90,38,follower,-35.3628442,149.1655704,15.00
147.40,38,follower,-35.3628442,149.1655817,15.00
147.90,38,follower,-35.3628442,149.1655927,15.00
148.40,38,follower,-35.3628442,149.1656036,15.00
148.90,38,follower,-35.3628442,149.1656144,15.00
149.40,38,follower,-35.3628442,149.1656253,15.00
149.90,38,follower,-35.3628442,149.1656362,15.00
150.40,38,follower,-35.3628441,149.1656471,15.00
150.90,38,follower,-35.3628441,149.1656581,15.00
151.40,38,follower,-35.3628441,149.1656691,15.00
151.90,38,follower,-35.3628441,149.1656800,15.00
152.40,38,follower,-35.3628441,149.1656908,15.00
152.90,38,follower,-35.3628441,149.1657017,15.00
153.40,38,follower,-35.3628441,149.1657126,15.00
153.90,38,follower,-35.3628441,149.1657235,15.00
154.40,38,follower,-35.3628441,149.1657344,15.00
154.90,38,follower,-35.3628442,149.1657452,15.00
155.40,38,follower,-35.3628442,149.1657554,15.00
155.90,38,follower,-35.3628442,149.1657606,15.00
156.40,38,follower,-35.3628445,149.1657586,15.00
156.90,38,follower,-35.3628475,149.1657536,15.00
157.40,38,follower,-35.3628548,149.1657520,15.00
157.90,38,follower,-35.3628676,149.1657521,15.01
158.40,38,follower,-35.3628840,149.1657521,15.01
158.90,38,follower,-35.3628988,149.1657517,15.00
159.40,38,follower,-35.3629086,149.1657509,15.00
159.90,38,follower,-35.3629185,149.1657500,15.00
160.40,38,follower,-35.3629287,149.1657494,15.00
160.90,38,follower,-35.3629389,149.1657491,15.00
161.40,38,follower,-35.3629481,149.1657490,15.00
161.90,38,follower,-35.3629575,149.1657490,15.00
162.40,38,follower,-35.3629670,149.1657490,15.00
162.90,38,follower,-35.3629762,149.1657490,15.00
163.40,38,follower,-35.3629852,149.1657490,15.00
163.90,38,follower,-35.3629941,149.1657490,15.00
164.40,38,follower,-35.3630029,149.1657491,15.00
164.90,38,follower,-35.3630118,149.1657491,15.00
165.40,38,follower,-35.3630207,149.1657491,15.00
165.90,38,follower,-35.3630298,149.1657491,15.00
166.41,38,follower,-35.3630387,149.1657491,15.00
166.90,38,follower,-35.3630476,149.1657491,15.00
167.40,38,follower,-35.3630565,149.1657491,15.00
167.90,38,follower,-35.3630654,149.1657491,15.00
168.40,38,follower,-35.3630743,149.1657492,15.00
168.90,38,follower,-35.3630832,149.1657492,15.00
169.40,38,follower,-35.3630920,149.1657492,15.00
169.90,38,follower,-35.3631009,149.1657491,15.00
170.40,38,follower,-35.3631094,149.1657491,15.00
170.90,38,follower,-35.3631150,149.1657491,15.00
171.40,38,follower,-35.3631146,149.1657489,15.00
171.90,38,follower,-35.3631103,149.1657465,15.00
172.41,38,follower,-35.3631080,149.1657390,15.00
172.91,38,follower,-35.3631081,149.1657255,15.00
173.40,38,follower,-35.3631083,149.1657060,15.01
173.91,38,follower,-35.3631081,149.1656863,15.01
174.41,38,follower,-35.3631076,149.1656716,15.00
174.90,38,follower,-35.3631069,149.1656593,15.00
175.40,38,follower,-35.3631063,149.1656482,15.00
175.90,38,follower,-35.3631059,149.1656358,15.00
176.40,38,follower,-35.3631058,149.1656242,15.00
176.91,38,follower,-35.3631058,149.1656126,15.00
177.41,38,follower,-35.3631058,149.1656024,15.00
177.91,38,follower,-35.3631058,149.1655909,15.00
178.41,38,follower,-35.3631058,149.1655799,15.00
178.91,38,follower,-35.3631058,149.1655686,15.00
179.41,38,follower,-35.3631058,149.1655572,15.00
179.91,38,follower,-35.3631058,149.1655460,15.00
180.40,38,follower,-35.3631059,149.1655349,15.00
180.90,38,follower,-35.3631059,149.1655239,15.00
181.41,38,follower,-35.3631059,149.1655130,15.00
181.90,38,follower,-35.3631059,149.1655021,15.00
182.40,38,follower,-35.3631059,149.1654911,15.00
182.91,38,follower,-35.3631059,149.1654802,15.00
183.41,38,follower,-35.3631059,149.1654694,15.00
183.91,38,follower,-35.3631059,149.1654586,15.00
184.40,38,follower,-35.3631059,149.1654478,15.00
184.91,38,follower,-35.3631059,149.1654369,15.00
185.41,38,follower,-35.3631059,149.1654262,15.00
185.91,38,follower,-35.3631059,149.1654180,15.00
186.41,38,follower,-35.3631058,149.1654167,15.00
186.91,38,follower,-35.3631056,149.1654206,15.00
187.40,38,follower,-35.3631054,149.1654230,15.00
187.91,38,follower,-35.3631054,149.1654236,15.00
188.41,38,follower,-35.3631055,149.1654238,15.00
188.91,38,follower,-35.3631056,149.1654241,15.00
189.41,38,follower,-35.3631057,149.1654246,15.00
189.91,38,follower,-35.3631058,149.1654251,15.00
190.40,38,follower,-35.3631059,149.1654255,15.00
190.91,38,follower,-35.3631059,149.1654258,15.00
191.41,38,follower,-35.3631059,149.1654260,15.00
93.39,39,follower,-35.3634814,149.1652048,2.23
93.89,39,follower,-35.3634814,149.1652048,3.39
94.39,39,follower,-35.3634814,149.1652048,4.67
94.89,39,follower,-35.3634814,149.1652048,5.95
95.39,39,follower,-35.3634814,149.1652048,7.19
95.89,39,follower,-35.3634814,149.1652048,8.42
96.39,39,follower,-35.3634814,149.1652048,9.66
96.89,39,follower,-35.3634814,149.1652048,10.90
97.39,39,follower,-35.3634814,149.1652048,12.13
97.89,39,follower,-35.3634814,149.1652048,13.22
98.39,39,follower,-35.3634814,149.1652048,14.07
98.89,39,follower,-35.3634814,149.1652048,14.67
99.39,39,follower,-35.3634814,149.1652048,15.01
99.89,39,follower,-35.3634814,149.1652048,15.09
100.39,39,follower,-35.3634814,149.1652048,14.99
100.89,39,follower,-35.3634814,149.1652048,14.95
101.40,39,follower,-35.3634814,149.1652048,14.96
101.89,39,follower,-35.3634814,149.1652048,14.97
102.40,39,follower,-35.3634813,149.1652048,14.97
102.89,39,follower,-35.3634813,149.1652048,14.98
103.40,39,follower,-35.3634813,149.1652047,14.98
103.89,39,follower,-35.3634813,149.1652047,14.98
104.39,39,follower,-35.3634813,149.1652047,14.99
104.89,39,follower,-35.3634813,149.1652047,14.99
105.39,39,follower,-35.3634813,149.1652047,14.99
105.89,39,follower,-35.3634813,149.1652047,14.99
106.39,39,follower,-35.3634813,149.1652047,14.99
106.89,39,follower,-35.3634813,149.1652047,14.99
107.39,39,follower,-35.3634813,149.1652047,15.00
107.89,39,follower,-35.3634813,149.1652047,15.00
108.39,39,follower,-35.3634813,149.1652048,15.00
108.89,39,follower,-35.3634813,149.1652048,15.00
109.40,39,follower,-35.3634813,149.1652048,15.00
109.90,39,follower,-35.3634814,149.1652048,15.00
110.39,39,follower,-35.3634814,149.1652048,15.00
110.90,39,follower,-35.3634814,149.1652048,15.00
111.39,39,follower,-35.3634814,149.1652048,15.00
111.89,39,follower,-35.3634814,149.1652048,15.00
112.39,39,follower,-35.3634814,149.1652048,15.00
112.89,39,follower,-35.3634814,149.1652048,15.00
113.39,39,follower,-35.3634814,149.1652048,15.00
113.89,39,follower,-35.3634814,149.1652048,15.00
114.40,39,follower,-35.3634814,149.1652048,15.00
114.89,39,follower,-35.3634814,149.1652048,15.00
115.39,39,follower,-35.3634814,149.1652048,15.00
115.89,39,follower,-35.3634814,149.1652048,15.00
116.39,39,follower,-35.3634814,149.1652048,15.00
116.90,39,follower,-35.3634814,149.1652048,15.00
117.40,39,follower,-35.3634814,149.1652048,15.00
117.90,39,follower,-35.3634814,149.1652048,15.00
118.39,39,follower,-35.3634814,149.1652048,15.00
118.89,39,follower,-35.3634814,149.1652048,15.00
119.39,39,follower,-35.3634814,149.1652048,15.00
119.90,39,follower,-35.3634814,149.1652048,15.00
120.40,39,follower,-35.3634814,149.1652048,15.00
120.90,39,follower,-35.3634814,149.1652048,15.00
121.40,39,follower,-35.3634814,149.1652048,15.00
121.90,39,follower,-35.3634814,149.1652048,15.00
122.40,39,follower,-35.3634814,149.1652048,15.00
122.89,39,follower,-35.3634814,149.1652048,15.00
123.40,39,follower,-35.3634814,149.1652048,15.00
123.90,39,follower,-35.3634814,149.1652048,15.00
124.39,39,follower,-35.3634814,149.1652048,15.00
124.89,39,follower,-35.3634813,149.1652048,15.00
125.40,39,follower,-35.3634796,149.1652047,15.00
125.90,39,follower,-35.3634722,149.1652044,15.00
126.40,39,follower,-35.3634603,149.1652042,15.00
126.90,39,follower,-35.3634483,149.1652042,15.00
127.40,39,follower,-35.3634389,149.1652044,15.00
127.90,39,follower,-35.3634292,149.1652046,15.00
128.40,39,follower,-35.3634202,149.1652047,15.00
128.90,39,follower,-35.3634102,149.1652047,15.00
129.40,39,follower,-35.3634009,149.1652047,15.00
129.90,39,follower,-35.3633915,149.1652047,15.00
130.40,39,follower,-35.3633830,149.1652046,15.00
130.90,39,follower,-35.3633735,149.1652046,15.00
131.40,39,follower,-35.3633640,149.1652046,15.00
131.90,39,follower,-35.3633547,149.1652045,15.00
132.40,39,follower,-35.3633457,149.1652045,15.00
132.90,39,follower,-35.3633367,149.1652045,15.00
133.40,39,follower,-35.3633278,149.1652045,15.00
133.90,39,follower,-35.3633189,149.1652045,15.00
134.40,39,follower,-35.3633100,149.1652045,15.00
134.90,39,follower,-35.3633011,149.1652045,15.00
135.40,39,follower,-35.3632923,149.1652045,15.00
135.90,39,follower,-35.3632835,149.1652045,15.00
136.40,39,follower,-35.3632747,149.1652045,15.00
136.90,39,follower,-35.3632658,149.1652045,15.00
137.40,39,follower,-35.3632570,149.1652045,15.00
137.90,39,follower,-35.3632481,149.1652045,15.00
138.40,39,follower,-35.3632391,149.1652045,15.00
138.90,39,follower,-35.3632302,149.1652045,15.00
139.40,39,follower,-35.3632213,149.1652045,15.00
139.90,39,follower,-35.3632125,149.1652045,15.00
140.40,39,follower,-35.3632048,149.1652045,15.00
140.90,39,follower,-35.3632021,149.1652045,15.00
141.40,39,follower,-35.3632050,149.1652052,15.00
141.90,39,follower,-35.3632090,149.1652097,15.00
142.40,39,follower,-35.3632097,149.1652199,15.00
142.90,39,follower,-35.3632096,149.1652368,15.00
143.40,39,follower,-35.3632094,149.1652573,15.01
143.90,39,follower,-35.3632096,149.1652749,15.00
144.40,39,follower,-35.3632102,149.1652872,15.00
144.90,39,follower,-35.3632109,149.1652985,15.00
145.40,39,follower,-35.3632113,149.1653101,15.00
145.90,39,follower,-35.3632114,149.1653228,15.00
146.40,39,follower,-35.3632115,149.1653352,15.00
146.90,39,follower,-35.3632115,149.1653469,15.00
147.40,39,follower,-35.3632115,149.1653582,15.00
147.90,39,follower,-35.3632115,149.1653692,15.00
148.40,39,follower,-35.3632115,149.1653801,15.00
148.90,39,follower,-35.3632115,149.1653909,15.00
149.40,39,follower,-35.3632115,149.1654018,15.00
149.90,39,follower,-35.3632115,149.1654127,15.00
150.40,39,follower,-35.3632114,149.1654235,15.00
150.90,39,follower,-35.3632114,149.1654344,15.00
151.40,39,follower,-35.3632114,149.1654454,15.00
151.90,39,follower,-35.3632114,149.1654562,15.00
152.40,39,follower,-35.3632114,149.1654671,15.00
152.90,39,follower,-35.3632114,149.1654780,15.00
153.40,39,follower,-35.3632114,149.1654889,15.00
153.90,39,follower,-35.3632114,149.1654997,15.00
154.40,39,follower,-35.3632114,149.1655106,15.00
154.90,39,follower,-35.3632115,149.1655216,15.00
155.40,39,follower,-35.3632115,149.1655318,15.00
155.90,39,follower,-35.3632115,149.1655371,15.00
156.40,39,follower,-35.3632118,149.1655352,15.00
156.90,39,follower,-35.3632148,149.1655302,15.00
157.41,39,follower,-35.3632221,149.1655286,15.00
157.91,39,follower,-35.3632348,149.1655287,15.01
158.40,39,follower,-35.3632512,149.1655286,15.01
158.90,39,follower,-35.3632662,149.1655282,15.00
159.40,39,follower,-35.3632763,149.1655274,15.00
159.90,39,follower,-35.3632856,149.1655266,15.00
160.40,39,follower,-35.3632958,149.1655259,15.00
160.90,39,follower,-35.3633061,149.1655256,15.00
161.41,39,follower,-35.3633152,149.1655255,15.00
161.90,39,follower,-35.3633245,149.1655255,15.00
162.41,39,follower,-35.3633340,149.1655255,15.00
162.91,39,follower,-35.3633432,149.1655255,15.00
163.41,39,follower,-35.3633521,149.1655255,15.00
163.90,39,follower,-35.3633610,149.1655255,15.00
164.41,39,follower,-35.3633700,149.1655256,15.00
164.90,39,follower,-35.3633788,149.1655256,15.00
165.40,39,follower,-35.3633877,149.1655256,15.00
165.90,39,follower,-35.3633966,149.1655256,15.00
166.40,39,follower,-35.3634056,149.1655256,15.00
166.91,39,follower,-35.3634144,149.1655256,15.00
167.41,39,follower,-35.3634233,149.1655256,15.00
167.90,39,follower,-35.3634322,149.1655257,15.00
168.41,39,follower,-35.3634411,149.1655257,15.00
168.90,39,follower,-35.3634499,149.1655257,15.00
169.40,39,follower,-35.3634587,149.1655257,15.00
169.91,39,follower,-35.3634676,149.1655257,15.00
170.41,39,follower,-35.3634763,149.1655256,15.00
170.91,39,follower,-35.3634822,149.1655256,15.00
171.41,39,follower,-35.3634821,149.1655254,15.00
171.90,39,follower,-35.3634779,149.1655232,15.00
172.41,39,follower,-35.3634754,149.1655161,15.00
172.90,39,follower,-35.3634755,149.1655030,15.00
173.41,39,follower,-35.3634756,149.1654833,15.01
173.91,39,follower,-35.3634755,149.1654620,15.01
174.41,39,follower,-35.3634750,149.1654462,15.00
174.91,39,follower,-35.3634743,149.1654347,15.00
175.41,39,follower,-35.3634737,149.1654247,15.00
175.91,39,follower,-35.3634733,149.1654127,15.00
176.41,39,follower,-35.3634730,149.1654004,15.00
176.91,39,follower,-35.3634730,149.1653888,15.00
177.41,39,follower,-35.3634730,149.1653786,15.00
177.91,39,follower,-35.3634730,149.1653674,15.00
178.41,39,follower,-35.3634731,149.1653560,15.00
178.91,39,follower,-35.3634731,149.1653449,15.00
179.41,39,follower,-35.3634731,149.1653338,15.00
179.91,39,follower,-35.3634731,149.1653228,15.00
180.41,39,follower,-35.3634731,149.1653118,15.00
180.91,39,follower,-35.3634731,149.1653008,15.00
181.41,39,follower,-35.3634731,149.1652898,15.00
181.91,39,follower,-35.3634731,149.1652788,15.00
182.41,39,follower,-35.3634731,149.1652678,15.00
182.91,39,follower,-35.3634731,149.1652570,15.00
183.41,39,follower,-35.3634731,149.1652462,15.00
183.91,39,follower,-35.3634731,149.1652354,15.00
184.41,39,follower,-35.3634731,149.1652246,15.00
184.91,39,follower,-35.3634731,149.1652138,15.00
185.41,39,follower,-35.3634731,149.1652031,15.00
185.91,39,follower,-35.3634731,149.1651947,15.00
186.41,39,follower,-35.3634731,149.1651932,15.00
186.91,39,follower,-35.3634729,149.1651970,15.00
187.41,39,follower,-35.3634728,149.1651995,15.00
187.91,39,follower,-35.3634728,149.1652001,15.00
188.41,39,follower,-35.3634728,149.1652003,15.00
188.91,39,follower,-35.3634729,149.1652006,15.00
189.41,39,follower,-35.3634730,149.1652011,15.00
189.91,39,follower,-35.3634731,149.1652016,15.00
190.41,39,follower,-35.3634731,149.1652020,15.00
190.91,39,follower,-35.3634731,149.1652023,15.00
191.41,39,follower,-35.3634731,149.1652025,15.00
93.39,40,follower,-35.3630821,149.1650635,2.23
93.89,40,follower,-35.3630821,149.1650635,3.39
94.39,40,follower,-35.3630821,149.1650634,4.67
94.89,40,follower,-35.3630821,149.1650634,5.95
95.39,40,follower,-35.3630821,149.1650634,7.19
95.89,40,follower,-35.3630821,149.1650634,8.42
96.39,40,follower,-35.3630821,149.1650634,9.66
96.89,40,follower,-35.3630821,149.1650634,10.90
97.39,40,follower,-35.3630821,149.1650635,12.13
97.89,40,follower,-35.3630821,149.1650635,13.22
98.40,40,follower,-35.3630821,149.1650635,14.08
98.89,40,follower,-35.3630822,149.1650635,14.68
99.39,40,follower,-35.3630822,149.1650635,15.02
99.90,40,follower,-35.3630822,149.1650635,15.10
100.39,40,follower,-35.3630822,149.1650635,15.00
100.90,40,follower,-35.3630822,149.1650635,14.95
101.39,40,follower,-35.3630822,149.1650635,14.96
101.89,40,follower,-35.3630822,149.1650635,14.96
102.39,40,follower,-35.3630822,149.1650634,14.97
102.89,40,follower,-35.3630822,149.1650634,14.98
103.39,40,follower,-35.3630821,149.1650634,14.98
103.90,40,follower,-35.3630821,149.1650634,14.98
104.39,40,follower,-35.3630821,149.1650634,14.99
104.90,40,follower,-35.3630821,149.1650634,14.99
105.40,40,follower,-35.3630821,149.1650634,14.99
105.90,40,follower,-35.3630821,149.1650634,14.99
106.39,40,follower,-35.3630821,149.1650634,14.99
106.89,40,follower,-35.3630821,149.1650634,14.99
107.40,40,follower,-35.3630821,149.1650634,15.00
107.90,40,follower,-35.3630821,149.1650634,15.00
108.40,40,follower,-35.3630821,149.1650635,15.00
108.90,40,follower,-35.3630821,149.1650635,15.00
109.40,40,follower,-35.3630821,149.1650635,15.00
109.90,40,follower,-35.3630821,149.1650635,15.00
110.39,40,follower,-35.3630821,149.1650635,15.00
110.89,40,follower,-35.3630821,149.1650635,15.00
111.39,40,follower,-35.3630821,149.1650635,15.00
111.89,40,follower,-35.3630821,149.1650635,15.00
112.40,40,follower,-35.3630821,149.1650635,15.00
112.90,40,follower,-35.3630821,149.1650635,15.00
113.40,40,follower,-35.3630821,149.1650635,15.00
113.89,40,follower,-35.3630821,149.1650635,15.00
114.39,40,follower,-35.3630821,149.1650635,15.00
114.90,40,follower,-35.3630821,149.1650635,15.00
115.40,40,follower,-35.3630821,149.1650635,15.00
115.90,40,follower,-35.3630821,149.1650635,15.00
116.40,40,follower,-35.3630821,149.1650635,15.00
116.90,40,follower,-35.3630821,149.1650635,15.00
117.39,40,follower,-35.3630821,149.1650635,15.00
117.90,40,follower,-35.3630821,149.1650635,15.00
118.40,40,follower,-35.3630821,149.1650635,15.00
118.90,40,follower,-35.3630821,149.1650635,15.00
119.40,40,follower,-35.3630821,149.1650635,15.00
119.90,40,follower,-35.3630821,149.1650635,15.00
120.40,40,follower,-35.3630821,149.1650635,15.00
120.90,40,follower,-35.3630821,149.1650635,15.00
121.40,40,follower,-35.3630821,149.1650635,15.00
121.90,40,follower,-35.3630821,149.1650635,15.00
122.40,40,follower,-35.3630821,149.1650635,15.00
122.90,40,follower,-35.3630821,149.1650635,15.00
123.40,40,follower,-35.3630821,149.1650635,15.00
123.90,40,follower,-35.3630821,149.1650635,15.00
124.40,40,follower,-35.3630821,149.1650635,15.00
124.90,40,follower,-35.3630821,149.1650635,15.00
125.40,40,follower,-35.3630805,149.1650634,15.00
125.90,40,follower,-35.3630733,149.1650632,15.00
126.40,40,follower,-35.3630609,149.1650630,15.00
126.90,40,follower,-35.3630480,149.1650631,15.00
127.40,40,follower,-35.3630383,149.1650631,15.00
127.90,40,follower,-35.3630292,149.1650633,15.00
128.40,40,follower,-35.3630206,149.1650633,15.00
128.90,40,follower,-35.3630112,149.1650633,15.00
129.40,40,follower,-35.3630015,149.1650633,15.00
129.90,40,follower,-35.3629920,149.1650633,15.00
130.40,40,follower,-35.3629828,149.1650633,15.00
130.90,40,follower,-35.3629738,149.1650633,15.00
131.40,40,follower,-35.3629648,149.1650633,15.00
131.90,40,follower,-35.3629559,149.1650633,15.00
132.40,40,follower,-35.3629470,149.1650633,15.00
132.90,40,follower,-35.3629381,149.1650633,15.00
133.40,40,follower,-35.3629292,149.1650633,15.00
133.90,40,follower,-35.3629203,149.1650633,15.00
134.40,40,follower,-35.3629114,149.1650633,15.00
134.90,40,follower,-35.3629026,149.1650633,15.00
135.40,40,follower,-35.3628937,149.1650633,15.00
135.90,40,follower,-35.3628848,149.1650633,15.00
136.40,40,follower,-35.3628760,149.1650633,15.00
136.90,40,follower,-35.3628671,149.1650633,15.00
137.40,40,follower,-35.3628581,149.1650633,15.00
137.90,40,follower,-35.3628491,149.1650633,15.00
138.40,40,follower,-35.3628402,149.1650633,15.00
138.90,40,follower,-35.3628313,149.1650632,15.00
139.40,40,follower,-35.3628224,149.1650632,15.00
139.90,40,follower,-35.3628135,149.1650632,15.00
140.40,40,follower,-35.3628057,149.1650632,15.00
140.90,40,follower,-35.3628028,149.1650632,15.00
141.40,40,follower,-35.3628055,149.1650638,15.00
141.90,40,follower,-35.3628094,149.1650684,15.00
142.40,40,follower,-35.3628102,149.1650785,15.00
142.90,40,follower,-35.3628101,149.1650956,15.00
143.40,40,follower,-35.3628101,149.1651160,15.01
143.90,40,follower,-35.3628103,149.1651334,15.00
144.40,40,follower,-35.3628110,149.1651457,15.00
144.90,40,follower,-35.3628118,149.1651572,15.00
145.40,40,follower,-35.3628122,149.1651700,15.00
145.90,40,follower,-35.3628124,149.1651823,15.00
146.40,40,follower,-35.3628124,149.1651942,15.00
146.90,40,follower,-35.3628124,149.1652058,15.00
147.40,40,follower,-35.3628124,149.1652170,15.00
147.90,40,follower,-35.3628123,149.1652279,15.00
148.40,40,follower,-35.3628123,149.1652388,15.00
148.90,40,follower,-35.3628123,149.1652497,15.00
149.40,40,follower,-35.3628123,149.1652604,15.00
149.91,40,follower,-35.3628123,149.1652713,15.00
150.41,40,follower,-35.3628123,149.1652822,15.00
150.90,40,follower,-35.3628122,149.1652932,15.00
151.40,40,follower,-35.3628122,149.1653041,15.00
151.90,40,follower,-35.3628122,149.1653150,15.00
152.40,40,follower,-35.3628122,149.1653259,15.00
152.90,40,follower,-35.3628122,149.1653368,15.00
153.40,40,follower,-35.3628122,149.1653477,15.00
153.90,40,follower,-35.3628122,149.1653585,15.00
154.40,40,follower,-35.3628122,149.1653693,15.00
154.90,40,follower,-35.3628122,149.1653802,15.00
155.41,40,follower,-35.3628122,149.1653904,15.00
155.90,40,follower,-35.3628123,149.1653957,15.00
156.40,40,follower,-35.3628129,149.1653938,15.00
156.90,40,follower,-35.3628166,149.1653897,15.00
157.41,40,follower,-35.3628251,149.1653884,15.00
157.90,40,follower,-35.3628390,149.1653880,15.01
158.41,40,follower,-35.3628548,149.1653874,15.01
158.90,40,follower,-35.3628680,149.1653867,15.00
159.41,40,follower,-35.3628777,149.1653858,15.00
159.91,40,follower,-35.3628876,149.1653849,15.00
160.41,40,follower,-35.3628971,149.1653845,15.00
160.90,40,follower,-35.3629069,149.1653843,15.00
161.41,40,follower,-35.3629167,149.1653842,15.00
161.90,40,follower,-35.3629261,149.1653842,15.00
162.41,40,follower,-35.3629352,149.1653843,15.00
162.91,40,follower,-35.3629441,149.1653843,15.00
163.41,40,follower,-35.3629530,149.1653843,15.00
163.91,40,follower,-35.3629619,149.1653843,15.00
164.41,40,follower,-35.3629708,149.1653843,15.00
164.91,40,follower,-35.3629797,149.1653843,15.00
165.40,40,follower,-35.3629886,149.1653843,15.00
165.91,40,follower,-35.3629976,149.1653843,15.00
166.41,40,follower,-35.3630065,149.1653843,15.00
166.91,40,follower,-35.3630153,149.1653843,15.00
167.41,40,follower,-35.3630242,149.1653843,15.00
167.91,40,follower,-35.3630332,149.1653843,15.00
168.40,40,follower,-35.3630420,149.1653844,15.00
168.91,40,follower,-35.3630508,149.1653844,15.00
169.41,40,follower,-35.3630597,149.1653844,15.00
169.91,40,follower,-35.3630685,149.1653843,15.00
170.41,40,follower,-35.3630771,149.1653843,15.00
170.91,40,follower,-35.3630829,149.1653843,15.00
171.41,40,follower,-35.3630828,149.1653841,15.00
171.91,40,follower,-35.3630786,149.1653819,15.00
172.41,40,follower,-35.3630760,149.1653747,15.00
172.91,40,follower,-35.3630762,149.1653614,15.00
173.41,40,follower,-35.3630764,149.1653417,15.01
173.91,40,follower,-35.3630762,149.1653205,15.01
174.41,40,follower,-35.3630758,149.1653047,15.00
174.91,40,follower,-35.3630751,149.1652932,15.00
175.40,40,follower,-35.3630744,149.1652830,15.00
175.91,40,follower,-35.3630740,149.1652709,15.00
176.41,40,follower,-35.3630738,149.1652592,15.00
176.91,40,follower,-35.3630738,149.1652476,15.00
177.41,40,follower,-35.3630738,149.1652374,15.00
177.91,40,follower,-35.3630738,149.1652259,15.00
178.41,40,follower,-35.3630739,149.1652143,15.00
178.91,40,follower,-35.3630739,149.1652031,15.00
179.41,40,follower,-35.3630740,149.1651920,15.00
179.91,40,follower,-35.3630740,149.1651810,15.00
180.41,40,follower,-35.3630740,149.1651700,15.00
180.91,40,follower,-35.3630740,149.1651590,15.00
181.41,40,follower,-35.3630740,149.1651481,15.00
181.91,40,follower,-35.3630740,149.1651371,15.00
182.41,40,follower,-35.3630740,149.1651261,15.00
182.91,40,follower,-35.3630740,149.1651152,15.00
183.41,40,follower,-35.3630740,149.1651044,15.00
183.91,40,follower,-35.3630740,149.1650935,15.00
184.41,40,follower,-35.3630740,149.1650826,15.00
184.91,40,follower,-35.3630739,149.1650717,15.00
185.41,40,follower,-35.3630739,149.1650610,15.00
185.91,40,follower,-35.3630739,149.1650530,15.00
186.41,40,follower,-35.3630739,149.1650520,15.00
186.91,40,follower,-35.3630737,149.1650560,15.01
187.41,40,follower,-35.3630736,149.1650584,15.00
187.91,40,follower,-35.3630736,149.1650589,15.00
188.41,40,follower,-35.3630736,149.1650590,15.00
188.91,40,follower,-35.3630737,149.1650593,15.00
189.41,40,follower,-35.3630738,149.1650597,15.00
189.91,40,follower,-35.3630739,149.1650603,15.00
190.41,40,follower,-35.3630740,149.1650607,15.00
190.91,40,follower,-35.3630740,149.1650610,15.00
191.41,40,follower,-35.3630740,149.1650612,15.00
93.39,41,follower,-35.3633015,149.1655040,2.23
93.89,41,follower,-35.3633015,149.1655040,3.39
94.39,41,follower,-35.3633015,149.1655040,4.67
94.90,41,follower,-35.3633015,149.1655040,5.95
95.39,41,follower,-35.3633015,149.1655040,7.19
95.89,41,follower,-35.3633015,149.1655040,8.42
96.39,41,follower,-35.3633015,149.1655040,9.66
96.89,41,follower,-35.3633015,149.1655040,10.90
97.39,41,follower,-35.3633015,149.1655040,12.13
97.89,41,follower,-35.3633015,149.1655040,13.22
98.40,41,follower,-35.3633015,149.1655040,14.08
98.89,41,follower,-35.3633015,149.1655040,14.67
99.40,41,follower,-35.3633015,149.1655040,15.01
99.89,41,follower,-35.3633015,149.1655040,15.10
100.39,41,follower,-35.3633015,149.1655040,14.99
100.89,41,follower,-35.3633015,149.1655040,14.95
101.39,41,follower,-35.3633015,149.1655040,14.96
101.89,41,follower,-35.3633015,149.1655039,14.96
102.40,41,follower,-35.3633015,149.1655039,14.97
102.89,41,follower,-35.3633015,149.1655038,14.98
103.40,41,follower,-35.3633014,149.1655038,14.98
103.89,41,follower,-35.3633014,149.1655038,14.98
104.40,41,follower,-35.3633014,149.1655038,14.99
104.89,41,follower,-35.3633014,149.1655038,14.99
105.39,41,follower,-35.3633014,149.1655038,14.99
105.89,41,follower,-35.3633014,149.1655038,14.99
106.40,41,follower,-35.3633014,149.1655038,14.99
106.90,41,follower,-35.3633014,149.1655038,14.99
107.39,41,follower,-35.3633014,149.1655038,14.99
107.90,41,follower,-35.3633014,149.1655038,15.00
108.39,41,follower,-35.3633014,149.1655039,15.00
108.90,41,follower,-35.3633014,149.1655039,15.00
109.40,41,follower,-35.3633015,149.1655039,15.00
109.89,41,follower,-35.3633014,149.1655039,15.00
110.40,41,follower,-35.3633014,149.1655039,15.00
110.89,41,follower,-35.3633014,149.1655039,15.00
111.40,41,follower,-35.3633014,149.1655039,15.00
111.89,41,follower,-35.3633014,149.1655039,15.00
112.39,41,follower,-35.3633014,149.1655039,15.00
112.90,41,follower,-35.3633014,149.1655039,15.00
113.40,41,follower,-35.3633014,149.1655039,15.00
113.90,41,follower,-35.3633014,149.1655039,15.00
114.39,41,follower,-35.3633014,149.1655039,15.00
114.90,41,follower,-35.3633014,149.1655039,15.00
115.39,41,follower,-35.3633014,149.1655039,15.00
115.89,41,follower,-35.3633014,149.1655039,15.00
116.40,41,follower,-35.3633014,149.1655039,15.00
116.90,41,follower,-35.3633014,149.1655039,15.00
117.39,41,follower,-35.3633014,149.1655039,15.00
117.90,41,follower,-35.3633014,149.1655039,15.00
118.40,41,follower,-35.3633014,149.1655039,15.00
118.89,41,follower,-35.3633014,149.1655039,15.00
119.40,41,follower,-35.3633014,149.1655039,15.00
119.90,41,follower,-35.3633014,149.1655039,15.00
120.40,41,follower,-35.3633014,149.1655039,15.00
120.90,41,follower,-35.3633014,149.1655039,15.00
121.40,41,follower,-35.3633015,149.1655039,15.00
121.90,41,follower,-35.3633015,149.1655039,15.00
122.40,41,follower,-35.3633015,149.1655039,15.00
122.90,41,follower,-35.3633015,149.1655039,15.00
123.40,41,follower,-35.3633015,149.1655039,15.00
123.90,41,follower,-35.3633015,149.1655039,15.00
124.40,41,follower,-35.3633015,149.1655039,15.00
124.90,41,follower,-35.3633014,149.1655039,15.00
125.40,41,follower,-35.3632996,149.1655037,15.00
125.90,41,follower,-35.3632922,149.1655036,15.00
126.40,41,follower,-35.3632804,149.1655034,15.00
126.90,41,follower,-35.3632687,149.1655034,15.00
127.40,41,follower,-35.3632591,149.1655035,15.00
127.90,41,follower,-35.3632493,149.1655037,15.00
128.40,41,follower,-35.3632402,149.1655037,15.00
128.90,41,follower,-35.3632301,149.1655037,15.00
129.40,41,follower,-35.3632208,149.1655037,15.00
129.90,41,follower,-35.3632113,149.1655037,15.00
130.40,41,follower,-35.3632029,149.1655037,15.00
130.90,41,follower,-35.3631934,149.1655037,15.00
131.40,41,follower,-35.3631844,149.1655037,15.00
131.90,41,follower,-35.3631752,149.1655037,15.00
132.40,41,follower,-35.3631658,149.1655037,15.00
132.90,41,follower,-35.3631567,149.1655037,15.00
133.40,41,follower,-35.3631478,149.1655037,15.00
133.90,41,follower,-35.3631389,149.1655037,15.00
134.40,41,follower,-35.3631300,149.1655037,15.00
134.90,41,follower,-35.3631210,149.1655037,15.00
135.40,41,follower,-35.3631121,149.1655037,15.00
135.90,41,follower,-35.3631032,149.1655037,15.00
136.40,41,follower,-35.3630944,149.1655037,15.00
136.90,41,follower,-35.3630856,149.1655037,15.00
137.40,41,follower,-35.3630767,149.1655037,15.00
137.90,41,follower,-35.3630678,149.1655037,15.00
138.40,41,follower,-35.3630588,149.1655036,15.00
138.90,41,follower,-35.3630499,149.1655036,15.00
139.40,41,follower,-35.3630410,149.1655036,15.00
139.90,41,follower,-35.3630322,149.1655036,15.00
140.40,41,follower,-35.3630246,149.1655036,15.00
140.90,41,follower,-35.3630222,149.1655036,15.00
141.40,41,follower,-35.3630251,149.1655044,15.00
141.90,41,follower,-35.3630290,149.1655091,15.00
142.40,41,follower,-35.3630297,149.1655195,15.00
142.90,41,follower,-35.3630295,149.1655368,15.01
143.40,41,follower,-35.3630294,149.1655572,15.01
143.90,41,follower,-35.3630296,149.1655743,15.00
144.40,41,follower,-35.3630302,149.1655863,15.00
144.90,41,follower,-35.3630309,149.1655985,15.00
145.40,41,follower,-35.3630314,149.1656102,15.00
145.90,41,follower,-35.3630316,149.1656225,15.00
146.41,41,follower,-35.3630316,149.1656335,15.00
146.90,41,follower,-35.3630316,149.1656456,15.00
147.40,41,follower,-35.3630316,149.1656567,15.00
147.90,41,follower,-35.3630316,149.1656679,15.00
148.40,41,follower,-35.3630316,149.1656786,15.00
148.90,41,follower,-35.3630316,149.1656899,15.00
149.40,41,follower,-35.3630315,149.1657012,15.00
149.90,41,follower,-35.3630315,149.1657123,15.00
150.40,41,follower,-35.3630315,149.1657233,15.00
150.90,41,follower,-35.3630315,149.1657344,15.00
151.40,41,follower,-35.3630315,149.1657453,15.00
151.91,41,follower,-35.3630315,149.1657562,15.00
152.40,41,follower,-35.3630315,149.1657670,15.00
152.90,41,follower,-35.3630315,149.1657779,15.00
153.40,41,follower,-35.3630315,149.1657889,15.00
153.90,41,follower,-35.3630316,149.1657997,15.00
154.41,41,follower,-35.3630316,149.1658105,15.00
154.90,41,follower,-35.3630316,149.1658214,15.00
155.41,41,follower,-35.3630316,149.1658314,15.00
155.91,41,follower,-35.3630316,149.1658363,15.00
156.41,41,follower,-35.3630319,149.1658340,15.00
156.90,41,follower,-35.3630349,149.1658287,15.00
157.41,41,follower,-35.3630422,149.1658271,15.00
157.90,41,follower,-35.3630548,149.1658274,15.01
158.40,41,follower,-35.3630712,149.1658276,15.01
158.90,41,follower,-35.3630857,149.1658274,15.01
159.41,41,follower,-35.3630961,149.1658266,15.00
159.90,41,follower,-35.3631066,149.1658257,15.00
160.41,41,follower,-35.3631162,149.1658250,15.00
160.90,41,follower,-35.3631265,149.1658247,15.00
161.41,41,follower,-35.3631359,149.1658246,15.00
161.91,41,follower,-35.3631452,149.1658246,15.00
162.41,41,follower,-35.3631536,149.1658246,15.00
162.90,41,follower,-35.3631630,149.1658246,15.00
163.41,41,follower,-35.3631720,149.1658246,15.00
163.91,41,follower,-35.3631812,149.1658247,15.00
164.41,41,follower,-35.3631899,149.1658248,15.00
164.91,41,follower,-35.3631990,149.1658248,15.00
165.40,41,follower,-35.3632084,149.1658247,15.00
165.91,41,follower,-35.3632176,149.1658247,15.00
166.41,41,follower,-35.3632267,149.1658247,15.00
166.90,41,follower,-35.3632356,149.1658248,15.00
167.41,41,follower,-35.3632445,149.1658248,15.00
167.91,41,follower,-35.3632535,149.1658248,15.00
168.41,41,follower,-35.3632624,149.1658247,15.00
168.91,41,follower,-35.3632712,149.1658247,15.00
169.40,41,follower,-35.3632801,149.1658247,15.00
169.91,41,follower,-35.3632889,149.1658247,15.00
170.41,41,follower,-35.3632974,149.1658247,15.00
170.91,41,follower,-35.3633026,149.1658247,15.00
171.41,41,follower,-35.3633017,149.1658245,15.00
171.91,41,follower,-35.3632974,149.1658217,15.00
172.41,41,follower,-35.3632953,149.1658139,15.00
172.91,41,follower,-35.3632956,149.1657998,15.00
173.41,41,follower,-35.3632957,149.1657800,15.01
173.91,41,follower,-35.3632956,149.1657609,15.01
174.41,41,follower,-35.3632951,149.1657477,15.00
174.91,41,follower,-35.3632944,149.1657363,15.00
175.41,41,follower,-35.3632938,149.1657247,15.00
175.91,41,follower,-35.3632934,149.1657130,15.00
176.41,41,follower,-35.3632932,149.1657015,15.00
176.91,41,follower,-35.3632931,149.1656902,15.00
177.41,41,follower,-35.3632931,149.1656785,15.00
177.91,41,follower,-35.3632931,149.1656662,15.00
178.41,41,follower,-35.3632932,149.1656556,15.00
178.91,41,follower,-35.3632932,149.1656438,15.00
179.41,41,follower,-35.3632932,149.1656328,15.00
179.91,41,follower,-35.3632932,149.1656213,15.00
180.41,41,follower,-35.3632932,149.1656106,15.00
180.91,41,follower,-35.3632932,149.1655993,15.00
181.41,41,follower,-35.3632933,149.1655886,15.00
181.91,41,follower,-35.3632933,149.1655774,15.00
182.41,41,follower,-35.3632933,149.1655660,15.00
182.91,41,follower,-35.3632933,149.1655549,15.00
183.41,41,follower,-35.3632933,149.1655440,15.00
183.91,41,follower,-35.3632933,149.1655331,15.00
184.41,41,follower,-35.3632933,149.1655223,15.00
184.91,41,follower,-35.3632932,149.1655114,15.00
185.41,41,follower,-35.3632932,149.1655007,15.00
185.91,41,follower,-35.3632932,149.1654930,15.00
186.41,41,follower,-35.3632931,149.1654925,15.00
186.91,41,follower,-35.3632930,149.1654966,15.00
187.41,41,follower,-35.3632929,149.1654988,15.00
187.91,41,follower,-35.3632929,149.1654993,15.00
188.41,41,follower,-35.3632929,149.1654994,15.00
188.91,41,follower,-35.3632930,149.1654997,15.00
189.41,41,follower,-35.3632931,149.1655002,15.00
189.91,41,follower,-35.3632932,149.1655007,15.00
190.41,41,follower,-35.3632932,149.1655011,15.00
190.91,41,follower,-35.3632932,149.1655014,15.00
191.41,41,follower,-35.3632932,149.1655016,15.00
