t_s,mesh_sysid,role,lat,lon,rel_alt_m
46.94,1,leader,-35.3632609,149.1652298,2.23
47.44,1,leader,-35.3632609,149.1652298,3.39
47.94,1,leader,-35.3632609,149.1652298,4.67
48.44,1,leader,-35.3632609,149.1652298,5.95
48.94,1,leader,-35.3632609,149.1652298,7.19
49.44,1,leader,-35.3632609,149.1652298,8.42
49.94,1,leader,-35.3632609,149.1652298,9.66
50.44,1,leader,-35.3632609,149.1652298,10.90
50.94,1,leader,-35.3632609,149.1652298,12.13
51.44,1,leader,-35.3632609,149.1652298,13.22
51.94,1,leader,-35.3632609,149.1652298,14.06
52.44,1,leader,-35.3632609,149.1652298,14.63
52.94,1,leader,-35.3632609,149.1652298,14.94
53.44,1,leader,-35.3632609,149.1652298,15.00
53.94,1,leader,-35.3632609,149.1652298,14.97
54.44,1,leader,-35.3632609,149.1652298,14.95
54.95,1,leader,-35.3632609,149.1652298,14.95
55.44,1,leader,-35.3632609,149.1652298,14.97
55.94,1,leader,-35.3632609,149.1652298,14.98
56.44,1,leader,-35.3632609,149.1652298,14.98
56.94,1,leader,-35.3632609,149.1652297,14.99
57.44,1,leader,-35.3632609,149.1652297,14.99
57.94,1,leader,-35.3632608,149.1652297,14.99
58.44,1,leader,-35.3632608,149.1652297,14.99
58.94,1,leader,-35.3632608,149.1652297,14.99
59.44,1,leader,-35.3632608,149.1652297,14.99
59.94,1,leader,-35.3632608,149.1652297,14.99
60.45,1,leader,-35.3632608,149.1652297,15.00
60.94,1,leader,-35.3632608,149.1652298,15.00
61.44,1,leader,-35.3632608,149.1652298,15.00
61.94,1,leader,-35.3632608,149.1652298,15.00
62.44,1,leader,-35.3632608,149.1652298,15.00
62.94,1,leader,-35.3632608,149.1652298,15.00
63.45,1,leader,-35.3632608,149.1652298,15.00
63.95,1,leader,-35.3632608,149.1652298,15.00
64.45,1,leader,-35.3632608,149.1652298,15.00
64.95,1,leader,-35.3632608,149.1652298,15.00
65.45,1,leader,-35.3632609,149.1652298,15.00
65.94,1,leader,-35.3632609,149.1652298,15.00
66.44,1,leader,-35.3632609,149.1652298,15.00
66.94,1,leader,-35.3632609,149.1652298,15.00
67.45,1,leader,-35.3632609,149.1652298,15.00
67.95,1,leader,-35.3632609,149.1652298,15.00
68.44,1,leader,-35.3632609,149.1652298,15.00
68.94,1,leader,-35.3632609,149.1652298,15.00
69.45,1,leader,-35.3632609,149.1652298,15.00
69.95,1,leader,-35.3632609,149.1652298,15.00
70.45,1,leader,-35.3632609,149.1652298,15.00
70.95,1,leader,-35.3632609,149.1652298,15.00
71.45,1,leader,-35.3632609,149.1652298,15.00
71.95,1,leader,-35.3632609,149.1652298,15.00
72.45,1,leader,-35.3632609,149.1652298,15.00
72.95,1,leader,-35.3632609,149.1652298,15.00
73.44,1,leader,-35.3632609,149.1652298,15.00
73.95,1,leader,-35.3632609,149.1652298,15.00
74.44,1,leader,-35.3632609,149.1652298,15.00
74.94,1,leader,-35.3632609,149.1652298,15.00
75.45,1,leader,-35.3632609,149.1652298,15.00
75.95,1,leader,-35.3632609,149.1652298,15.00
76.45,1,leader,-35.3632609,149.1652298,15.00
76.94,1,leader,-35.3632609,149.1652298,15.00
77.44,1,leader,-35.3632609,149.1652298,15.00
77.94,1,leader,-35.3632609,149.1652298,15.00
78.45,1,leader,-35.3632609,149.1652298,15.00
78.94,1,leader,-35.3632609,149.1652298,15.00
79.44,1,leader,-35.3632609,149.1652298,15.00
79.95,1,leader,-35.3632609,149.1652298,15.00
80.45,1,leader,-35.3632609,149.1652298,15.00
80.94,1,leader,-35.3632609,149.1652298,15.00
81.44,1,leader,-35.3632609,149.1652298,15.00
81.95,1,leader,-35.3632609,149.1652298,15.00
82.45,1,leader,-35.3632609,149.1652298,15.00
82.95,1,leader,-35.3632609,149.1652298,15.00
83.45,1,leader,-35.3632609,149.1652298,15.00
83.95,1,leader,-35.3632609,149.1652298,15.00
84.45,1,leader,-35.3632609,149.1652298,15.00
84.95,1,leader,-35.3632609,149.1652298,15.00
85.45,1,leader,-35.3632609,149.1652298,15.00
85.95,1,leader,-35.3632609,149.1652298,15.00
86.45,1,leader,-35.3632609,149.1652298,15.00
86.95,1,leader,-35.3632609,149.1652298,15.00
87.44,1,leader,-35.3632609,149.1652298,15.00
87.95,1,leader,-35.3632609,149.1652298,15.00
88.45,1,leader,-35.3632609,149.1652298,15.00
88.95,1,leader,-35.3632609,149.1652298,15.00
89.45,1,leader,-35.3632609,149.1652298,15.00
89.95,1,leader,-35.3632609,149.1652298,15.00
90.45,1,leader,-35.3632609,149.1652298,15.00
90.95,1,leader,-35.3632609,149.1652298,15.00
91.45,1,leader,-35.3632609,149.1652298,15.00
91.95,1,leader,-35.3632609,149.1652298,15.00
92.45,1,leader,-35.3632609,149.1652298,15.00
92.95,1,leader,-35.3632609,149.1652298,15.00
93.45,1,leader,-35.3632609,149.1652298,15.00
93.95,1,leader,-35.3632609,149.1652298,15.00
94.45,1,leader,-35.3632609,149.1652298,15.00
94.95,1,leader,-35.3632609,149.1652298,15.00
95.45,1,leader,-35.3632609,149.1652298,15.00
95.95,1,leader,-35.3632609,149.1652298,15.00
96.45,1,leader,-35.3632609,149.1652298,15.00
96.95,1,leader,-35.3632609,149.1652298,15.00
97.45,1,leader,-35.3632609,149.1652298,15.00
97.95,1,leader,-35.3632609,149.1652298,15.00
98.45,1,leader,-35.3632609,149.1652298,15.00
98.95,1,leader,-35.3632609,149.1652298,15.00
99.45,1,leader,-35.3632609,149.1652298,15.00
99.95,1,leader,-35.3632609,149.1652298,15.00
100.45,1,leader,-35.3632609,149.1652298,15.00
100.95,1,leader,-35.3632609,149.1652298,15.00
101.45,1,leader,-35.3632609,149.1652298,15.00
101.95,1,leader,-35.3632609,149.1652298,15.00
102.45,1,leader,-35.3632609,149.1652298,15.00
102.95,1,leader,-35.3632609,149.1652298,15.00
103.45,1,leader,-35.3632609,149.1652298,15.00
103.95,1,leader,-35.3632609,149.1652298,15.00
104.45,1,leader,-35.3632609,149.1652298,15.00
104.95,1,leader,-35.3632609,149.1652298,15.00
105.45,1,leader,-35.3632609,149.1652298,15.00
105.95,1,leader,-35.3632609,149.1652298,15.00
106.45,1,leader,-35.3632609,149.1652298,15.00
106.95,1,leader,-35.3632609,149.1652298,15.00
107.45,1,leader,-35.3632609,149.1652298,15.00
107.95,1,leader,-35.3632609,149.1652298,15.00
108.45,1,leader,-35.3632609,149.1652298,15.00
108.95,1,leader,-35.3632609,149.1652298,15.00
109.45,1,leader,-35.3632609,149.1652298,15.00
109.95,1,leader,-35.3632609,149.1652298,15.00
110.45,1,leader,-35.3632609,149.1652298,15.00
110.95,1,leader,-35.3632609,149.1652298,15.00
111.45,1,leader,-35.3632609,149.1652298,15.00
111.95,1,leader,-35.3632609,149.1652298,15.00
112.45,1,leader,-35.3632609,149.1652298,15.00
112.95,1,leader,-35.3632609,149.1652298,15.00
113.45,1,leader,-35.3632609,149.1652298,15.00
113.95,1,leader,-35.3632609,149.1652298,15.00
114.45,1,leader,-35.3632609,149.1652298,15.00
114.96,1,leader,-35.3632609,149.1652298,15.00
115.45,1,leader,-35.3632609,149.1652298,15.00
115.96,1,leader,-35.3632609,149.1652298,15.00
116.45,1,leader,-35.3632609,149.1652298,15.00
116.95,1,leader,-35.3632609,149.1652298,15.00
117.46,1,leader,-35.3632609,149.1652298,15.00
117.96,1,leader,-35.3632609,149.1652298,15.00
118.45,1,leader,-35.3632609,149.1652298,15.00
118.95,1,leader,-35.3632609,149.1652298,15.00
119.45,1,leader,-35.3632609,149.1652298,15.00
119.95,1,leader,-35.3632609,149.1652298,15.00
120.45,1,leader,-35.3632609,149.1652298,15.00
120.95,1,leader,-35.3632609,149.1652298,15.00
121.45,1,leader,-35.3632609,149.1652298,15.00
121.95,1,leader,-35.3632609,149.1652298,15.00
122.46,1,leader,-35.3632609,149.1652298,15.00
122.95,1,leader,-35.3632609,149.1652298,15.00
123.46,1,leader,-35.3632609,149.1652298,15.00
123.96,1,leader,-35.3632609,149.1652298,15.00
124.45,1,leader,-35.3632609,149.1652298,15.00
124.96,1,leader,-35.3632609,149.1652298,15.00
125.45,1,leader,-35.3632609,149.1652298,15.00
125.95,1,leader,-35.3632609,149.1652298,15.00
126.45,1,leader,-35.3632609,149.1652298,15.00
126.96,1,leader,-35.3632609,149.1652298,15.00
127.46,1,leader,-35.3632609,149.1652298,15.00
127.96,1,leader,-35.3632609,149.1652298,15.00
128.45,1,leader,-35.3632609,149.1652298,15.00
128.96,1,leader,-35.3632609,149.1652298,15.00
129.45,1,leader,-35.3632609,149.1652298,15.00
129.95,1,leader,-35.3632609,149.1652298,15.00
130.46,1,leader,-35.3632609,149.1652298,15.00
130.96,1,leader,-35.3632609,149.1652298,15.00
131.46,1,leader,-35.3632609,149.1652298,15.00
131.95,1,leader,-35.3632609,149.1652298,15.00
132.45,1,leader,-35.3632609,149.1652298,15.00
132.95,1,leader,-35.3632609,149.1652298,15.00
133.45,1,leader,-35.3632609,149.1652298,15.00
133.96,1,leader,-35.3632609,149.1652298,15.00
134.45,1,leader,-35.3632609,149.1652298,15.00
134.96,1,leader,-35.3632609,149.1652298,15.00
135.46,1,leader,-35.3632609,149.1652298,15.00
135.96,1,leader,-35.3632609,149.1652298,15.00
136.46,1,leader,-35.3632609,149.1652298,15.00
136.96,1,leader,-35.3632609,149.1652298,15.00
137.45,1,leader,-35.3632609,149.1652298,15.00
137.96,1,leader,-35.3632609,149.1652298,15.00
138.46,1,leader,-35.3632609,149.1652298,15.00
138.95,1,leader,-35.3632609,149.1652298,15.00
139.46,1,leader,-35.3632609,149.1652298,15.00
139.96,1,leader,-35.3632609,149.1652298,15.00
140.46,1,leader,-35.3632609,149.1652298,15.00
140.96,1,leader,-35.3632609,149.1652298,15.00
141.45,1,leader,-35.3632609,149.1652298,15.00
141.96,1,leader,-35.3632609,149.1652298,15.00
142.46,1,leader,-35.3632609,149.1652298,15.00
142.96,1,leader,-35.3632609,149.1652298,15.00
143.46,1,leader,-35.3632609,149.1652298,15.00
143.96,1,leader,-35.3632609,149.1652298,15.00
144.46,1,leader,-35.3632605,149.1652297,15.00
144.96,1,leader,-35.3632562,149.1652296,15.00
145.46,1,leader,-35.3632483,149.1652295,15.00
145.96,1,leader,-35.3632396,149.1652295,15.00
146.46,1,leader,-35.3632307,149.1652295,15.00
146.96,1,leader,-35.3632219,149.1652295,15.00
147.46,1,leader,-35.3632129,149.1652295,15.00
147.96,1,leader,-35.3632038,149.1652296,15.00
148.46,1,leader,-35.3631947,149.1652296,15.00
148.96,1,leader,-35.3631855,149.1652296,15.00
149.46,1,leader,-35.3631764,149.1652296,15.00
149.96,1,leader,-35.3631673,149.1652296,15.00
150.46,1,leader,-35.3631583,149.1652296,15.00
150.96,1,leader,-35.3631493,149.1652295,15.00
151.46,1,leader,-35.3631403,149.1652295,15.00
151.96,1,leader,-35.3631313,149.1652295,15.00
152.46,1,leader,-35.3631222,149.1652295,15.00
152.96,1,leader,-35.3631132,149.1652295,15.00
153.46,1,leader,-35.3631042,149.1652295,15.00
153.96,1,leader,-35.3630953,149.1652295,15.00
154.46,1,leader,-35.3630863,149.1652295,15.00
154.96,1,leader,-35.3630773,149.1652295,15.00
155.46,1,leader,-35.3630683,149.1652295,15.00
155.96,1,leader,-35.3630593,149.1652295,15.00
156.46,1,leader,-35.3630503,149.1652295,15.00
156.96,1,leader,-35.3630413,149.1652296,15.00
157.46,1,leader,-35.3630323,149.1652296,15.00
157.96,1,leader,-35.3630233,149.1652296,15.00
158.46,1,leader,-35.3630144,149.1652296,15.00
158.96,1,leader,-35.3630054,149.1652296,15.00
159.46,1,leader,-35.3629966,149.1652296,15.00
159.96,1,leader,-35.3629909,149.1652297,15.00
160.46,1,leader,-35.3629900,149.1652337,15.00
160.96,1,leader,-35.3629903,149.1652430,15.01
161.46,1,leader,-35.3629902,149.1652537,15.00
161.96,1,leader,-35.3629901,149.1652644,15.00
162.46,1,leader,-35.3629900,149.1652753,15.00
162.96,1,leader,-35.3629901,149.1652861,15.00
163.46,1,leader,-35.3629902,149.1652972,15.00
163.96,1,leader,-35.3629904,149.1653083,15.00
164.46,1,leader,-35.3629906,149.1653195,15.00
164.96,1,leader,-35.3629908,149.1653308,15.00
165.46,1,leader,-35.3629908,149.1653420,15.00
165.96,1,leader,-35.3629909,149.1653532,15.00
166.46,1,leader,-35.3629909,149.1653643,15.00
166.96,1,leader,-35.3629909,149.1653754,15.00
167.46,1,leader,-35.3629909,149.1653865,15.00
167.96,1,leader,-35.3629909,149.1653976,15.00
168.46,1,leader,-35.3629909,149.1654086,15.00
168.96,1,leader,-35.3629909,149.1654196,15.00
169.47,1,leader,-35.3629909,149.1654307,15.00
169.96,1,leader,-35.3629909,149.1654418,15.00
170.46,1,leader,-35.3629909,149.1654528,15.00
170.97,1,leader,-35.3629909,149.1654638,15.00
171.46,1,leader,-35.3629909,149.1654749,15.00
171.96,1,leader,-35.3629909,149.1654859,15.00
172.46,1,leader,-35.3629909,149.1654969,15.00
172.96,1,leader,-35.3629909,149.1655080,15.00
173.46,1,leader,-35.3629909,149.1655189,15.00
173.96,1,leader,-35.3629909,149.1655299,15.00
174.46,1,leader,-35.3629909,149.1655409,15.00
174.97,1,leader,-35.3629910,149.1655491,15.00
175.46,1,leader,-35.3629934,149.1655512,15.00
175.97,1,leader,-35.3630004,149.1655509,15.00
176.47,1,leader,-35.3630090,149.1655510,15.01
176.97,1,leader,-35.3630178,149.1655511,15.00
177.47,1,leader,-35.3630265,149.1655512,15.00
177.96,1,leader,-35.3630353,149.1655511,15.00
178.47,1,leader,-35.3630442,149.1655508,15.00
178.96,1,leader,-35.3630533,149.1655506,15.00
179.46,1,leader,-35.3630624,149.1655503,15.00
179.97,1,leader,-35.3630716,149.1655502,15.00
180.46,1,leader,-35.3630807,149.1655501,15.00
180.96,1,leader,-35.3630899,149.1655500,15.00
181.47,1,leader,-35.3630989,149.1655500,15.00
181.97,1,leader,-35.3631080,149.1655500,15.00
182.47,1,leader,-35.3631171,149.1655500,15.00
182.97,1,leader,-35.3631261,149.1655500,15.00
183.47,1,leader,-35.3631351,149.1655499,15.00
183.96,1,leader,-35.3631441,149.1655499,15.00
184.47,1,leader,-35.3631531,149.1655499,15.00
184.97,1,leader,-35.3631622,149.1655499,15.00
185.47,1,leader,-35.3631712,149.1655499,15.00
185.96,1,leader,-35.3631802,149.1655499,15.00
186.47,1,leader,-35.3631892,149.1655499,15.00
186.97,1,leader,-35.3631981,149.1655499,15.00
187.47,1,leader,-35.3632072,149.1655499,15.00
187.97,1,leader,-35.3632162,149.1655499,15.00
188.47,1,leader,-35.3632252,149.1655499,15.00
188.97,1,leader,-35.3632342,149.1655499,15.00
189.46,1,leader,-35.3632432,149.1655499,15.00
189.97,1,leader,-35.3632507,149.1655499,15.00
190.47,1,leader,-35.3632533,149.1655480,15.00
190.97,1,leader,-35.3632530,149.1655404,15.00
191.47,1,leader,-35.3632531,149.1655299,15.01
191.97,1,leader,-35.3632532,149.1655191,15.00
192.47,1,leader,-35.3632533,149.1655084,15.00
192.97,1,leader,-35.3632532,149.1654977,15.00
193.47,1,leader,-35.3632530,149.1654868,15.00
193.97,1,leader,-35.3632528,149.1654757,15.00
194.47,1,leader,-35.3632526,149.1654645,15.00
194.96,1,leader,-35.3632524,149.1654533,15.00
195.47,1,leader,-35.3632523,149.1654421,15.00
195.97,1,leader,-35.3632523,149.1654309,15.00
196.47,1,leader,-35.3632523,149.1654198,15.00
196.97,1,leader,-35.3632523,149.1654087,15.00
197.47,1,leader,-35.3632523,149.1653976,15.00
197.97,1,leader,-35.3632522,149.1653865,15.00
198.47,1,leader,-35.3632522,149.1653754,15.00
198.97,1,leader,-35.3632522,149.1653643,15.00
199.47,1,leader,-35.3632522,149.1653533,15.00
199.97,1,leader,-35.3632522,149.1653422,15.00
200.47,1,leader,-35.3632522,149.1653312,15.00
200.97,1,leader,-35.3632522,149.1653202,15.00
201.47,1,leader,-35.3632522,149.1653092,15.00
201.97,1,leader,-35.3632522,149.1652981,15.00
202.47,1,leader,-35.3632522,149.1652870,15.00
202.97,1,leader,-35.3632522,149.1652759,15.00
203.47,1,leader,-35.3632522,149.1652649,15.00
203.97,1,leader,-35.3632522,149.1652539,15.00
204.47,1,leader,-35.3632522,149.1652429,15.00
204.97,1,leader,-35.3632522,149.1652327,15.00
205.47,1,leader,-35.3632522,149.1652279,15.00
205.97,1,leader,-35.3632521,149.1652268,15.00
206.47,1,leader,-35.3632520,149.1652266,15.00
206.97,1,leader,-35.3632520,149.1652265,15.00
207.47,1,leader,-35.3632520,149.1652264,15.00
207.97,1,leader,-35.3632520,149.1652264,15.00
208.47,1,leader,-35.3632520,149.1652265,15.00
208.97,1,leader,-35.3632521,149.1652266,15.00
209.47,1,leader,-35.3632522,149.1652267,15.00
209.97,1,leader,-35.3632522,149.1652269,15.00
210.47,1,leader,-35.3632522,149.1652270,15.00
210.97,1,leader,-35.3632522,149.1652271,15.00
46.94,2,follower,-35.3632873,149.1652596,2.23
47.44,2,follower,-35.3632873,149.1652596,3.39
47.94,2,follower,-35.3632873,149.1652596,4.67
48.44,2,follower,-35.3632873,149.1652596,5.95
48.94,2,follower,-35.3632873,149.1652596,7.19
49.44,2,follower,-35.3632873,149.1652596,8.42
49.94,2,follower,-35.3632873,149.1652596,9.66
50.44,2,follower,-35.3632873,149.1652596,10.90
50.94,2,follower,-35.3632873,149.1652596,12.13
51.44,2,follower,-35.3632873,149.1652596,13.28
51.94,2,follower,-35.3632873,149.1652596,14.71
52.44,2,follower,-35.3632873,149.1652595,16.45
52.94,2,follower,-35.3632873,149.1652595,17.74
53.44,2,follower,-35.3632873,149.1652595,18.63
53.94,2,follower,-35.3632873,149.1652595,19.22
54.44,2,follower,-35.3632873,149.1652595,19.58
54.94,2,follower,-35.3632872,149.1652595,19.70
55.44,2,follower,-35.3632872,149.1652594,19.58
55.95,2,follower,-35.3632872,149.1652594,19.22
56.44,2,follower,-35.3632872,149.1652594,18.59
56.94,2,follower,-35.3632872,149.1652593,17.82
57.44,2,follower,-35.3632872,149.1652593,17.05
57.94,2,follower,-35.3632872,149.1652593,16.30
58.44,2,follower,-35.3632872,149.1652593,15.62
58.94,2,follower,-35.3632872,149.1652593,15.15
59.44,2,follower,-35.3632872,149.1652594,14.96
59.94,2,follower,-35.3632872,149.1652594,14.97
60.44,2,follower,-35.3632872,149.1652594,15.01
60.94,2,follower,-35.3632872,149.1652594,15.03
61.44,2,follower,-35.3632872,149.1652594,15.02
61.94,2,follower,-35.3632872,149.1652595,15.02
62.44,2,follower,-35.3632872,149.1652594,15.01
62.94,2,follower,-35.3632872,149.1652594,15.01
63.45,2,follower,-35.3632872,149.1652594,15.01
63.94,2,follower,-35.3632872,149.1652594,15.01
64.44,2,follower,-35.3632872,149.1652594,15.01
64.94,2,follower,-35.3632872,149.1652594,15.00
65.45,2,follower,-35.3632872,149.1652594,15.00
65.94,2,follower,-35.3632872,149.1652594,15.00
66.44,2,follower,-35.3632872,149.1652594,15.00
66.94,2,follower,-35.3632872,149.1652594,15.00
67.45,2,follower,-35.3632872,149.1652594,15.00
67.95,2,follower,-35.3632872,149.1652594,15.00
68.44,2,follower,-35.3632872,149.1652594,15.00
68.95,2,follower,-35.3632872,149.1652594,15.00
69.44,2,follower,-35.3632872,149.1652594,15.00
69.94,2,follower,-35.3632872,149.1652594,15.00
70.44,2,follower,-35.3632872,149.1652595,15.00
70.95,2,follower,-35.3632872,149.1652594,15.00
71.44,2,follower,-35.3632872,149.1652594,15.00
71.94,2,follower,-35.3632872,149.1652595,15.00
72.44,2,follower,-35.3632872,149.1652595,15.00
72.94,2,follower,-35.3632872,149.1652595,15.00
73.45,2,follower,-35.3632872,149.1652594,15.00
73.94,2,follower,-35.3632872,149.1652594,15.00
74.44,2,follower,-35.3632872,149.1652594,15.00
74.95,2,follower,-35.3632872,149.1652594,15.00
75.45,2,follower,-35.3632872,149.1652594,15.00
75.94,2,follower,-35.3632872,149.1652594,15.00
76.45,2,follower,-35.3632872,149.1652594,15.00
76.95,2,follower,-35.3632872,149.1652594,15.00
77.44,2,follower,-35.3632872,149.1652594,15.00
77.94,2,follower,-35.3632872,149.1652594,15.00
78.45,2,follower,-35.3632872,149.1652594,15.00
78.94,2,follower,-35.3632872,149.1652594,15.00
79.45,2,follower,-35.3632872,149.1652594,15.00
79.94,2,follower,-35.3632872,149.1652594,15.00
80.45,2,follower,-35.3632872,149.1652594,15.00
80.95,2,follower,-35.3632872,149.1652594,15.00
81.45,2,follower,-35.3632872,149.1652594,15.00
81.94,2,follower,-35.3632872,149.1652594,15.00
82.45,2,follower,-35.3632872,149.1652594,15.00
82.95,2,follower,-35.3632872,149.1652594,15.00
83.45,2,follower,-35.3632872,149.1652594,15.00
83.95,2,follower,-35.3632872,149.1652595,15.00
84.45,2,follower,-35.3632872,149.1652595,15.00
84.95,2,follower,-35.3632872,149.1652595,15.00
85.45,2,follower,-35.3632872,149.1652595,15.00
85.95,2,follower,-35.3632872,149.1652595,15.00
86.45,2,follower,-35.3632872,149.1652595,15.00
86.95,2,follower,-35.3632872,149.1652595,15.00
87.45,2,follower,-35.3632872,149.1652595,15.00
87.95,2,follower,-35.3632872,149.1652595,15.00
88.45,2,follower,-35.3632872,149.1652595,15.00
88.95,2,follower,-35.3632872,149.1652594,15.00
89.45,2,follower,-35.3632872,149.1652594,15.00
89.95,2,follower,-35.3632872,149.1652594,15.00
90.45,2,follower,-35.3632872,149.1652594,15.00
90.95,2,follower,-35.3632872,149.1652594,15.00
91.45,2,follower,-35.3632872,149.1652594,15.00
91.95,2,follower,-35.3632872,149.1652594,15.00
92.45,2,follower,-35.3632872,149.1652594,15.00
92.95,2,follower,-35.3632872,149.1652594,15.00
93.45,2,follower,-35.3632872,149.1652594,15.00
93.95,2,follower,-35.3632872,149.1652594,15.00
94.45,2,follower,-35.3632872,149.1652594,15.00
94.95,2,follower,-35.3632872,149.1652594,15.00
95.45,2,follower,-35.3632872,149.1652594,15.00
95.95,2,follower,-35.3632872,149.1652594,15.00
96.45,2,follower,-35.3632872,149.1652595,15.00
96.95,2,follower,-35.3632872,149.1652595,15.00
97.45,2,follower,-35.3632872,149.1652595,15.00
97.95,2,follower,-35.3632872,149.1652595,15.00
98.45,2,follower,-35.3632872,149.1652595,15.00
98.95,2,follower,-35.3632872,149.1652595,15.00
99.45,2,follower,-35.3632872,149.1652595,15.00
99.95,2,follower,-35.3632872,149.1652595,15.00
100.45,2,follower,-35.3632872,149.1652595,15.00
100.95,2,follower,-35.3632872,149.1652595,15.00
101.45,2,follower,-35.3632872,149.1652595,15.00
101.95,2,follower,-35.3632872,149.1652595,15.00
102.45,2,follower,-35.3632872,149.1652595,15.00
102.95,2,follower,-35.3632872,149.1652595,15.00
103.45,2,follower,-35.3632872,149.1652595,15.00
103.95,2,follower,-35.3632872,149.1652595,15.00
104.45,2,follower,-35.3632872,149.1652595,15.00
104.95,2,follower,-35.3632872,149.1652595,15.00
105.45,2,follower,-35.3632872,149.1652595,15.00
105.95,2,follower,-35.3632872,149.1652595,15.00
106.45,2,follower,-35.3632872,149.1652595,15.00
106.95,2,follower,-35.3632872,149.1652595,15.00
107.45,2,follower,-35.3632872,149.1652595,15.00
107.95,2,follower,-35.3632872,149.1652595,15.00
108.45,2,follower,-35.3632872,149.1652595,15.00
108.95,2,follower,-35.3632872,149.1652595,15.00
109.45,2,follower,-35.3632872,149.1652595,15.00
109.95,2,follower,-35.3632872,149.1652595,15.00
110.45,2,follower,-35.3632872,149.1652595,15.00
110.95,2,follower,-35.3632872,149.1652595,15.00
111.45,2,follower,-35.3632872,149.1652595,15.00
111.95,2,follower,-35.3632872,149.1652595,15.00
112.45,2,follower,-35.3632872,149.1652595,15.00
112.95,2,follower,-35.3632872,149.1652595,15.00
113.45,2,follower,-35.3632872,149.1652595,15.00
113.95,2,follower,-35.3632872,149.1652595,15.00
114.46,2,follower,-35.3632872,149.1652595,15.00
114.96,2,follower,-35.3632872,149.1652595,15.00
115.45,2,follower,-35.3632872,149.1652595,15.00
115.95,2,follower,-35.3632872,149.1652595,15.00
116.45,2,follower,-35.3632872,149.1652595,15.00
116.95,2,follower,-35.3632872,149.1652595,15.00
117.46,2,follower,-35.3632872,149.1652595,15.00
117.95,2,follower,-35.3632872,149.1652595,15.00
118.46,2,follower,-35.3632872,149.1652595,15.00
118.95,2,follower,-35.3632872,149.1652595,15.00
119.46,2,follower,-35.3632872,149.1652595,15.00
119.96,2,follower,-35.3632872,149.1652595,15.00
120.46,2,follower,-35.3632872,149.1652595,15.00
120.95,2,follower,-35.3632872,149.1652595,15.00
121.45,2,follower,-35.3632872,149.1652595,15.00
121.95,2,follower,-35.3632872,149.1652595,15.00
122.46,2,follower,-35.3632872,149.1652595,15.00
122.95,2,follower,-35.3632872,149.1652595,15.00
123.45,2,follower,-35.3632872,149.1652595,15.00
123.96,2,follower,-35.3632872,149.1652595,15.00
124.46,2,follower,-35.3632872,149.1652595,15.00
124.95,2,follower,-35.3632872,149.1652595,15.00
125.45,2,follower,-35.3632872,149.1652595,15.00
125.95,2,follower,-35.3632872,149.1652595,15.00
126.45,2,follower,-35.3632872,149.1652595,15.00
126.96,2,follower,-35.3632872,149.1652595,15.00
127.45,2,follower,-35.3632872,149.1652595,15.00
127.96,2,follower,-35.3632872,149.1652595,15.00
128.45,2,follower,-35.3632872,149.1652595,15.00
128.95,2,follower,-35.3632872,149.1652595,15.00
129.46,2,follower,-35.3632872,149.1652595,15.00
129.96,2,follower,-35.3632872,149.1652595,15.00
130.45,2,follower,-35.3632872,149.1652595,15.00
130.96,2,follower,-35.3632872,149.1652595,15.00
131.46,2,follower,-35.3632872,149.1652595,15.00
131.95,2,follower,-35.3632872,149.1652595,15.00
132.45,2,follower,-35.3632872,149.1652595,15.00
132.96,2,follower,-35.3632872,149.1652595,15.00
133.45,2,follower,-35.3632872,149.1652595,15.00
133.96,2,follower,-35.3632872,149.1652595,15.00
134.46,2,follower,-35.3632872,149.1652595,15.00
134.96,2,follower,-35.3632872,149.1652595,15.00
135.46,2,follower,-35.3632872,149.1652595,15.00
135.95,2,follower,-35.3632872,149.1652595,15.00
136.46,2,follower,-35.3632872,149.1652595,15.00
136.96,2,follower,-35.3632872,149.1652595,15.00
137.46,2,follower,-35.3632872,149.1652595,15.00
137.96,2,follower,-35.3632872,149.1652595,15.00
138.46,2,follower,-35.3632872,149.1652595,15.00
138.96,2,follower,-35.3632872,149.1652595,15.00
139.45,2,follower,-35.3632872,149.1652595,15.00
139.96,2,follower,-35.3632872,149.1652595,15.00
140.46,2,follower,-35.3632872,149.1652595,15.00
140.96,2,follower,-35.3632872,149.1652595,15.00
141.46,2,follower,-35.3632872,149.1652595,15.00
141.96,2,follower,-35.3632872,149.1652595,15.00
142.46,2,follower,-35.3632872,149.1652595,15.00
142.96,2,follower,-35.3632872,149.1652595,15.00
143.46,2,follower,-35.3632872,149.1652595,15.00
143.96,2,follower,-35.3632872,149.1652595,15.00
144.46,2,follower,-35.3632872,149.1652595,15.00
144.96,2,follower,-35.3632871,149.1652595,15.00
145.46,2,follower,-35.3632852,149.1652593,15.00
145.96,2,follower,-35.3632780,149.1652593,15.00
146.46,2,follower,-35.3632653,149.1652591,15.00
146.96,2,follower,-35.3632523,149.1652591,15.00
147.46,2,follower,-35.3632424,149.1652591,15.00
147.96,2,follower,-35.3632334,149.1652592,15.00
148.46,2,follower,-35.3632242,149.1652593,15.00
148.96,2,follower,-35.3632148,149.1652593,15.00
149.46,2,follower,-35.3632054,149.1652593,15.00
149.96,2,follower,-35.3631961,149.1652593,15.00
150.46,2,follower,-35.3631870,149.1652593,15.00
150.96,2,follower,-35.3631781,149.1652592,15.00
151.46,2,follower,-35.3631692,149.1652592,15.00
151.96,2,follower,-35.3631603,149.1652591,15.00
152.46,2,follower,-35.3631514,149.1652591,15.00
152.96,2,follower,-35.3631425,149.1652591,15.00
153.46,2,follower,-35.3631336,149.1652591,15.00
153.96,2,follower,-35.3631248,149.1652591,15.00
154.46,2,follower,-35.3631159,149.1652591,15.00
154.96,2,follower,-35.3631071,149.1652591,15.00
155.46,2,follower,-35.3630983,149.1652591,15.00
155.96,2,follower,-35.3630894,149.1652592,15.00
156.46,2,follower,-35.3630805,149.1652592,15.00
156.96,2,follower,-35.3630709,149.1652591,15.00
157.46,2,follower,-35.3630617,149.1652591,15.00
157.96,2,follower,-35.3630522,149.1652591,15.00
158.46,2,follower,-35.3630434,149.1652591,15.00
158.96,2,follower,-35.3630338,149.1652591,15.00
159.46,2,follower,-35.3630249,149.1652591,15.00
159.96,2,follower,-35.3630158,149.1652591,15.00
160.46,2,follower,-35.3630094,149.1652592,15.00
160.96,2,follower,-35.3630089,149.1652593,15.00
161.46,2,follower,-35.3630126,149.1652610,15.00
161.96,2,follower,-35.3630155,149.1652675,15.00
162.46,2,follower,-35.3630155,149.1652800,15.00
162.96,2,follower,-35.3630153,149.1652990,15.01
163.46,2,follower,-35.3630152,149.1653189,15.01
163.96,2,follower,-35.3630154,149.1653334,15.00
164.46,2,follower,-35.3630159,149.1653449,15.00
164.96,2,follower,-35.3630165,149.1653564,15.00
165.46,2,follower,-35.3630170,149.1653679,15.00
165.96,2,follower,-35.3630173,149.1653794,15.00
166.46,2,follower,-35.3630173,149.1653906,15.00
166.96,2,follower,-35.3630172,149.1654016,15.00
167.46,2,follower,-35.3630172,149.1654126,15.00
167.96,2,follower,-35.3630172,149.1654235,15.00
168.46,2,follower,-35.3630172,149.1654344,15.00
168.96,2,follower,-35.3630172,149.1654452,15.00
169.47,2,follower,-35.3630172,149.1654561,15.00
169.96,2,follower,-35.3630172,149.1654669,15.00
170.46,2,follower,-35.3630172,149.1654786,15.00
170.96,2,follower,-35.3630172,149.1654907,15.00
171.47,2,follower,-35.3630172,149.1655016,15.00
171.96,2,follower,-35.3630172,149.1655130,15.00
172.46,2,follower,-35.3630172,149.1655235,15.00
172.96,2,follower,-35.3630172,149.1655349,15.00
173.46,2,follower,-35.3630172,149.1655453,15.00
173.96,2,follower,-35.3630172,149.1655569,15.00
174.46,2,follower,-35.3630172,149.1655678,15.00
174.96,2,follower,-35.3630172,149.1655791,15.00
175.46,2,follower,-35.3630172,149.1655882,15.00
175.96,2,follower,-35.3630174,149.1655909,15.00
176.46,2,follower,-35.3630182,149.1655871,15.00
176.96,2,follower,-35.3630223,149.1655826,15.00
177.47,2,follower,-35.3630311,149.1655820,15.00
177.96,2,follower,-35.3630453,149.1655824,15.01
178.46,2,follower,-35.3630620,149.1655824,15.01
178.96,2,follower,-35.3630754,149.1655822,15.00
179.47,2,follower,-35.3630852,149.1655814,15.00
179.96,2,follower,-35.3630945,149.1655806,15.00
180.47,2,follower,-35.3631040,149.1655800,15.00
180.96,2,follower,-35.3631134,149.1655797,15.00
181.47,2,follower,-35.3631226,149.1655796,15.00
181.96,2,follower,-35.3631317,149.1655796,15.00
182.47,2,follower,-35.3631406,149.1655796,15.00
182.97,2,follower,-35.3631495,149.1655797,15.00
183.47,2,follower,-35.3631584,149.1655797,15.00
183.97,2,follower,-35.3631673,149.1655797,15.00
184.46,2,follower,-35.3631762,149.1655797,15.00
184.97,2,follower,-35.3631851,149.1655797,15.00
185.47,2,follower,-35.3631940,149.1655797,15.00
185.97,2,follower,-35.3632029,149.1655797,15.00
186.46,2,follower,-35.3632118,149.1655797,15.00
186.97,2,follower,-35.3632207,149.1655797,15.00
187.46,2,follower,-35.3632297,149.1655797,15.00
187.97,2,follower,-35.3632392,149.1655797,15.00
188.47,2,follower,-35.3632489,149.1655798,15.00
188.97,2,follower,-35.3632585,149.1655798,15.00
189.47,2,follower,-35.3632672,149.1655798,15.00
189.96,2,follower,-35.3632765,149.1655798,15.00
190.47,2,follower,-35.3632841,149.1655797,15.00
190.97,2,follower,-35.3632875,149.1655795,15.00
191.47,2,follower,-35.3632853,149.1655786,15.00
191.97,2,follower,-35.3632820,149.1655737,15.00
192.46,2,follower,-35.3632813,149.1655630,15.00
192.97,2,follower,-35.3632812,149.1655456,15.01
193.47,2,follower,-35.3632811,149.1655256,15.01
193.97,2,follower,-35.3632807,149.1655100,15.00
194.47,2,follower,-35.3632802,149.1654982,15.00
194.96,2,follower,-35.3632795,149.1654868,15.00
195.47,2,follower,-35.3632790,149.1654751,15.00
195.97,2,follower,-35.3632787,149.1654636,15.00
196.47,2,follower,-35.3632786,149.1654523,15.00
196.97,2,follower,-35.3632786,149.1654411,15.00
197.47,2,follower,-35.3632786,149.1654301,15.00
197.97,2,follower,-35.3632786,149.1654192,15.00
198.47,2,follower,-35.3632786,149.1654083,15.00
198.97,2,follower,-35.3632786,149.1653974,15.00
199.47,2,follower,-35.3632786,149.1653865,15.00
199.97,2,follower,-35.3632786,149.1653756,15.00
200.47,2,follower,-35.3632786,149.1653647,15.00
200.97,2,follower,-35.3632786,149.1653538,15.00
201.47,2,follower,-35.3632787,149.1653429,15.00
201.97,2,follower,-35.3632787,149.1653319,15.00
202.47,2,follower,-35.3632787,149.1653209,15.00
202.97,2,follower,-35.3632787,149.1653100,15.00
203.47,2,follower,-35.3632787,149.1652991,15.00
203.97,2,follower,-35.3632787,149.1652882,15.00
204.47,2,follower,-35.3632787,149.1652765,15.00
204.97,2,follower,-35.3632787,149.1652644,15.00
205.47,2,follower,-35.3632787,149.1652541,15.00
205.97,2,follower,-35.3632786,149.1652474,15.00
206.47,2,follower,-35.3632785,149.1652481,15.00
206.97,2,follower,-35.3632784,149.1652524,15.00
207.47,2,follower,-35.3632783,149.1652542,15.00
207.97,2,follower,-35.3632783,149.1652544,15.00
208.47,2,follower,-35.3632784,149.1652545,15.00
208.97,2,follower,-35.3632785,149.1652548,15.00
209.47,2,follower,-35.3632786,149.1652553,15.00
209.97,2,follower,-35.3632786,149.1652558,15.00
210.47,2,follower,-35.3632787,149.1652562,15.00
210.97,2,follower,-35.3632787,149.1652564,15.00
46.96,3,follower,-35.3632564,149.1651678,2.27
47.46,3,follower,-35.3632564,149.1651678,3.45
47.96,3,follower,-35.3632564,149.1651677,4.73
48.46,3,follower,-35.3632564,149.1651677,6.00
48.96,3,follower,-35.3632564,149.1651677,7.24
49.46,3,follower,-35.3632564,149.1651677,8.48
49.97,3,follower,-35.3632564,149.1651677,9.72
50.46,3,follower,-35.3632564,149.1651677,10.95
50.96,3,follower,-35.3632564,149.1651678,12.18
51.46,3,follower,-35.3632564,149.1651678,13.34
51.96,3,follower,-35.3632565,149.1651678,14.77
52.46,3,follower,-35.3632565,149.1651678,16.48
52.96,3,follower,-35.3632565,149.1651677,17.74
53.46,3,follower,-35.3632565,149.1651677,18.61
53.96,3,follower,-35.3632564,149.1651677,19.19
54.46,3,follower,-35.3632564,149.1651677,19.53
54.96,3,follower,-35.3632564,149.1651677,19.63
55.47,3,follower,-35.3632564,149.1651677,19.49
55.96,3,follower,-35.3632564,149.1651677,19.11
56.47,3,follower,-35.3632564,149.1651677,18.47
56.96,3,follower,-35.3632564,149.1651677,17.70
57.46,3,follower,-35.3632564,149.1651677,16.92
57.96,3,follower,-35.3632564,149.1651677,16.18
58.46,3,follower,-35.3632564,149.1651677,15.53
58.96,3,follower,-35.3632564,149.1651677,15.11
59.46,3,follower,-35.3632564,149.1651677,14.95
59.96,3,follower,-35.3632564,149.1651677,14.98
60.46,3,follower,-35.3632564,149.1651677,15.02
60.96,3,follower,-35.3632564,149.1651677,15.03
61.46,3,follower,-35.3632564,149.1651677,15.02
61.97,3,follower,-35.3632564,149.1651677,15.02
62.47,3,follower,-35.3632564,149.1651677,15.01
62.96,3,follower,-35.3632564,149.1651677,15.01
63.46,3,follower,-35.3632564,149.1651678,15.01
63.97,3,follower,-35.3632564,149.1651678,15.01
64.47,3,follower,-35.3632564,149.1651678,15.01
64.97,3,follower,-35.3632564,149.1651678,15.00
65.46,3,follower,-35.3632564,149.1651678,15.00
65.97,3,follower,-35.3632564,149.1651678,15.00
66.46,3,follower,-35.3632564,149.1651678,15.00
66.96,3,follower,-35.3632564,149.1651677,15.00
67.47,3,follower,-35.3632564,149.1651677,15.00
67.97,3,follower,-35.3632564,149.1651677,15.00
68.46,3,follower,-35.3632564,149.1651677,15.00
68.96,3,follower,-35.3632564,149.1651677,15.00
69.47,3,follower,-35.3632565,149.1651677,15.00
69.97,3,follower,-35.3632565,149.1651677,15.00
70.46,3,follower,-35.3632565,149.1651678,15.00
70.97,3,follower,-35.3632565,149.1651678,15.00
71.46,3,follower,-35.3632565,149.1651678,15.00
71.97,3,follower,-35.3632565,149.1651678,15.00
72.47,3,follower,-35.3632565,149.1651678,15.00
72.97,3,follower,-35.3632565,149.1651678,15.00
73.47,3,follower,-35.3632565,149.1651678,15.00
73.96,3,follower,-35.3632565,149.1651678,15.00
74.47,3,follower,-35.3632565,149.1651678,15.00
74.97,3,follower,-35.3632564,149.1651678,15.00
75.47,3,follower,-35.3632564,149.1651677,15.00
75.96,3,follower,-35.3632564,149.1651677,15.00
76.47,3,follower,-35.3632564,149.1651677,15.00
76.97,3,follower,-35.3632564,149.1651677,15.00
77.46,3,follower,-35.3632564,149.1651677,15.00
77.96,3,follower,-35.3632565,149.1651677,15.00
78.47,3,follower,-35.3632565,149.1651677,15.00
78.97,3,follower,-35.3632565,149.1651677,15.00
79.47,3,follower,-35.3632565,149.1651677,15.00
79.97,3,follower,-35.3632565,149.1651677,15.00
80.47,3,follower,-35.3632565,149.1651677,15.00
80.97,3,follower,-35.3632565,149.1651677,15.00
81.47,3,follower,-35.3632565,149.1651677,15.00
81.97,3,follower,-35.3632565,149.1651677,15.00
82.47,3,follower,-35.3632565,149.1651677,15.00
82.97,3,follower,-35.3632565,149.1651678,15.00
83.47,3,follower,-35.3632565,149.1651678,15.00
83.96,3,follower,-35.3632564,149.1651678,15.00
84.47,3,follower,-35.3632564,149.1651678,15.00
84.97,3,follower,-35.3632564,149.1651678,15.00
85.47,3,follower,-35.3632564,149.1651678,15.00
85.97,3,follower,-35.3632564,149.1651678,15.00
86.46,3,follower,-35.3632565,149.1651678,15.00
86.97,3,follower,-35.3632565,149.1651678,15.00
87.47,3,follower,-35.3632565,149.1651678,15.00
87.97,3,follower,-35.3632565,149.1651678,15.00
88.47,3,follower,-35.3632565,149.1651678,15.00
88.97,3,follower,-35.3632565,149.1651677,15.00
89.47,3,follower,-35.3632565,149.1651677,15.00
89.97,3,follower,-35.3632565,149.1651677,15.00
90.47,3,follower,-35.3632565,149.1651677,15.00
90.97,3,follower,-35.3632565,149.1651677,15.00
91.47,3,follower,-35.3632565,149.1651677,15.00
91.97,3,follower,-35.3632565,149.1651677,15.00
92.47,3,follower,-35.3632565,149.1651677,15.00
92.97,3,follower,-35.3632565,149.1651677,15.00
93.47,3,follower,-35.3632565,149.1651677,15.00
93.97,3,follower,-35.3632565,149.1651677,15.00
94.47,3,follower,-35.3632565,149.1651677,15.00
94.97,3,follower,-35.3632565,149.1651677,15.00
95.47,3,follower,-35.3632564,149.1651677,15.00
95.97,3,follower,-35.3632564,149.1651677,15.00
96.47,3,follower,-35.3632564,149.1651678,15.00
96.97,3,follower,-35.3632564,149.1651678,15.00
97.47,3,follower,-35.3632564,149.1651678,15.00
97.97,3,follower,-35.3632564,149.1651678,15.00
98.47,3,follower,-35.3632564,149.1651678,15.00
98.97,3,follower,-35.3632564,149.1651678,15.00
99.47,3,follower,-35.3632564,149.1651678,15.00
99.98,3,follower,-35.3632564,149.1651678,15.00
100.47,3,follower,-35.3632564,149.1651678,15.00
100.97,3,follower,-35.3632564,149.1651678,15.00
101.47,3,follower,-35.3632564,149.1651678,15.00
101.97,3,follower,-35.3632564,149.1651678,15.00
102.47,3,follower,-35.3632564,149.1651678,15.00
102.97,3,follower,-35.3632564,149.1651678,15.00
103.47,3,follower,-35.3632564,149.1651678,15.00
103.97,3,follower,-35.3632564,149.1651678,15.00
104.47,3,follower,-35.3632564,149.1651678,15.00
104.97,3,follower,-35.3632564,149.1651678,15.00
105.48,3,follower,-35.3632564,149.1651678,15.00
105.97,3,follower,-35.3632564,149.1651678,15.00
106.47,3,follower,-35.3632564,149.1651678,15.00
106.97,3,follower,-35.3632564,149.1651678,15.00
107.47,3,follower,-35.3632564,149.1651678,15.00
107.97,3,follower,-35.3632564,149.1651678,15.00
108.48,3,follower,-35.3632564,149.1651678,15.00
108.97,3,follower,-35.3632564,149.1651678,15.00
109.47,3,follower,-35.3632564,149.1651678,15.00
109.97,3,follower,-35.3632565,149.1651678,15.00
110.47,3,follower,-35.3632564,149.1651678,15.00
110.97,3,follower,-35.3632564,149.1651678,15.00
111.47,3,follower,-35.3632564,149.1651678,15.00
111.98,3,follower,-35.3632564,149.1651678,15.00
112.48,3,follower,-35.3632564,149.1651678,15.00
112.97,3,follower,-35.3632564,149.1651678,15.00
113.47,3,follower,-35.3632564,149.1651678,15.00
113.98,3,follower,-35.3632564,149.1651678,15.00
114.47,3,follower,-35.3632564,149.1651678,15.00
114.98,3,follower,-35.3632564,149.1651678,15.00
115.47,3,follower,-35.3632564,149.1651678,15.00
115.98,3,follower,-35.3632564,149.1651678,15.00
116.48,3,follower,-35.3632564,149.1651678,15.00
116.98,3,follower,-35.3632564,149.1651678,15.00
117.47,3,follower,-35.3632564,149.1651678,15.00
117.98,3,follower,-35.3632564,149.1651678,15.00
118.48,3,follower,-35.3632564,149.1651678,15.00
118.97,3,follower,-35.3632564,149.1651678,15.00
119.48,3,follower,-35.3632564,149.1651678,15.00
119.98,3,follower,-35.3632564,149.1651678,15.00
120.48,3,follower,-35.3632564,149.1651678,15.00
120.98,3,follower,-35.3632565,149.1651678,15.00
121.47,3,follower,-35.3632564,149.1651678,15.00
121.98,3,follower,-35.3632564,149.1651678,15.00
122.48,3,follower,-35.3632564,149.1651678,15.00
122.98,3,follower,-35.3632564,149.1651678,15.00
123.47,3,follower,-35.3632564,149.1651678,15.00
123.98,3,follower,-35.3632564,149.1651678,15.00
124.48,3,follower,-35.3632564,149.1651678,15.00
124.97,3,follower,-35.3632564,149.1651678,15.00
125.47,3,follower,-35.3632564,149.1651678,15.00
125.98,3,follower,-35.3632564,149.1651678,15.00
126.48,3,follower,-35.3632564,149.1651678,15.00
126.97,3,follower,-35.3632564,149.1651678,15.00
127.48,3,follower,-35.3632564,149.1651678,15.00
127.97,3,follower,-35.3632564,149.1651678,15.00
128.48,3,follower,-35.3632564,149.1651678,15.00
128.98,3,follower,-35.3632564,149.1651678,15.00
129.47,3,follower,-35.3632564,149.1651678,15.00
129.97,3,follower,-35.3632564,149.1651678,15.00
130.48,3,follower,-35.3632564,149.1651678,15.00
130.98,3,follower,-35.3632564,149.1651678,15.00
131.48,3,follower,-35.3632564,149.1651678,15.00
131.98,3,follower,-35.3632565,149.1651678,15.00
132.48,3,follower,-35.3632565,149.1651678,15.00
132.98,3,follower,-35.3632565,149.1651678,15.00
133.48,3,follower,-35.3632565,149.1651678,15.00
133.97,3,follower,-35.3632565,149.1651678,15.00
134.48,3,follower,-35.3632565,149.1651678,15.00
134.98,3,follower,-35.3632565,149.1651678,15.00
135.48,3,follower,-35.3632565,149.1651678,15.00
135.98,3,follower,-35.3632565,149.1651678,15.00
136.48,3,follower,-35.3632565,149.1651678,15.00
136.98,3,follower,-35.3632564,149.1651678,15.00
137.48,3,follower,-35.3632564,149.1651678,15.00
137.98,3,follower,-35.3632564,149.1651678,15.00
138.48,3,follower,-35.3632564,149.1651678,15.00
138.98,3,follower,-35.3632564,149.1651678,15.00
139.48,3,follower,-35.3632564,149.1651678,15.00
139.98,3,follower,-35.3632565,149.1651678,15.00
140.48,3,follower,-35.3632565,149.1651678,15.00
140.98,3,follower,-35.3632565,149.1651678,15.00
141.48,3,follower,-35.3632565,149.1651678,15.00
141.98,3,follower,-35.3632565,149.1651678,15.00
142.48,3,follower,-35.3632565,149.1651678,15.00
142.98,3,follower,-35.3632565,149.1651678,15.00
143.48,3,follower,-35.3632565,149.1651678,15.00
143.98,3,follower,-35.3632565,149.1651678,15.00
144.48,3,follower,-35.3632565,149.1651678,15.00
144.98,3,follower,-35.3632562,149.1651678,15.00
145.48,3,follower,-35.3632526,149.1651676,15.00
145.98,3,follower,-35.3632431,149.1651674,15.00
146.48,3,follower,-35.3632312,149.1651673,15.00
146.98,3,follower,-35.3632210,149.1651674,15.00
147.48,3,follower,-35.3632119,149.1651675,15.00
147.98,3,follower,-35.3632028,149.1651675,15.00
148.48,3,follower,-35.3631936,149.1651675,15.00
148.98,3,follower,-35.3631843,149.1651675,15.00
149.48,3,follower,-35.3631749,149.1651675,15.00
149.98,3,follower,-35.3631657,149.1651675,15.00
150.48,3,follower,-35.3631566,149.1651675,15.00
150.98,3,follower,-35.3631477,149.1651675,15.00
151.49,3,follower,-35.3631387,149.1651675,15.00
151.98,3,follower,-35.3631299,149.1651675,15.00
152.48,3,follower,-35.3631211,149.1651675,15.00
152.98,3,follower,-35.3631122,149.1651675,15.00
153.48,3,follower,-35.3631033,149.1651675,15.00
153.98,3,follower,-35.3630944,149.1651675,15.00
154.48,3,follower,-35.3630853,149.1651675,15.00
154.98,3,follower,-35.3630751,149.1651675,15.00
155.48,3,follower,-35.3630657,149.1651675,15.00
155.98,3,follower,-35.3630566,149.1651675,15.00
156.48,3,follower,-35.3630482,149.1651675,15.00
156.98,3,follower,-35.3630386,149.1651675,15.00
157.48,3,follower,-35.3630296,149.1651675,15.00
157.98,3,follower,-35.3630202,149.1651675,15.00
158.48,3,follower,-35.3630117,149.1651675,15.00
158.98,3,follower,-35.3630026,149.1651675,15.00
159.48,3,follower,-35.3629934,149.1651675,15.00
159.98,3,follower,-35.3629845,149.1651675,15.00
160.48,3,follower,-35.3629780,149.1651675,15.00
160.98,3,follower,-35.3629772,149.1651675,15.00
161.48,3,follower,-35.3629811,149.1651691,15.00
161.99,3,follower,-35.3629842,149.1651754,15.00
162.48,3,follower,-35.3629844,149.1651878,15.00
162.98,3,follower,-35.3629843,149.1652065,15.01
163.48,3,follower,-35.3629843,149.1652267,15.01
163.99,3,follower,-35.3629846,149.1652417,15.00
164.49,3,follower,-35.3629852,149.1652534,15.00
164.98,3,follower,-35.3629858,149.1652647,15.00
165.49,3,follower,-35.3629862,149.1652762,15.00
165.99,3,follower,-35.3629865,149.1652877,15.00
166.49,3,follower,-35.3629865,149.1652990,15.00
166.98,3,follower,-35.3629864,149.1653101,15.00
167.48,3,follower,-35.3629864,149.1653211,15.00
167.98,3,follower,-35.3629864,149.1653321,15.00
168.49,3,follower,-35.3629864,149.1653430,15.00
168.98,3,follower,-35.3629864,149.1653538,15.00
169.48,3,follower,-35.3629864,149.1653647,15.00
169.98,3,follower,-35.3629864,149.1653757,15.00
170.48,3,follower,-35.3629864,149.1653875,15.00
170.99,3,follower,-35.3629864,149.1653996,15.00
171.48,3,follower,-35.3629864,149.1654105,15.00
171.99,3,follower,-35.3629864,149.1654219,15.00
172.49,3,follower,-35.3629864,149.1654325,15.00
172.99,3,follower,-35.3629864,149.1654437,15.00
173.48,3,follower,-35.3629864,149.1654540,15.00
173.99,3,follower,-35.3629864,149.1654656,15.00
174.49,3,follower,-35.3629864,149.1654765,15.00
174.99,3,follower,-35.3629864,149.1654879,15.00
175.48,3,follower,-35.3629865,149.1654970,15.00
175.98,3,follower,-35.3629866,149.1654995,15.00
176.49,3,follower,-35.3629874,149.1654955,15.00
176.99,3,follower,-35.3629916,149.1654909,15.00
177.48,3,follower,-35.3630004,149.1654904,15.00
177.98,3,follower,-35.3630146,149.1654907,15.01
178.49,3,follower,-35.3630313,149.1654907,15.01
178.98,3,follower,-35.3630447,149.1654904,15.00
179.49,3,follower,-35.3630544,149.1654897,15.00
179.99,3,follower,-35.3630637,149.1654888,15.00
180.49,3,follower,-35.3630732,149.1654882,15.00
180.99,3,follower,-35.3630826,149.1654880,15.00
181.49,3,follower,-35.3630918,149.1654879,15.00
181.99,3,follower,-35.3631009,149.1654879,15.00
182.49,3,follower,-35.3631099,149.1654879,15.00
182.99,3,follower,-35.3631188,149.1654879,15.00
183.48,3,follower,-35.3631277,149.1654880,15.00
183.99,3,follower,-35.3631365,149.1654880,15.00
184.49,3,follower,-35.3631454,149.1654880,15.00
184.99,3,follower,-35.3631551,149.1654880,15.00
185.49,3,follower,-35.3631647,149.1654880,15.00
185.99,3,follower,-35.3631744,149.1654880,15.00
186.48,3,follower,-35.3631831,149.1654880,15.00
186.99,3,follower,-35.3631921,149.1654880,15.00
187.49,3,follower,-35.3632006,149.1654880,15.00
187.99,3,follower,-35.3632101,149.1654880,15.00
188.49,3,follower,-35.3632195,149.1654880,15.00
188.99,3,follower,-35.3632287,149.1654880,15.00
189.49,3,follower,-35.3632376,149.1654880,15.00
189.98,3,follower,-35.3632465,149.1654880,15.00
190.48,3,follower,-35.3632544,149.1654880,15.00
190.99,3,follower,-35.3632575,149.1654880,15.00
191.49,3,follower,-35.3632550,149.1654873,15.00
191.99,3,follower,-35.3632509,149.1654829,15.00
192.49,3,follower,-35.3632500,149.1654731,15.00
192.99,3,follower,-35.3632502,149.1654567,15.01
193.49,3,follower,-35.3632502,149.1654365,15.01
193.99,3,follower,-35.3632500,149.1654195,15.00
194.49,3,follower,-35.3632495,149.1654073,15.00
194.99,3,follower,-35.3632488,149.1653959,15.00
195.49,3,follower,-35.3632482,149.1653843,15.00
195.99,3,follower,-35.3632479,149.1653728,15.00
196.49,3,follower,-35.3632478,149.1653615,15.00
196.99,3,follower,-35.3632478,149.1653503,15.00
197.49,3,follower,-35.3632477,149.1653393,15.00
197.99,3,follower,-35.3632478,149.1653284,15.00
198.49,3,follower,-35.3632478,149.1653175,15.00
198.99,3,follower,-35.3632478,149.1653056,15.00
199.49,3,follower,-35.3632479,149.1652937,15.00
199.99,3,follower,-35.3632479,149.1652822,15.00
200.49,3,follower,-35.3632479,149.1652717,15.00
200.99,3,follower,-35.3632479,149.1652604,15.00
201.49,3,follower,-35.3632479,149.1652499,15.00
201.99,3,follower,-35.3632479,149.1652381,15.00
202.49,3,follower,-35.3632479,149.1652273,15.00
202.99,3,follower,-35.3632479,149.1652159,15.00
203.49,3,follower,-35.3632479,149.1652053,15.00
203.99,3,follower,-35.3632479,149.1651940,15.00
204.49,3,follower,-35.3632479,149.1651827,15.00
204.99,3,follower,-35.3632479,149.1651715,15.00
205.49,3,follower,-35.3632479,149.1651611,15.00
205.99,3,follower,-35.3632479,149.1651553,15.00
206.49,3,follower,-35.3632478,149.1651567,15.00
206.99,3,follower,-35.3632476,149.1651607,15.00
207.49,3,follower,-35.3632475,149.1651622,15.00
207.99,3,follower,-35.3632476,149.1651626,15.00
208.49,3,follower,-35.3632476,149.1651628,15.00
208.99,3,follower,-35.3632477,149.1651631,15.00
209.49,3,follower,-35.3632478,149.1651636,15.00
209.99,3,follower,-35.3632478,149.1651641,15.00
210.49,3,follower,-35.3632479,149.1651645,15.00
210.99,3,follower,-35.3632479,149.1651647,15.00
46.94,4,follower,-35.3632230,149.1652904,2.23
47.44,4,follower,-35.3632230,149.1652904,3.39
47.94,4,follower,-35.3632230,149.1652903,4.67
48.44,4,follower,-35.3632230,149.1652903,5.95
48.94,4,follower,-35.3632230,149.1652903,7.19
49.44,4,follower,-35.3632230,149.1652903,8.42
49.94,4,follower,-35.3632230,149.1652903,9.66
50.44,4,follower,-35.3632230,149.1652903,10.90
50.94,4,follower,-35.3632230,149.1652904,12.13
51.44,4,follower,-35.3632231,149.1652904,13.27
51.94,4,follower,-35.3632231,149.1652904,14.64
52.45,4,follower,-35.3632231,149.1652903,16.29
52.94,4,follower,-35.3632231,149.1652902,17.53
53.44,4,follower,-35.3632231,149.1652902,18.38
53.94,4,follower,-35.3632230,149.1652902,18.95
54.45,4,follower,-35.3632230,149.1652902,19.28
54.94,4,follower,-35.3632230,149.1652902,19.37
55.44,4,follower,-35.3632230,149.1652902,19.21
55.94,4,follower,-35.3632229,149.1652902,18.82
56.44,4,follower,-35.3632229,149.1652902,18.17
56.95,4,follower,-35.3632229,149.1652902,17.39
57.44,4,follower,-35.3632230,149.1652902,16.62
57.95,4,follower,-35.3632230,149.1652902,15.89
58.44,4,follower,-35.3632230,149.1652902,15.32
58.94,4,follower,-35.3632229,149.1652902,15.01
59.44,4,follower,-35.3632229,149.1652902,14.95
59.94,4,follower,-35.3632229,149.1652902,15.00
60.45,4,follower,-35.3632229,149.1652902,15.02
60.95,4,follower,-35.3632229,149.1652902,15.02
61.44,4,follower,-35.3632230,149.1652902,15.02
61.94,4,follower,-35.3632230,149.1652902,15.01
62.44,4,follower,-35.3632230,149.1652902,15.01
62.95,4,follower,-35.3632230,149.1652902,15.01
63.44,4,follower,-35.3632230,149.1652902,15.01
63.94,4,follower,-35.3632230,149.1652902,15.01
64.44,4,follower,-35.3632230,149.1652902,15.01
64.95,4,follower,-35.3632230,149.1652902,15.00
65.44,4,follower,-35.3632230,149.1652902,15.00
65.94,4,follower,-35.3632230,149.1652902,15.00
66.45,4,follower,-35.3632230,149.1652902,15.00
66.94,4,follower,-35.3632230,149.1652902,15.00
67.44,4,follower,-35.3632230,149.1652902,15.00
67.94,4,follower,-35.3632230,149.1652902,15.00
68.45,4,follower,-35.3632230,149.1652902,15.00
68.94,4,follower,-35.3632230,149.1652902,15.00
69.44,4,follower,-35.3632231,149.1652902,15.00
69.95,4,follower,-35.3632230,149.1652902,15.00
70.44,4,follower,-35.3632230,149.1652902,15.00
70.94,4,follower,-35.3632230,149.1652902,15.00
71.45,4,follower,-35.3632230,149.1652902,15.00
71.95,4,follower,-35.3632230,149.1652903,15.00
72.44,4,follower,-35.3632230,149.1652903,15.00
72.94,4,follower,-35.3632230,149.1652903,15.00
73.45,4,follower,-35.3632230,149.1652902,15.00
73.94,4,follower,-35.3632230,149.1652902,15.00
74.45,4,follower,-35.3632230,149.1652902,15.00
74.95,4,follower,-35.3632230,149.1652902,15.00
75.45,4,follower,-35.3632230,149.1652902,15.00
75.95,4,follower,-35.3632230,149.1652902,15.00
76.45,4,follower,-35.3632230,149.1652902,15.00
76.94,4,follower,-35.3632230,149.1652902,15.00
77.45,4,follower,-35.3632230,149.1652902,15.00
77.95,4,follower,-35.3632230,149.1652902,15.00
78.45,4,follower,-35.3632230,149.1652902,15.00
78.94,4,follower,-35.3632230,149.1652902,15.00
79.45,4,follower,-35.3632230,149.1652902,15.00
79.95,4,follower,-35.3632230,149.1652902,15.00
80.45,4,follower,-35.3632230,149.1652902,15.00
80.95,4,follower,-35.3632230,149.1652902,15.00
81.45,4,follower,-35.3632230,149.1652902,15.00
81.95,4,follower,-35.3632230,149.1652902,15.00
82.45,4,follower,-35.3632230,149.1652902,15.00
82.94,4,follower,-35.3632231,149.1652902,15.00
83.45,4,follower,-35.3632231,149.1652903,15.00
83.95,4,follower,-35.3632231,149.1652903,15.00
84.44,4,follower,-35.3632231,149.1652902,15.00
84.95,4,follower,-35.3632231,149.1652902,15.00
85.44,4,follower,-35.3632231,149.1652903,15.00
85.95,4,follower,-35.3632231,149.1652903,15.00
86.45,4,follower,-35.3632231,149.1652903,15.00
86.95,4,follower,-35.3632231,149.1652903,15.00
87.45,4,follower,-35.3632231,149.1652903,15.00
87.95,4,follower,-35.3632231,149.1652903,15.00
88.45,4,follower,-35.3632231,149.1652903,15.00
88.95,4,follower,-35.3632230,149.1652902,15.00
89.45,4,follower,-35.3632230,149.1652902,15.00
89.95,4,follower,-35.3632230,149.1652902,15.00
90.45,4,follower,-35.3632230,149.1652902,15.00
90.95,4,follower,-35.3632230,149.1652902,15.00
91.45,4,follower,-35.3632230,149.1652902,15.00
91.95,4,follower,-35.3632231,149.1652902,15.00
92.45,4,follower,-35.3632231,149.1652902,15.00
92.95,4,follower,-35.3632231,149.1652902,15.00
93.45,4,follower,-35.3632231,149.1652902,15.00
93.95,4,follower,-35.3632231,149.1652902,15.00
94.45,4,follower,-35.3632231,149.1652902,15.00
94.95,4,follower,-35.3632231,149.1652902,15.00
95.45,4,follower,-35.3632231,149.1652902,15.00
95.95,4,follower,-35.3632231,149.1652902,15.00
96.45,4,follower,-35.3632231,149.1652902,15.00
96.95,4,follower,-35.3632231,149.1652903,15.00
97.45,4,follower,-35.3632231,149.1652903,15.00
97.95,4,follower,-35.3632231,149.1652903,15.00
98.45,4,follower,-35.3632231,149.1652903,15.00
98.95,4,follower,-35.3632230,149.1652903,15.00
99.45,4,follower,-35.3632230,149.1652903,15.00
99.95,4,follower,-35.3632230,149.1652903,15.00
100.45,4,follower,-35.3632230,149.1652903,15.00
100.95,4,follower,-35.3632230,149.1652903,15.00
101.45,4,follower,-35.3632230,149.1652903,15.00
101.95,4,follower,-35.3632230,149.1652903,15.00
102.45,4,follower,-35.3632231,149.1652903,15.00
102.95,4,follower,-35.3632230,149.1652903,15.00
103.45,4,follower,-35.3632230,149.1652903,15.00
103.95,4,follower,-35.3632230,149.1652903,15.00
104.45,4,follower,-35.3632230,149.1652903,15.00
104.95,4,follower,-35.3632230,149.1652903,15.00
105.45,4,follower,-35.3632230,149.1652903,15.00
105.95,4,follower,-35.3632230,149.1652903,15.00
106.45,4,follower,-35.3632230,149.1652903,15.00
106.95,4,follower,-35.3632230,149.1652903,15.00
107.45,4,follower,-35.3632230,149.1652903,15.00
107.95,4,follower,-35.3632230,149.1652903,15.00
108.45,4,follower,-35.3632230,149.1652903,15.00
108.95,4,follower,-35.3632230,149.1652903,15.00
109.45,4,follower,-35.3632230,149.1652903,15.00
109.95,4,follower,-35.3632230,149.1652903,15.00
110.45,4,follower,-35.3632230,149.1652903,15.00
110.95,4,follower,-35.3632230,149.1652903,15.00
111.45,4,follower,-35.3632230,149.1652903,15.00
111.95,4,follower,-35.3632230,149.1652903,15.00
112.45,4,follower,-35.3632230,149.1652903,15.00
112.95,4,follower,-35.3632230,149.1652903,15.00
113.45,4,follower,-35.3632231,149.1652903,15.00
113.95,4,follower,-35.3632230,149.1652903,15.00
114.45,4,follower,-35.3632230,149.1652903,15.00
114.95,4,follower,-35.3632230,149.1652903,15.00
115.45,4,follower,-35.3632230,149.1652903,15.00
115.95,4,follower,-35.3632230,149.1652903,15.00
116.45,4,follower,-35.3632230,149.1652903,15.00
116.95,4,follower,-35.3632230,149.1652903,15.00
117.46,4,follower,-35.3632230,149.1652903,15.00
117.95,4,follower,-35.3632230,149.1652903,15.00
118.46,4,follower,-35.3632230,149.1652903,15.00
118.96,4,follower,-35.3632230,149.1652903,15.00
119.46,4,follower,-35.3632230,149.1652903,15.00
119.96,4,follower,-35.3632230,149.1652903,15.00
120.45,4,follower,-35.3632230,149.1652903,15.00
120.96,4,follower,-35.3632230,149.1652903,15.00
121.46,4,follower,-35.3632230,149.1652903,15.00
121.95,4,follower,-35.3632230,149.1652903,15.00
122.46,4,follower,-35.3632230,149.1652903,15.00
122.96,4,follower,-35.3632230,149.1652903,15.00
123.45,4,follower,-35.3632230,149.1652903,15.00
123.95,4,follower,-35.3632230,149.1652903,15.00
124.46,4,follower,-35.3632230,149.1652903,15.00
124.96,4,follower,-35.3632230,149.1652903,15.00
125.45,4,follower,-35.3632230,149.1652903,15.00
125.96,4,follower,-35.3632230,149.1652903,15.00
126.46,4,follower,-35.3632230,149.1652903,15.00
126.96,4,follower,-35.3632230,149.1652903,15.00
127.45,4,follower,-35.3632230,149.1652903,15.00
127.96,4,follower,-35.3632230,149.1652903,15.00
128.45,4,follower,-35.3632230,149.1652903,15.00
128.96,4,follower,-35.3632230,149.1652903,15.00
129.46,4,follower,-35.3632230,149.1652903,15.00
129.95,4,follower,-35.3632230,149.1652903,15.00
130.46,4,follower,-35.3632230,149.1652903,15.00
130.96,4,follower,-35.3632230,149.1652903,15.00
131.46,4,follower,-35.3632230,149.1652903,15.00
131.95,4,follower,-35.3632230,149.1652903,15.00
132.45,4,follower,-35.3632230,149.1652903,15.00
132.96,4,follower,-35.3632230,149.1652903,15.00
133.45,4,follower,-35.3632230,149.1652903,15.00
133.96,4,follower,-35.3632230,149.1652903,15.00
134.46,4,follower,-35.3632230,149.1652903,15.00
134.96,4,follower,-35.3632230,149.1652903,15.00
135.46,4,follower,-35.3632230,149.1652903,15.00
135.96,4,follower,-35.3632230,149.1652903,15.00
136.46,4,follower,-35.3632230,149.1652903,15.00
136.96,4,follower,-35.3632230,149.1652903,15.00
137.46,4,follower,-35.3632230,149.1652903,15.00
137.96,4,follower,-35.3632230,149.1652903,15.00
138.46,4,follower,-35.3632230,149.1652903,15.00
138.96,4,follower,-35.3632230,149.1652903,15.00
139.46,4,follower,-35.3632230,149.1652903,15.00
139.96,4,follower,-35.3632230,149.1652903,15.00
140.46,4,follower,-35.3632230,149.1652903,15.00
140.96,4,follower,-35.3632230,149.1652903,15.00
141.46,4,follower,-35.3632230,149.1652903,15.00
141.96,4,follower,-35.3632230,149.1652903,15.00
142.46,4,follower,-35.3632230,149.1652903,15.00
142.96,4,follower,-35.3632230,149.1652903,15.00
143.46,4,follower,-35.3632230,149.1652903,15.00
143.96,4,follower,-35.3632230,149.1652903,15.00
144.46,4,follower,-35.3632230,149.1652903,15.00
144.96,4,follower,-35.3632228,149.1652903,15.00
145.46,4,follower,-35.3632199,149.1652901,15.00
145.96,4,follower,-35.3632111,149.1652900,15.00
146.46,4,follower,-35.3631990,149.1652899,15.00
146.96,4,follower,-35.3631886,149.1652899,15.00
147.46,4,follower,-35.3631795,149.1652900,15.00
147.96,4,follower,-35.3631704,149.1652900,15.00
148.46,4,follower,-35.3631611,149.1652900,15.00
148.96,4,follower,-35.3631518,149.1652900,15.00
149.46,4,follower,-35.3631425,149.1652900,15.00
149.96,4,follower,-35.3631332,149.1652900,15.00
150.46,4,follower,-35.3631241,149.1652900,15.00
150.96,4,follower,-35.3631151,149.1652900,15.00
151.46,4,follower,-35.3631062,149.1652900,15.00
151.96,4,follower,-35.3630973,149.1652900,15.00
152.46,4,follower,-35.3630884,149.1652900,15.00
152.96,4,follower,-35.3630795,149.1652900,15.00
153.46,4,follower,-35.3630699,149.1652900,15.00
153.96,4,follower,-35.3630599,149.1652900,15.00
154.46,4,follower,-35.3630511,149.1652900,15.00
154.96,4,follower,-35.3630415,149.1652900,15.00
155.46,4,follower,-35.3630328,149.1652900,15.00
155.96,4,follower,-35.3630237,149.1652900,15.00
156.46,4,follower,-35.3630153,149.1652900,15.00
156.96,4,follower,-35.3630057,149.1652900,15.00
157.46,4,follower,-35.3629969,149.1652900,15.00
157.96,4,follower,-35.3629876,149.1652899,15.00
158.46,4,follower,-35.3629783,149.1652899,15.00
158.96,4,follower,-35.3629693,149.1652899,15.00
159.46,4,follower,-35.3629604,149.1652899,15.00
159.96,4,follower,-35.3629517,149.1652900,15.00
160.46,4,follower,-35.3629450,149.1652900,15.00
160.96,4,follower,-35.3629440,149.1652901,15.00
161.46,4,follower,-35.3629477,149.1652915,15.00
161.96,4,follower,-35.3629509,149.1652975,15.00
162.46,4,follower,-35.3629511,149.1653094,15.00
162.96,4,follower,-35.3629509,149.1653280,15.01
163.46,4,follower,-35.3629509,149.1653481,15.01
163.96,4,follower,-35.3629512,149.1653632,15.00
164.46,4,follower,-35.3629518,149.1653749,15.00
164.97,4,follower,-35.3629524,149.1653864,15.00
165.46,4,follower,-35.3629528,149.1653979,15.00
165.96,4,follower,-35.3629531,149.1654094,15.00
166.46,4,follower,-35.3629531,149.1654206,15.00
166.96,4,follower,-35.3629531,149.1654318,15.00
167.46,4,follower,-35.3629531,149.1654428,15.00
167.96,4,follower,-35.3629531,149.1654537,15.00
168.46,4,follower,-35.3629531,149.1654646,15.00
168.96,4,follower,-35.3629531,149.1654756,15.00
169.47,4,follower,-35.3629531,149.1654866,15.00
169.96,4,follower,-35.3629531,149.1654975,15.00
170.46,4,follower,-35.3629530,149.1655093,15.00
170.97,4,follower,-35.3629530,149.1655215,15.00
171.46,4,follower,-35.3629529,149.1655325,15.00
171.97,4,follower,-35.3629529,149.1655439,15.00
172.46,4,follower,-35.3629529,149.1655543,15.00
172.96,4,follower,-35.3629530,149.1655657,15.00
173.47,4,follower,-35.3629530,149.1655762,15.00
173.96,4,follower,-35.3629530,149.1655879,15.00
174.47,4,follower,-35.3629530,149.1655986,15.00
174.96,4,follower,-35.3629531,149.1656099,15.00
175.47,4,follower,-35.3629531,149.1656193,15.00
175.97,4,follower,-35.3629532,149.1656220,15.00
176.46,4,follower,-35.3629539,149.1656182,15.00
176.97,4,follower,-35.3629579,149.1656134,15.00
177.46,4,follower,-35.3629665,149.1656128,15.00
177.96,4,follower,-35.3629805,149.1656132,15.01
178.46,4,follower,-35.3629973,149.1656133,15.01
178.97,4,follower,-35.3630111,149.1656130,15.00
179.47,4,follower,-35.3630210,149.1656122,15.00
179.96,4,follower,-35.3630303,149.1656113,15.00
180.47,4,follower,-35.3630398,149.1656107,15.00
180.97,4,follower,-35.3630491,149.1656105,15.00
181.46,4,follower,-35.3630584,149.1656104,15.00
181.97,4,follower,-35.3630675,149.1656104,15.00
182.47,4,follower,-35.3630765,149.1656104,15.00
182.97,4,follower,-35.3630854,149.1656104,15.00
183.47,4,follower,-35.3630943,149.1656104,15.00
183.97,4,follower,-35.3631031,149.1656104,15.00
184.46,4,follower,-35.3631119,149.1656105,15.00
184.97,4,follower,-35.3631208,149.1656105,15.00
185.46,4,follower,-35.3631297,149.1656105,15.00
185.97,4,follower,-35.3631386,149.1656105,15.00
186.47,4,follower,-35.3631481,149.1656105,15.00
186.97,4,follower,-35.3631579,149.1656105,15.00
187.47,4,follower,-35.3631669,149.1656105,15.00
187.97,4,follower,-35.3631763,149.1656105,15.00
188.47,4,follower,-35.3631849,149.1656105,15.00
188.97,4,follower,-35.3631942,149.1656105,15.00
189.46,4,follower,-35.3632027,149.1656105,15.00
189.97,4,follower,-35.3632119,149.1656105,15.00
190.47,4,follower,-35.3632196,149.1656105,15.00
190.97,4,follower,-35.3632233,149.1656104,15.00
191.47,4,follower,-35.3632214,149.1656096,15.00
191.97,4,follower,-35.3632178,149.1656051,15.00
192.47,4,follower,-35.3632170,149.1655950,15.00
192.97,4,follower,-35.3632170,149.1655781,15.01
193.47,4,follower,-35.3632169,149.1655578,15.01
193.97,4,follower,-35.3632166,149.1655414,15.00
194.47,4,follower,-35.3632160,149.1655295,15.00
194.97,4,follower,-35.3632153,149.1655181,15.00
195.47,4,follower,-35.3632148,149.1655065,15.00
195.97,4,follower,-35.3632145,149.1654948,15.00
196.47,4,follower,-35.3632144,149.1654834,15.00
196.97,4,follower,-35.3632144,149.1654722,15.00
197.47,4,follower,-35.3632144,149.1654612,15.00
197.97,4,follower,-35.3632144,149.1654503,15.00
198.47,4,follower,-35.3632144,149.1654394,15.00
198.97,4,follower,-35.3632144,149.1654285,15.00
199.47,4,follower,-35.3632145,149.1654176,15.00
199.97,4,follower,-35.3632145,149.1654067,15.00
200.47,4,follower,-35.3632145,149.1653958,15.00
200.97,4,follower,-35.3632145,149.1653849,15.00
201.47,4,follower,-35.3632145,149.1653740,15.00
201.97,4,follower,-35.3632145,149.1653631,15.00
202.47,4,follower,-35.3632145,149.1653521,15.00
202.97,4,follower,-35.3632145,149.1653411,15.00
203.47,4,follower,-35.3632145,149.1653293,15.00
203.97,4,follower,-35.3632145,149.1653171,15.00
204.47,4,follower,-35.3632145,149.1653063,15.00
204.97,4,follower,-35.3632145,149.1652949,15.00
205.47,4,follower,-35.3632145,149.1652848,15.00
205.97,4,follower,-35.3632144,149.1652781,15.00
206.47,4,follower,-35.3632144,149.1652787,15.00
206.97,4,follower,-35.3632142,149.1652831,15.00
207.47,4,follower,-35.3632141,149.1652850,15.00
207.97,4,follower,-35.3632141,149.1652852,15.00
208.47,4,follower,-35.3632142,149.1652853,15.00
208.97,4,follower,-35.3632143,149.1652856,15.00
209.47,4,follower,-35.3632143,149.1652861,15.00
209.97,4,follower,-35.3632144,149.1652866,15.00
210.47,4,follower,-35.3632145,149.1652870,15.00
210.97,4,follower,-35.3632145,149.1652873,15.00
46.94,5,follower,-35.3633316,149.1652144,2.23
47.44,5,follower,-35.3633315,149.1652144,3.39
47.94,5,follower,-35.3633315,149.1652144,4.67
48.44,5,follower,-35.3633315,149.1652144,5.95
48.94,5,follower,-35.3633315,149.1652144,7.19
49.44,5,follower,-35.3633315,149.1652144,8.42
49.94,5,follower,-35.3633315,149.1652144,9.66
50.44,5,follower,-35.3633315,149.1652144,10.90
50.94,5,follower,-35.3633315,149.1652144,12.13
51.44,5,follower,-35.3633315,149.1652144,13.28
51.95,5,follower,-35.3633315,149.1652144,14.70
52.45,5,follower,-35.3633315,149.1652144,16.42
52.94,5,follower,-35.3633315,149.1652144,17.70
53.44,5,follower,-35.3633315,149.1652144,18.58
53.94,5,follower,-35.3633315,149.1652144,19.17
54.45,5,follower,-35.3633315,149.1652144,19.52
54.94,5,follower,-35.3633315,149.1652144,19.63
55.44,5,follower,-35.3633315,149.1652144,19.50
55.94,5,follower,-35.3633315,149.1652144,19.14
56.44,5,follower,-35.3633315,149.1652144,18.50
56.95,5,follower,-35.3633315,149.1652144,17.73
57.44,5,follower,-35.3633315,149.1652144,16.96
57.95,5,follower,-35.3633315,149.1652143,16.22
58.44,5,follower,-35.3633315,149.1652143,15.55
58.94,5,follower,-35.3633315,149.1652143,15.12
59.44,5,follower,-35.3633315,149.1652143,14.96
59.95,5,follower,-35.3633315,149.1652144,14.98
60.44,5,follower,-35.3633315,149.1652144,15.02
60.95,5,follower,-35.3633315,149.1652144,15.03
61.44,5,follower,-35.3633315,149.1652144,15.02
61.95,5,follower,-35.3633315,149.1652145,15.02
62.45,5,follower,-35.3633315,149.1652144,15.01
62.94,5,follower,-35.3633315,149.1652144,15.01
63.45,5,follower,-35.3633315,149.1652144,15.01
63.94,5,follower,-35.3633315,149.1652144,15.01
64.44,5,follower,-35.3633315,149.1652144,15.01
64.94,5,follower,-35.3633315,149.1652144,15.00
65.45,5,follower,-35.3633315,149.1652144,15.00
65.95,5,follower,-35.3633315,149.1652144,15.00
66.44,5,follower,-35.3633315,149.1652144,15.00
66.94,5,follower,-35.3633315,149.1652144,15.00
67.44,5,follower,-35.3633315,149.1652144,15.00
67.95,5,follower,-35.3633315,149.1652144,15.00
68.44,5,follower,-35.3633315,149.1652144,15.00
68.94,5,follower,-35.3633315,149.1652144,15.00
69.45,5,follower,-35.3633315,149.1652144,15.00
69.95,5,follower,-35.3633315,149.1652144,15.00
70.44,5,follower,-35.3633315,149.1652144,15.00
70.95,5,follower,-35.3633315,149.1652144,15.00
71.45,5,follower,-35.3633315,149.1652144,15.00
71.95,5,follower,-35.3633315,149.1652144,15.00
72.44,5,follower,-35.3633315,149.1652145,15.00
72.95,5,follower,-35.3633315,149.1652145,15.00
73.45,5,follower,-35.3633315,149.1652144,15.00
73.94,5,follower,-35.3633315,149.1652144,15.00
74.45,5,follower,-35.3633315,149.1652144,15.00
74.95,5,follower,-35.3633315,149.1652144,15.00
75.45,5,follower,-35.3633315,149.1652144,15.00
75.95,5,follower,-35.3633315,149.1652144,15.00
76.45,5,follower,-35.3633315,149.1652144,15.00
76.95,5,follower,-35.3633315,149.1652144,15.00
77.45,5,follower,-35.3633315,149.1652144,15.00
77.95,5,follower,-35.3633315,149.1652144,15.00
78.45,5,follower,-35.3633315,149.1652144,15.00
78.95,5,follower,-35.3633315,149.1652144,15.00
79.45,5,follower,-35.3633315,149.1652144,15.00
79.95,5,follower,-35.3633315,149.1652144,15.00
80.45,5,follower,-35.3633315,149.1652144,15.00
80.95,5,follower,-35.3633315,149.1652144,15.00
81.44,5,follower,-35.3633315,149.1652144,15.00
81.95,5,follower,-35.3633315,149.1652144,15.00
82.45,5,follower,-35.3633315,149.1652144,15.00
82.95,5,follower,-35.3633315,149.1652144,15.00
83.45,5,follower,-35.3633315,149.1652144,15.00
83.95,5,follower,-35.3633315,149.1652145,15.00
84.45,5,follower,-35.3633315,149.1652145,15.00
84.95,5,follower,-35.3633315,149.1652145,15.00
85.45,5,follower,-35.3633315,149.1652145,15.00
85.95,5,follower,-35.3633315,149.1652145,15.00
86.45,5,follower,-35.3633315,149.1652145,15.00
86.95,5,follower,-35.3633315,149.1652145,15.00
87.45,5,follower,-35.3633315,149.1652145,15.00
87.95,5,follower,-35.3633315,149.1652145,15.00
88.45,5,follower,-35.3633315,149.1652145,15.00
88.95,5,follower,-35.3633315,149.1652145,15.00
89.45,5,follower,-35.3633315,149.1652144,15.00
89.95,5,follower,-35.3633315,149.1652144,15.00
90.45,5,follower,-35.3633315,149.1652144,15.00
90.95,5,follower,-35.3633315,149.1652144,15.00
91.45,5,follower,-35.3633315,149.1652144,15.00
91.95,5,follower,-35.3633315,149.1652144,15.00
92.45,5,follower,-35.3633315,149.1652144,15.00
92.95,5,follower,-35.3633315,149.1652144,15.00
93.45,5,follower,-35.3633315,149.1652144,15.00
93.95,5,follower,-35.3633315,149.1652144,15.00
94.45,5,follower,-35.3633315,149.1652144,15.00
94.95,5,follower,-35.3633315,149.1652144,15.00
95.45,5,follower,-35.3633315,149.1652144,15.00
95.95,5,follower,-35.3633315,149.1652145,15.00
96.45,5,follower,-35.3633315,149.1652145,15.00
96.95,5,follower,-35.3633315,149.1652145,15.00
97.45,5,follower,-35.3633315,149.1652145,15.00
97.95,5,follower,-35.3633315,149.1652145,15.00
98.45,5,follower,-35.3633315,149.1652145,15.00
98.95,5,follower,-35.3633315,149.1652145,15.00
99.45,5,follower,-35.3633315,149.1652145,15.00
99.95,5,follower,-35.3633315,149.1652145,15.00
100.45,5,follower,-35.3633315,149.1652145,15.00
100.95,5,follower,-35.3633315,149.1652145,15.00
101.45,5,follower,-35.3633315,149.1652145,15.00
101.95,5,follower,-35.3633315,149.1652145,15.00
102.45,5,follower,-35.3633315,149.1652145,15.00
102.95,5,follower,-35.3633315,149.1652145,15.00
103.45,5,follower,-35.3633315,149.1652145,15.00
103.95,5,follower,-35.3633315,149.1652145,15.00
104.45,5,follower,-35.3633315,149.1652145,15.00
104.95,5,follower,-35.3633315,149.1652145,15.00
105.45,5,follower,-35.3633315,149.1652145,15.00
105.95,5,follower,-35.3633315,149.1652145,15.00
106.45,5,follower,-35.3633315,149.1652145,15.00
106.96,5,follower,-35.3633315,149.1652145,15.00
107.45,5,follower,-35.3633315,149.1652145,15.00
107.95,5,follower,-35.3633315,149.1652145,15.00
108.46,5,follower,-35.3633315,149.1652145,15.00
108.95,5,follower,-35.3633315,149.1652145,15.00
109.45,5,follower,-35.3633315,149.1652145,15.00
109.95,5,follower,-35.3633315,149.1652145,15.00
110.45,5,follower,-35.3633315,149.1652145,15.00
110.96,5,follower,-35.3633315,149.1652145,15.00
111.45,5,follower,-35.3633315,149.1652145,15.00
111.95,5,follower,-35.3633315,149.1652145,15.00
112.46,5,follower,-35.3633315,149.1652145,15.00
112.96,5,follower,-35.3633315,149.1652145,15.00
113.46,5,follower,-35.3633315,149.1652145,15.00
113.96,5,follower,-35.3633315,149.1652145,15.00
114.45,5,follower,-35.3633315,149.1652145,15.00
114.96,5,follower,-35.3633315,149.1652145,15.00
115.46,5,follower,-35.3633315,149.1652145,15.00
115.95,5,follower,-35.3633315,149.1652145,15.00
116.45,5,follower,-35.3633315,149.1652145,15.00
116.96,5,follower,-35.3633315,149.1652145,15.00
117.46,5,follower,-35.3633315,149.1652145,15.00
117.95,5,follower,-35.3633315,149.1652145,15.00
118.46,5,follower,-35.3633315,149.1652145,15.00
118.95,5,follower,-35.3633315,149.1652145,15.00
119.46,5,follower,-35.3633315,149.1652145,15.00
119.95,5,follower,-35.3633315,149.1652145,15.00
120.45,5,follower,-35.3633315,149.1652145,15.00
120.96,5,follower,-35.3633315,149.1652145,15.00
121.46,5,follower,-35.3633315,149.1652145,15.00
121.95,5,follower,-35.3633315,149.1652145,15.00
122.46,5,follower,-35.3633315,149.1652145,15.00
122.95,5,follower,-35.3633315,149.1652145,15.00
123.46,5,follower,-35.3633315,149.1652145,15.00
123.96,5,follower,-35.3633315,149.1652145,15.00
124.46,5,follower,-35.3633315,149.1652145,15.00
124.95,5,follower,-35.3633315,149.1652145,15.00
125.46,5,follower,-35.3633315,149.1652145,15.00
125.96,5,follower,-35.3633315,149.1652145,15.00
126.46,5,follower,-35.3633315,149.1652145,15.00
126.96,5,follower,-35.3633315,149.1652145,15.00
127.46,5,follower,-35.3633315,149.1652145,15.00
127.96,5,follower,-35.3633315,149.1652145,15.00
128.46,5,follower,-35.3633315,149.1652145,15.00
128.95,5,follower,-35.3633315,149.1652145,15.00
129.46,5,follower,-35.3633315,149.1652145,15.00
129.95,5,follower,-35.3633315,149.1652145,15.00
130.46,5,follower,-35.3633315,149.1652145,15.00
130.96,5,follower,-35.3633315,149.1652145,15.00
131.45,5,follower,-35.3633315,149.1652145,15.00
131.96,5,follower,-35.3633315,149.1652145,15.00
132.46,5,follower,-35.3633315,149.1652145,15.00
132.96,5,follower,-35.3633315,149.1652145,15.00
133.45,5,follower,-35.3633315,149.1652145,15.00
133.96,5,follower,-35.3633315,149.1652145,15.00
134.46,5,follower,-35.3633315,149.1652145,15.00
134.96,5,follower,-35.3633315,149.1652145,15.00
135.46,5,follower,-35.3633315,149.1652145,15.00
135.96,5,follower,-35.3633315,149.1652145,15.00
136.46,5,follower,-35.3633315,149.1652145,15.00
136.96,5,follower,-35.3633315,149.1652145,15.00
137.46,5,follower,-35.3633315,149.1652145,15.00
137.96,5,follower,-35.3633315,149.1652145,15.00
138.46,5,follower,-35.3633315,149.1652145,15.00
138.96,5,follower,-35.3633315,149.1652145,15.00
139.46,5,follower,-35.3633315,149.1652145,15.00
139.96,5,follower,-35.3633315,149.1652145,15.00
140.46,5,follower,-35.3633315,149.1652145,15.00
140.96,5,follower,-35.3633315,149.1652145,15.00
141.46,5,follower,-35.3633315,149.1652145,15.00
141.96,5,follower,-35.3633315,149.1652145,15.00
142.46,5,follower,-35.3633315,149.1652145,15.00
142.96,5,follower,-35.3633315,149.1652145,15.00
143.46,5,follower,-35.3633315,149.1652145,15.00
143.96,5,follower,-35.3633315,149.1652145,15.00
144.46,5,follower,-35.3633315,149.1652145,15.00
144.96,5,follower,-35.3633313,149.1652145,15.00
145.46,5,follower,-35.3633280,149.1652143,15.00
145.96,5,follower,-35.3633187,149.1652142,15.00
146.46,5,follower,-35.3633064,149.1652141,15.00
146.96,5,follower,-35.3632959,149.1652141,15.00
147.46,5,follower,-35.3632868,149.1652141,15.00
147.96,5,follower,-35.3632777,149.1652142,15.00
148.46,5,follower,-35.3632685,149.1652142,15.00
148.96,5,follower,-35.3632591,149.1652142,15.00
149.46,5,follower,-35.3632499,149.1652142,15.00
149.96,5,follower,-35.3632406,149.1652142,15.00
150.46,5,follower,-35.3632316,149.1652142,15.00
150.96,5,follower,-35.3632226,149.1652142,15.00
151.46,5,follower,-35.3632137,149.1652142,15.00
151.96,5,follower,-35.3632048,149.1652142,15.00
152.46,5,follower,-35.3631958,149.1652142,15.00
152.96,5,follower,-35.3631869,149.1652142,15.00
153.46,5,follower,-35.3631779,149.1652142,15.00
153.96,5,follower,-35.3631690,149.1652142,15.00
154.46,5,follower,-35.3631601,149.1652142,15.00
154.96,5,follower,-35.3631513,149.1652142,15.00
155.46,5,follower,-35.3631424,149.1652142,15.00
155.96,5,follower,-35.3631335,149.1652142,15.00
156.46,5,follower,-35.3631247,149.1652142,15.00
156.96,5,follower,-35.3631158,149.1652142,15.00
157.46,5,follower,-35.3631062,149.1652142,15.00
157.96,5,follower,-35.3630964,149.1652142,15.00
158.46,5,follower,-35.3630876,149.1652142,15.00
158.96,5,follower,-35.3630783,149.1652142,15.00
159.46,5,follower,-35.3630697,149.1652142,15.00
159.96,5,follower,-35.3630604,149.1652142,15.00
160.46,5,follower,-35.3630538,149.1652142,15.00
160.96,5,follower,-35.3630531,149.1652142,15.00
161.46,5,follower,-35.3630569,149.1652158,15.00
161.96,5,follower,-35.3630600,149.1652220,15.00
162.47,5,follower,-35.3630600,149.1652341,15.00
162.96,5,follower,-35.3630597,149.1652527,15.01
163.46,5,follower,-35.3630595,149.1652732,15.01
163.96,5,follower,-35.3630598,149.1652885,15.00
164.46,5,follower,-35.3630602,149.1653003,15.00
164.96,5,follower,-35.3630608,149.1653117,15.00
165.47,5,follower,-35.3630613,149.1653233,15.00
165.96,5,follower,-35.3630616,149.1653347,15.00
166.46,5,follower,-35.3630616,149.1653459,15.00
166.96,5,follower,-35.3630616,149.1653570,15.00
167.46,5,follower,-35.3630615,149.1653680,15.00
167.96,5,follower,-35.3630615,149.1653789,15.00
168.46,5,follower,-35.3630615,149.1653898,15.00
168.96,5,follower,-35.3630615,149.1654007,15.00
169.47,5,follower,-35.3630615,149.1654117,15.00
169.97,5,follower,-35.3630615,149.1654226,15.00
170.47,5,follower,-35.3630615,149.1654334,15.00
170.96,5,follower,-35.3630615,149.1654443,15.00
171.47,5,follower,-35.3630615,149.1654552,15.00
171.97,5,follower,-35.3630615,149.1654661,15.00
172.46,5,follower,-35.3630615,149.1654771,15.00
172.97,5,follower,-35.3630615,149.1654880,15.00
173.47,5,follower,-35.3630615,149.1654997,15.00
173.96,5,follower,-35.3630615,149.1655118,15.00
174.46,5,follower,-35.3630615,149.1655227,15.00
174.97,5,follower,-35.3630615,149.1655342,15.00
175.47,5,follower,-35.3630617,149.1655428,15.00
175.96,5,follower,-35.3630619,149.1655449,15.00
176.46,5,follower,-35.3630631,149.1655410,15.00
176.97,5,follower,-35.3630679,149.1655371,15.00
177.46,5,follower,-35.3630774,149.1655370,15.00
177.96,5,follower,-35.3630923,149.1655373,15.01
178.47,5,follower,-35.3631086,149.1655374,15.01
178.96,5,follower,-35.3631208,149.1655372,15.00
179.46,5,follower,-35.3631296,149.1655364,15.00
179.97,5,follower,-35.3631390,149.1655356,15.00
180.47,5,follower,-35.3631488,149.1655350,15.00
180.96,5,follower,-35.3631584,149.1655347,15.00
181.47,5,follower,-35.3631677,149.1655346,15.00
181.97,5,follower,-35.3631769,149.1655346,15.00
182.47,5,follower,-35.3631858,149.1655347,15.00
182.97,5,follower,-35.3631947,149.1655347,15.00
183.47,5,follower,-35.3632036,149.1655347,15.00
183.96,5,follower,-35.3632124,149.1655347,15.00
184.47,5,follower,-35.3632213,149.1655347,15.00
184.97,5,follower,-35.3632302,149.1655347,15.00
185.47,5,follower,-35.3632391,149.1655347,15.00
185.97,5,follower,-35.3632480,149.1655347,15.00
186.47,5,follower,-35.3632569,149.1655347,15.00
186.97,5,follower,-35.3632658,149.1655347,15.00
187.46,5,follower,-35.3632748,149.1655347,15.00
187.97,5,follower,-35.3632837,149.1655347,15.00
188.47,5,follower,-35.3632926,149.1655347,15.00
188.97,5,follower,-35.3633014,149.1655347,15.00
189.47,5,follower,-35.3633103,149.1655347,15.00
189.97,5,follower,-35.3633192,149.1655347,15.00
190.47,5,follower,-35.3633270,149.1655347,15.00
190.97,5,follower,-35.3633304,149.1655338,15.00
191.47,5,follower,-35.3633289,149.1655303,15.00
191.97,5,follower,-35.3633256,149.1655216,15.00
192.47,5,follower,-35.3633246,149.1655068,15.01
192.97,5,follower,-35.3633247,149.1654890,15.01
193.47,5,follower,-35.3633249,149.1654747,15.00
193.97,5,follower,-35.3633245,149.1654636,15.00
194.47,5,follower,-35.3633240,149.1654536,15.00
194.97,5,follower,-35.3633236,149.1654422,15.00
195.47,5,follower,-35.3633233,149.1654301,15.00
195.97,5,follower,-35.3633231,149.1654186,15.00
196.47,5,follower,-35.3633231,149.1654081,15.00
196.97,5,follower,-35.3633231,149.1653966,15.00
197.47,5,follower,-35.3633231,149.1653852,15.00
197.97,5,follower,-35.3633231,149.1653740,15.00
198.47,5,follower,-35.3633231,149.1653630,15.00
198.97,5,follower,-35.3633231,149.1653520,15.00
199.47,5,follower,-35.3633230,149.1653411,15.00
199.97,5,follower,-35.3633230,149.1653303,15.00
200.47,5,follower,-35.3633230,149.1653194,15.00
200.97,5,follower,-35.3633230,149.1653086,15.00
201.47,5,follower,-35.3633230,149.1652978,15.00
201.97,5,follower,-35.3633230,149.1652869,15.00
202.47,5,follower,-35.3633230,149.1652759,15.00
202.97,5,follower,-35.3633230,149.1652650,15.00
203.47,5,follower,-35.3633230,149.1652541,15.00
203.97,5,follower,-35.3633230,149.1652432,15.00
204.47,5,follower,-35.3633230,149.1652322,15.00
204.97,5,follower,-35.3633230,149.1652204,15.00
205.47,5,follower,-35.3633230,149.1652093,15.00
205.97,5,follower,-35.3633230,149.1652028,15.00
206.47,5,follower,-35.3633229,149.1652036,15.00
206.97,5,follower,-35.3633228,149.1652075,15.00
207.47,5,follower,-35.3633226,149.1652091,15.00
207.97,5,follower,-35.3633227,149.1652093,15.00
208.47,5,follower,-35.3633227,149.1652095,15.00
208.97,5,follower,-35.3633228,149.1652098,15.00
209.47,5,follower,-35.3633228,149.1652103,15.00
209.97,5,follower,-35.3633229,149.1652108,15.00
210.47,5,follower,-35.3633230,149.1652112,15.00
210.98,5,follower,-35.3633230,149.1652114,15.00
46.96,6,follower,-35.3631931,149.1651770,2.27
47.46,6,follower,-35.3631931,149.1651770,3.45
47.97,6,follower,-35.3631931,149.1651770,4.73
48.47,6,follower,-35.3631931,149.1651770,6.00
48.97,6,follower,-35.3631931,149.1651770,7.24
49.47,6,follower,-35.3631931,149.1651770,8.48
49.97,6,follower,-35.3631931,149.1651770,9.72
50.47,6,follower,-35.3631931,149.1651770,10.95
50.96,6,follower,-35.3631931,149.1651770,12.18
51.47,6,follower,-35.3631931,149.1651770,13.34
51.97,6,follower,-35.3631932,149.1651770,14.77
52.46,6,follower,-35.3631932,149.1651770,16.47
52.97,6,follower,-35.3631932,149.1651770,17.74
53.47,6,follower,-35.3631932,149.1651770,18.61
53.97,6,follower,-35.3631932,149.1651770,19.20
54.46,6,follower,-35.3631932,149.1651770,19.54
54.96,6,follower,-35.3631932,149.1651770,19.64
55.47,6,follower,-35.3631931,149.1651769,19.51
55.97,6,follower,-35.3631931,149.1651769,19.13
56.47,6,follower,-35.3631931,149.1651769,18.49
56.97,6,follower,-35.3631931,149.1651768,17.72
57.47,6,follower,-35.3631931,149.1651768,16.95
57.96,6,follower,-35.3631931,149.1651768,16.20
58.46,6,follower,-35.3631931,149.1651768,15.54
58.96,6,follower,-35.3631931,149.1651768,15.11
59.46,6,follower,-35.3631931,149.1651768,14.96
59.97,6,follower,-35.3631931,149.1651768,14.98
60.47,6,follower,-35.3631931,149.1651769,15.02
60.96,6,follower,-35.3631931,149.1651769,15.03
61.46,6,follower,-35.3631931,149.1651769,15.02
61.97,6,follower,-35.3631931,149.1651769,15.02
62.47,6,follower,-35.3631931,149.1651770,15.01
62.96,6,follower,-35.3631931,149.1651770,15.01
63.47,6,follower,-35.3631931,149.1651770,15.01
63.97,6,follower,-35.3631931,149.1651770,15.01
64.47,6,follower,-35.3631931,149.1651770,15.01
64.97,6,follower,-35.3631931,149.1651770,15.00
65.47,6,follower,-35.3631931,149.1651770,15.00
65.97,6,follower,-35.3631931,149.1651770,15.00
66.47,6,follower,-35.3631931,149.1651770,15.00
66.97,6,follower,-35.3631931,149.1651769,15.00
67.47,6,follower,-35.3631931,149.1651769,15.00
67.97,6,follower,-35.3631931,149.1651769,15.00
68.47,6,follower,-35.3631932,149.1651769,15.00
68.97,6,follower,-35.3631932,149.1651769,15.00
69.46,6,follower,-35.3631932,149.1651769,15.00
69.97,6,follower,-35.3631932,149.1651770,15.00
70.47,6,follower,-35.3631932,149.1651770,15.00
70.97,6,follower,-35.3631932,149.1651770,15.00
71.47,6,follower,-35.3631932,149.1651770,15.00
71.97,6,follower,-35.3631932,149.1651770,15.00
72.47,6,follower,-35.3631932,149.1651770,15.00
72.97,6,follower,-35.3631932,149.1651770,15.00
73.47,6,follower,-35.3631932,149.1651770,15.00
73.97,6,follower,-35.3631932,149.1651770,15.00
74.47,6,follower,-35.3631932,149.1651770,15.00
74.97,6,follower,-35.3631932,149.1651770,15.00
75.47,6,follower,-35.3631932,149.1651770,15.00
75.97,6,follower,-35.3631932,149.1651770,15.00
76.47,6,follower,-35.3631932,149.1651769,15.00
76.97,6,follower,-35.3631932,149.1651769,15.00
77.47,6,follower,-35.3631932,149.1651769,15.00
77.97,6,follower,-35.3631932,149.1651769,15.00
78.47,6,follower,-35.3631932,149.1651769,15.00
78.97,6,follower,-35.3631932,149.1651769,15.00
79.47,6,follower,-35.3631932,149.1651769,15.00
79.97,6,follower,-35.3631932,149.1651769,15.00
80.47,6,follower,-35.3631932,149.1651769,15.00
80.97,6,follower,-35.3631932,149.1651769,15.00
81.47,6,follower,-35.3631932,149.1651769,15.00
81.97,6,follower,-35.3631932,149.1651770,15.00
82.47,6,follower,-35.3631932,149.1651770,15.00
82.97,6,follower,-35.3631932,149.1651770,15.00
83.47,6,follower,-35.3631932,149.1651770,15.00
83.97,6,follower,-35.3631932,149.1651770,15.00
84.47,6,follower,-35.3631932,149.1651770,15.00
84.97,6,follower,-35.3631932,149.1651770,15.00
85.47,6,follower,-35.3631932,149.1651770,15.00
85.97,6,follower,-35.3631932,149.1651770,15.00
86.47,6,follower,-35.3631932,149.1651770,15.00
86.97,6,follower,-35.3631932,149.1651770,15.00
87.47,6,follower,-35.3631932,149.1651770,15.00
87.97,6,follower,-35.3631932,149.1651770,15.00
88.47,6,follower,-35.3631932,149.1651770,15.00
88.97,6,follower,-35.3631932,149.1651770,15.00
89.47,6,follower,-35.3631932,149.1651769,15.00
89.97,6,follower,-35.3631932,149.1651769,15.00
90.47,6,follower,-35.3631932,149.1651769,15.00
90.98,6,follower,-35.3631932,149.1651769,15.00
91.47,6,follower,-35.3631932,149.1651769,15.00
91.97,6,follower,-35.3631932,149.1651769,15.00
92.47,6,follower,-35.3631932,149.1651769,15.00
92.97,6,follower,-35.3631932,149.1651769,15.00
93.47,6,follower,-35.3631932,149.1651770,15.00
93.98,6,follower,-35.3631932,149.1651770,15.00
94.47,6,follower,-35.3631932,149.1651770,15.00
94.97,6,follower,-35.3631932,149.1651770,15.00
95.47,6,follower,-35.3631932,149.1651770,15.00
95.97,6,follower,-35.3631932,149.1651770,15.00
96.47,6,follower,-35.3631932,149.1651770,15.00
96.98,6,follower,-35.3631932,149.1651770,15.00
97.47,6,follower,-35.3631932,149.1651770,15.00
97.98,6,follower,-35.3631932,149.1651770,15.00
98.47,6,follower,-35.3631932,149.1651770,15.00
98.97,6,follower,-35.3631932,149.1651770,15.00
99.48,6,follower,-35.3631932,149.1651770,15.00
99.97,6,follower,-35.3631932,149.1651770,15.00
100.47,6,follower,-35.3631932,149.1651770,15.00
100.97,6,follower,-35.3631931,149.1651769,15.00
101.47,6,follower,-35.3631931,149.1651769,15.00
101.97,6,follower,-35.3631931,149.1651769,15.00
102.47,6,follower,-35.3631931,149.1651769,15.00
102.97,6,follower,-35.3631931,149.1651769,15.00
103.48,6,follower,-35.3631931,149.1651770,15.00
103.97,6,follower,-35.3631931,149.1651770,15.00
104.48,6,follower,-35.3631931,149.1651770,15.00
104.97,6,follower,-35.3631931,149.1651770,15.00
105.48,6,follower,-35.3631931,149.1651770,15.00
105.98,6,follower,-35.3631931,149.1651770,15.00
106.47,6,follower,-35.3631931,149.1651770,15.00
106.98,6,follower,-35.3631931,149.1651770,15.00
107.48,6,follower,-35.3631932,149.1651770,15.00
107.98,6,follower,-35.3631932,149.1651770,15.00
108.47,6,follower,-35.3631932,149.1651770,15.00
108.97,6,follower,-35.3631932,149.1651770,15.00
109.47,6,follower,-35.3631932,149.1651770,15.00
109.98,6,follower,-35.3631932,149.1651769,15.00
110.47,6,follower,-35.3631932,149.1651769,15.00
110.97,6,follower,-35.3631931,149.1651769,15.00
111.47,6,follower,-35.3631931,149.1651769,15.00
111.98,6,follower,-35.3631931,149.1651770,15.00
112.48,6,follower,-35.3631931,149.1651770,15.00
112.97,6,follower,-35.3631931,149.1651770,15.00
113.48,6,follower,-35.3631931,149.1651770,15.00
113.98,6,follower,-35.3631931,149.1651770,15.00
114.47,6,follower,-35.3631931,149.1651770,15.00
114.97,6,follower,-35.3631931,149.1651770,15.00
115.48,6,follower,-35.3631931,149.1651770,15.00
115.98,6,follower,-35.3631931,149.1651770,15.00
116.48,6,follower,-35.3631931,149.1651770,15.00
116.97,6,follower,-35.3631931,149.1651770,15.00
117.47,6,follower,-35.3631931,149.1651770,15.00
117.98,6,follower,-35.3631931,149.1651770,15.00
118.48,6,follower,-35.3631932,149.1651770,15.00
118.98,6,follower,-35.3631932,149.1651770,15.00
119.47,6,follower,-35.3631932,149.1651770,15.00
119.98,6,follower,-35.3631932,149.1651770,15.00
120.48,6,follower,-35.3631932,149.1651770,15.00
120.98,6,follower,-35.3631932,149.1651770,15.00
121.48,6,follower,-35.3631932,149.1651770,15.00
121.98,6,follower,-35.3631931,149.1651770,15.00
122.48,6,follower,-35.3631931,149.1651770,15.00
122.98,6,follower,-35.3631931,149.1651769,15.00
123.48,6,follower,-35.3631931,149.1651769,15.00
123.98,6,follower,-35.3631931,149.1651769,15.00
124.48,6,follower,-35.3631931,149.1651769,15.00
124.98,6,follower,-35.3631931,149.1651769,15.00
125.48,6,follower,-35.3631931,149.1651770,15.00
125.98,6,follower,-35.3631931,149.1651770,15.00
126.48,6,follower,-35.3631931,149.1651770,15.00
126.98,6,follower,-35.3631931,149.1651770,15.00
127.48,6,follower,-35.3631931,149.1651770,15.00
127.98,6,follower,-35.3631931,149.1651770,15.00
128.48,6,follower,-35.3631931,149.1651770,15.00
128.98,6,follower,-35.3631932,149.1651770,15.00
129.48,6,follower,-35.3631932,149.1651770,15.00
129.97,6,follower,-35.3631932,149.1651770,15.00
130.48,6,follower,-35.3631932,149.1651770,15.00
130.98,6,follower,-35.3631932,149.1651770,15.00
131.48,6,follower,-35.3631932,149.1651770,15.00
131.98,6,follower,-35.3631932,149.1651769,15.00
132.48,6,follower,-35.3631932,149.1651769,15.00
132.98,6,follower,-35.3631932,149.1651769,15.00
133.48,6,follower,-35.3631932,149.1651769,15.00
133.98,6,follower,-35.3631932,149.1651769,15.00
134.48,6,follower,-35.3631932,149.1651770,15.00
134.98,6,follower,-35.3631932,149.1651770,15.00
135.48,6,follower,-35.3631932,149.1651770,15.00
135.98,6,follower,-35.3631932,149.1651770,15.00
136.48,6,follower,-35.3631932,149.1651770,15.00
136.98,6,follower,-35.3631932,149.1651770,15.00
137.48,6,follower,-35.3631932,149.1651770,15.00
137.98,6,follower,-35.3631932,149.1651770,15.00
138.48,6,follower,-35.3631932,149.1651770,15.00
138.98,6,follower,-35.3631932,149.1651770,15.00
139.48,6,follower,-35.3631932,149.1651770,15.00
139.98,6,follower,-35.3631932,149.1651770,15.00
140.48,6,follower,-35.3631932,149.1651770,15.00
140.98,6,follower,-35.3631932,149.1651769,15.00
141.48,6,follower,-35.3631932,149.1651769,15.00
141.98,6,follower,-35.3631932,149.1651769,15.00
142.48,6,follower,-35.3631932,149.1651769,15.00
142.98,6,follower,-35.3631932,149.1651770,15.00
143.48,6,follower,-35.3631932,149.1651770,15.00
143.98,6,follower,-35.3631932,149.1651770,15.00
144.48,6,follower,-35.3631932,149.1651770,15.00
144.98,6,follower,-35.3631930,149.1651770,15.00
145.48,6,follower,-35.3631900,149.1651768,15.00
145.98,6,follower,-35.3631810,149.1651766,15.00
146.48,6,follower,-35.3631691,149.1651766,15.00
146.98,6,follower,-35.3631587,149.1651766,15.00
147.48,6,follower,-35.3631495,149.1651767,15.00
147.98,6,follower,-35.3631405,149.1651767,15.00
148.48,6,follower,-35.3631313,149.1651767,15.00
148.98,6,follower,-35.3631219,149.1651767,15.00
149.48,6,follower,-35.3631125,149.1651767,15.00
149.99,6,follower,-35.3631033,149.1651767,15.00
150.48,6,follower,-35.3630940,149.1651767,15.00
150.98,6,follower,-35.3630839,149.1651767,15.00
151.48,6,follower,-35.3630746,149.1651767,15.00
151.98,6,follower,-35.3630653,149.1651767,15.00
152.49,6,follower,-35.3630567,149.1651767,15.00
152.98,6,follower,-35.3630471,149.1651766,15.00
153.49,6,follower,-35.3630383,149.1651766,15.00
153.99,6,follower,-35.3630291,149.1651766,15.00
154.48,6,follower,-35.3630205,149.1651766,15.00
154.98,6,follower,-35.3630113,149.1651766,15.00
155.48,6,follower,-35.3630020,149.1651766,15.00
155.99,6,follower,-35.3629929,149.1651766,15.00
156.48,6,follower,-35.3629840,149.1651766,15.00
156.98,6,follower,-35.3629750,149.1651767,15.00
157.49,6,follower,-35.3629659,149.1651767,15.00
157.99,6,follower,-35.3629571,149.1651767,15.00
158.48,6,follower,-35.3629482,149.1651767,15.00
158.98,6,follower,-35.3629394,149.1651767,15.00
159.49,6,follower,-35.3629305,149.1651767,15.00
159.98,6,follower,-35.3629217,149.1651767,15.00
160.49,6,follower,-35.3629151,149.1651767,15.00
160.98,6,follower,-35.3629142,149.1651767,15.00
161.48,6,follower,-35.3629180,149.1651782,15.00
161.98,6,follower,-35.3629212,149.1651843,15.00
162.49,6,follower,-35.3629213,149.1651964,15.00
162.98,6,follower,-35.3629211,149.1652149,15.01
163.49,6,follower,-35.3629211,149.1652350,15.01
163.98,6,follower,-35.3629213,149.1652501,15.00
164.48,6,follower,-35.3629218,149.1652617,15.00
164.99,6,follower,-35.3629224,149.1652731,15.00
165.49,6,follower,-35.3629230,149.1652846,15.00
165.99,6,follower,-35.3629232,149.1652960,15.00
166.49,6,follower,-35.3629232,149.1653073,15.00
166.99,6,follower,-35.3629232,149.1653184,15.00
167.49,6,follower,-35.3629232,149.1653294,15.00
167.99,6,follower,-35.3629232,149.1653416,15.00
168.49,6,follower,-35.3629231,149.1653537,15.00
168.99,6,follower,-35.3629231,149.1653654,15.00
169.48,6,follower,-35.3629231,149.1653758,15.00
169.99,6,follower,-35.3629231,149.1653868,15.00
170.49,6,follower,-35.3629231,149.1653971,15.00
170.99,6,follower,-35.3629231,149.1654088,15.00
171.49,6,follower,-35.3629231,149.1654196,15.00
171.99,6,follower,-35.3629231,149.1654312,15.00
172.49,6,follower,-35.3629231,149.1654426,15.00
172.99,6,follower,-35.3629231,149.1654536,15.00
173.49,6,follower,-35.3629232,149.1654645,15.00
173.99,6,follower,-35.3629232,149.1654754,15.00
174.49,6,follower,-35.3629232,149.1654864,15.00
174.99,6,follower,-35.3629232,149.1654972,15.00
175.48,6,follower,-35.3629232,149.1655063,15.00
175.99,6,follower,-35.3629232,149.1655088,15.00
176.49,6,follower,-35.3629240,149.1655049,15.00
176.99,6,follower,-35.3629282,149.1655003,15.00
177.49,6,follower,-35.3629370,149.1654998,15.00
177.98,6,follower,-35.3629512,149.1655000,15.01
178.49,6,follower,-35.3629679,149.1655000,15.01
178.99,6,follower,-35.3629809,149.1654997,15.00
179.49,6,follower,-35.3629906,149.1654989,15.00
179.99,6,follower,-35.3629999,149.1654980,15.00
180.49,6,follower,-35.3630095,149.1654974,15.00
180.99,6,follower,-35.3630188,149.1654972,15.00
181.48,6,follower,-35.3630281,149.1654971,15.00
181.99,6,follower,-35.3630372,149.1654971,15.00
182.49,6,follower,-35.3630462,149.1654971,15.00
182.99,6,follower,-35.3630551,149.1654972,15.00
183.49,6,follower,-35.3630643,149.1654972,15.00
183.99,6,follower,-35.3630743,149.1654972,15.00
184.49,6,follower,-35.3630834,149.1654972,15.00
184.99,6,follower,-35.3630927,149.1654972,15.00
185.49,6,follower,-35.3631013,149.1654972,15.00
185.99,6,follower,-35.3631108,149.1654972,15.00
186.49,6,follower,-35.3631197,149.1654972,15.00
186.99,6,follower,-35.3631290,149.1654972,15.00
187.49,6,follower,-35.3631377,149.1654972,15.00
187.99,6,follower,-35.3631468,149.1654972,15.00
188.49,6,follower,-35.3631561,149.1654972,15.00
188.99,6,follower,-35.3631652,149.1654972,15.00
189.49,6,follower,-35.3631741,149.1654972,15.00
189.99,6,follower,-35.3631830,149.1654972,15.00
190.49,6,follower,-35.3631910,149.1654972,15.00
190.99,6,follower,-35.3631943,149.1654972,15.00
191.49,6,follower,-35.3631919,149.1654966,15.00
191.99,6,follower,-35.3631878,149.1654923,15.00
192.49,6,follower,-35.3631868,149.1654826,15.00
192.99,6,follower,-35.3631869,149.1654662,15.01
193.49,6,follower,-35.3631869,149.1654459,15.01
193.99,6,follower,-35.3631867,149.1654288,15.00
194.49,6,follower,-35.3631862,149.1654166,15.00
194.99,6,follower,-35.3631855,149.1654051,15.00
195.49,6,follower,-35.3631849,149.1653934,15.00
195.99,6,follower,-35.3631846,149.1653819,15.00
196.49,6,follower,-35.3631845,149.1653705,15.00
196.99,6,follower,-35.3631845,149.1653593,15.00
197.49,6,follower,-35.3631845,149.1653483,15.00
197.99,6,follower,-35.3631845,149.1653374,15.00
198.49,6,follower,-35.3631845,149.1653265,15.00
198.99,6,follower,-35.3631845,149.1653156,15.00
199.49,6,follower,-35.3631845,149.1653037,15.00
199.99,6,follower,-35.3631845,149.1652916,15.00
200.49,6,follower,-35.3631846,149.1652808,15.00
200.99,6,follower,-35.3631846,149.1652695,15.00
201.49,6,follower,-35.3631846,149.1652589,15.00
201.99,6,follower,-35.3631846,149.1652472,15.00
202.49,6,follower,-35.3631846,149.1652364,15.00
202.99,6,follower,-35.3631846,149.1652250,15.00
203.49,6,follower,-35.3631846,149.1652144,15.00
203.99,6,follower,-35.3631846,149.1652031,15.00
204.49,6,follower,-35.3631846,149.1651917,15.00
204.99,6,follower,-35.3631846,149.1651806,15.00
205.49,6,follower,-35.3631846,149.1651702,15.00
206.00,6,follower,-35.3631845,149.1651645,15.00
206.49,6,follower,-35.3631844,149.1651660,15.00
206.99,6,follower,-35.3631843,149.1651700,15.00
207.49,6,follower,-35.3631842,149.1651715,15.00
207.99,6,follower,-35.3631842,149.1651718,15.00
208.50,6,follower,-35.3631843,149.1651720,15.00
208.99,6,follower,-35.3631844,149.1651723,15.00
209.49,6,follower,-35.3631845,149.1651728,15.00
210.00,6,follower,-35.3631845,149.1651733,15.00
210.49,6,follower,-35.3631846,149.1651737,15.00
211.00,6,follower,-35.3631846,149.1651739,15.00
46.94,7,follower,-35.3632837,149.1653341,2.23
47.44,7,follower,-35.3632837,149.1653341,3.39
47.94,7,follower,-35.3632837,149.1653341,4.67
48.45,7,follower,-35.3632837,149.1653341,5.95
48.94,7,follower,-35.3632837,149.1653341,7.19
49.44,7,follower,-35.3632837,149.1653341,8.42
49.94,7,follower,-35.3632837,149.1653341,9.66
50.45,7,follower,-35.3632837,149.1653341,10.90
50.95,7,follower,-35.3632837,149.1653341,12.13
51.45,7,follower,-35.3632837,149.1653341,13.25
51.95,7,follower,-35.3632837,149.1653341,14.52
52.45,7,follower,-35.3632837,149.1653340,16.11
52.95,7,follower,-35.3632837,149.1653340,17.37
53.45,7,follower,-35.3632837,149.1653340,18.25
53.95,7,follower,-35.3632837,149.1653340,18.83
54.45,7,follower,-35.3632837,149.1653340,19.17
54.94,7,follower,-35.3632836,149.1653340,19.27
55.45,7,follower,-35.3632836,149.1653339,19.13
55.95,7,follower,-35.3632836,149.1653339,18.75
56.45,7,follower,-35.3632836,149.1653339,18.10
56.95,7,follower,-35.3632836,149.1653338,17.32
57.45,7,follower,-35.3632836,149.1653338,16.55
57.95,7,follower,-35.3632836,149.1653338,15.83
58.45,7,follower,-35.3632836,149.1653338,15.28
58.94,7,follower,-35.3632836,149.1653338,15.00
59.45,7,follower,-35.3632836,149.1653338,14.96
59.94,7,follower,-35.3632836,149.1653338,15.00
60.44,7,follower,-35.3632836,149.1653339,15.02
60.95,7,follower,-35.3632836,149.1653339,15.02
61.45,7,follower,-35.3632836,149.1653339,15.02
61.94,7,follower,-35.3632836,149.1653339,15.01
62.44,7,follower,-35.3632836,149.1653340,15.01
62.94,7,follower,-35.3632836,149.1653340,15.01
63.45,7,follower,-35.3632836,149.1653340,15.01
63.95,7,follower,-35.3632836,149.1653340,15.01
64.45,7,follower,-35.3632836,149.1653340,15.01
64.95,7,follower,-35.3632836,149.1653340,15.00
65.45,7,follower,-35.3632836,149.1653340,15.00
65.95,7,follower,-35.3632836,149.1653340,15.00
66.45,7,follower,-35.3632836,149.1653340,15.00
66.95,7,follower,-35.3632836,149.1653340,15.00
67.45,7,follower,-35.3632836,149.1653339,15.00
67.95,7,follower,-35.3632836,149.1653339,15.00
68.45,7,follower,-35.3632836,149.1653339,15.00
68.95,7,follower,-35.3632836,149.1653339,15.00
69.45,7,follower,-35.3632836,149.1653339,15.00
69.95,7,follower,-35.3632836,149.1653339,15.00
70.45,7,follower,-35.3632836,149.1653340,15.00
70.95,7,follower,-35.3632836,149.1653340,15.00
71.45,7,follower,-35.3632836,149.1653340,15.00
71.95,7,follower,-35.3632836,149.1653340,15.00
72.45,7,follower,-35.3632836,149.1653340,15.00
72.95,7,follower,-35.3632836,149.1653340,15.00
73.45,7,follower,-35.3632836,149.1653340,15.00
73.95,7,follower,-35.3632836,149.1653340,15.00
74.45,7,follower,-35.3632836,149.1653340,15.00
74.95,7,follower,-35.3632836,149.1653339,15.00
75.45,7,follower,-35.3632836,149.1653339,15.00
75.95,7,follower,-35.3632836,149.1653339,15.00
76.45,7,follower,-35.3632836,149.1653339,15.00
76.95,7,follower,-35.3632836,149.1653339,15.00
77.45,7,follower,-35.3632836,149.1653339,15.00
77.95,7,follower,-35.3632836,149.1653339,15.00
78.45,7,follower,-35.3632836,149.1653339,15.00
78.95,7,follower,-35.3632836,149.1653339,15.00
79.45,7,follower,-35.3632836,149.1653339,15.00
79.95,7,follower,-35.3632836,149.1653339,15.00
80.45,7,follower,-35.3632836,149.1653339,15.00
80.95,7,follower,-35.3632836,149.1653339,15.00
81.45,7,follower,-35.3632836,149.1653339,15.00
81.95,7,follower,-35.3632836,149.1653339,15.00
82.45,7,follower,-35.3632836,149.1653340,15.00
82.95,7,follower,-35.3632836,149.1653340,15.00
83.45,7,follower,-35.3632836,149.1653340,15.00
83.95,7,follower,-35.3632836,149.1653340,15.00
84.45,7,follower,-35.3632836,149.1653340,15.00
84.95,7,follower,-35.3632836,149.1653340,15.00
85.45,7,follower,-35.3632836,149.1653340,15.00
85.95,7,follower,-35.3632836,149.1653340,15.00
86.45,7,follower,-35.3632836,149.1653340,15.00
86.95,7,follower,-35.3632836,149.1653340,15.00
87.45,7,follower,-35.3632836,149.1653340,15.00
87.95,7,follower,-35.3632836,149.1653340,15.00
88.45,7,follower,-35.3632836,149.1653340,15.00
88.95,7,follower,-35.3632836,149.1653340,15.00
89.45,7,follower,-35.3632836,149.1653340,15.00
89.95,7,follower,-35.3632836,149.1653339,15.00
90.45,7,follower,-35.3632836,149.1653339,15.00
90.95,7,follower,-35.3632836,149.1653339,15.00
91.45,7,follower,-35.3632836,149.1653339,15.00
91.95,7,follower,-35.3632836,149.1653339,15.00
92.45,7,follower,-35.3632836,149.1653339,15.00
92.95,7,follower,-35.3632836,149.1653339,15.00
93.45,7,follower,-35.3632836,149.1653340,15.00
93.95,7,follower,-35.3632836,149.1653340,15.00
94.45,7,follower,-35.3632836,149.1653340,15.00
94.96,7,follower,-35.3632836,149.1653340,15.00
95.45,7,follower,-35.3632836,149.1653340,15.00
95.95,7,follower,-35.3632836,149.1653340,15.00
96.45,7,follower,-35.3632836,149.1653340,15.00
96.95,7,follower,-35.3632836,149.1653340,15.00
97.45,7,follower,-35.3632836,149.1653340,15.00
97.95,7,follower,-35.3632836,149.1653340,15.00
98.45,7,follower,-35.3632836,149.1653340,15.00
98.95,7,follower,-35.3632836,149.1653340,15.00
99.45,7,follower,-35.3632836,149.1653340,15.00
99.95,7,follower,-35.3632836,149.1653340,15.00
100.46,7,follower,-35.3632836,149.1653340,15.00
100.95,7,follower,-35.3632836,149.1653339,15.00
101.46,7,follower,-35.3632836,149.1653339,15.00
101.95,7,follower,-35.3632836,149.1653339,15.00
102.45,7,follower,-35.3632836,149.1653339,15.00
102.95,7,follower,-35.3632836,149.1653339,15.00
103.46,7,follower,-35.3632836,149.1653340,15.00
103.95,7,follower,-35.3632836,149.1653340,15.00
104.45,7,follower,-35.3632836,149.1653340,15.00
104.96,7,follower,-35.3632836,149.1653340,15.00
105.46,7,follower,-35.3632836,149.1653340,15.00
105.95,7,follower,-35.3632836,149.1653340,15.00
106.45,7,follower,-35.3632836,149.1653340,15.00
106.95,7,follower,-35.3632836,149.1653340,15.00
107.45,7,follower,-35.3632836,149.1653340,15.00
107.96,7,follower,-35.3632836,149.1653340,15.00
108.45,7,follower,-35.3632836,149.1653340,15.00
108.96,7,follower,-35.3632836,149.1653340,15.00
109.45,7,follower,-35.3632836,149.1653340,15.00
109.95,7,follower,-35.3632836,149.1653339,15.00
110.45,7,follower,-35.3632836,149.1653339,15.00
110.96,7,follower,-35.3632836,149.1653339,15.00
111.46,7,follower,-35.3632836,149.1653339,15.00
111.96,7,follower,-35.3632836,149.1653339,15.00
112.46,7,follower,-35.3632836,149.1653339,15.00
112.96,7,follower,-35.3632836,149.1653340,15.00
113.45,7,follower,-35.3632836,149.1653340,15.00
113.96,7,follower,-35.3632836,149.1653340,15.00
114.46,7,follower,-35.3632836,149.1653340,15.00
114.95,7,follower,-35.3632836,149.1653340,15.00
115.46,7,follower,-35.3632836,149.1653340,15.00
115.96,7,follower,-35.3632836,149.1653340,15.00
116.46,7,follower,-35.3632836,149.1653340,15.00
116.96,7,follower,-35.3632836,149.1653340,15.00
117.46,7,follower,-35.3632836,149.1653340,15.00
117.96,7,follower,-35.3632836,149.1653340,15.00
118.45,7,follower,-35.3632836,149.1653340,15.00
118.96,7,follower,-35.3632836,149.1653339,15.00
119.46,7,follower,-35.3632836,149.1653339,15.00
119.96,7,follower,-35.3632836,149.1653339,15.00
120.46,7,follower,-35.3632836,149.1653339,15.00
120.96,7,follower,-35.3632836,149.1653339,15.00
121.46,7,follower,-35.3632836,149.1653340,15.00
121.95,7,follower,-35.3632836,149.1653340,15.00
122.46,7,follower,-35.3632836,149.1653339,15.00
122.96,7,follower,-35.3632836,149.1653339,15.00
123.46,7,follower,-35.3632836,149.1653339,15.00
123.96,7,follower,-35.3632836,149.1653339,15.00
124.46,7,follower,-35.3632836,149.1653339,15.00
124.96,7,follower,-35.3632836,149.1653339,15.00
125.46,7,follower,-35.3632836,149.1653339,15.00
125.96,7,follower,-35.3632836,149.1653339,15.00
126.46,7,follower,-35.3632836,149.1653339,15.00
126.96,7,follower,-35.3632836,149.1653339,15.00
127.46,7,follower,-35.3632836,149.1653339,15.00
127.96,7,follower,-35.3632836,149.1653339,15.00
128.46,7,follower,-35.3632836,149.1653339,15.00
128.96,7,follower,-35.3632836,149.1653339,15.00
129.46,7,follower,-35.3632836,149.1653339,15.00
129.96,7,follower,-35.3632836,149.1653339,15.00
130.46,7,follower,-35.3632836,149.1653339,15.00
130.96,7,follower,-35.3632836,149.1653339,15.00
131.46,7,follower,-35.3632836,149.1653339,15.00
131.96,7,follower,-35.3632836,149.1653339,15.00
132.46,7,follower,-35.3632836,149.1653339,15.00
132.96,7,follower,-35.3632836,149.1653339,15.00
133.46,7,follower,-35.3632836,149.1653339,15.00
133.96,7,follower,-35.3632836,149.1653339,15.00
134.46,7,follower,-35.3632836,149.1653339,15.00
134.96,7,follower,-35.3632836,149.1653339,15.00
135.46,7,follower,-35.3632836,149.1653339,15.00
135.96,7,follower,-35.3632836,149.1653339,15.00
136.46,7,follower,-35.3632836,149.1653339,15.00
136.96,7,follower,-35.3632836,149.1653340,15.00
137.46,7,follower,-35.3632836,149.1653340,15.00
137.96,7,follower,-35.3632836,149.1653340,15.00
138.46,7,follower,-35.3632836,149.1653340,15.00
138.96,7,follower,-35.3632836,149.1653340,15.00
139.46,7,follower,-35.3632836,149.1653340,15.00
139.96,7,follower,-35.3632836,149.1653340,15.00
140.46,7,follower,-35.3632836,149.1653340,15.00
140.96,7,follower,-35.3632836,149.1653340,15.00
141.46,7,follower,-35.3632836,149.1653340,15.00
141.96,7,follower,-35.3632836,149.1653340,15.00
142.46,7,follower,-35.3632836,149.1653340,15.00
142.96,7,follower,-35.3632836,149.1653340,15.00
143.46,7,follower,-35.3632836,149.1653340,15.00
143.96,7,follower,-35.3632836,149.1653339,15.00
144.46,7,follower,-35.3632836,149.1653339,15.00
144.96,7,follower,-35.3632835,149.1653339,15.00
145.46,7,follower,-35.3632804,149.1653337,15.00
145.96,7,follower,-35.3632713,149.1653337,15.00
146.46,7,follower,-35.3632593,149.1653337,15.00
146.96,7,follower,-35.3632491,149.1653337,15.00
147.46,7,follower,-35.3632399,149.1653337,15.00
147.96,7,follower,-35.3632308,149.1653338,15.00
148.46,7,follower,-35.3632214,149.1653338,15.00
148.96,7,follower,-35.3632121,149.1653338,15.00
149.46,7,follower,-35.3632028,149.1653338,15.00
149.96,7,follower,-35.3631935,149.1653338,15.00
150.46,7,follower,-35.3631844,149.1653338,15.00
150.96,7,follower,-35.3631755,149.1653338,15.00
151.46,7,follower,-35.3631666,149.1653337,15.00
151.96,7,follower,-35.3631577,149.1653337,15.00
152.47,7,follower,-35.3631488,149.1653337,15.00
152.96,7,follower,-35.3631399,149.1653337,15.00
153.46,7,follower,-35.3631302,149.1653337,15.00
153.96,7,follower,-35.3631204,149.1653337,15.00
154.46,7,follower,-35.3631116,149.1653337,15.00
154.96,7,follower,-35.3631020,149.1653337,15.00
155.47,7,follower,-35.3630932,149.1653337,15.00
155.96,7,follower,-35.3630842,149.1653337,15.00
156.47,7,follower,-35.3630757,149.1653337,15.00
156.97,7,follower,-35.3630661,149.1653337,15.00
157.47,7,follower,-35.3630571,149.1653337,15.00
157.96,7,follower,-35.3630479,149.1653337,15.00
158.47,7,follower,-35.3630395,149.1653337,15.00
158.96,7,follower,-35.3630304,149.1653337,15.00
159.47,7,follower,-35.3630211,149.1653337,15.00
159.97,7,follower,-35.3630122,149.1653337,15.00
160.46,7,follower,-35.3630055,149.1653337,15.00
160.96,7,follower,-35.3630046,149.1653337,15.00
161.46,7,follower,-35.3630082,149.1653353,15.00
161.96,7,follower,-35.3630113,149.1653414,15.00
162.47,7,follower,-35.3630116,149.1653536,15.00
162.96,7,follower,-35.3630114,149.1653724,15.01
163.47,7,follower,-35.3630114,149.1653925,15.01
163.97,7,follower,-35.3630118,149.1654075,15.00
164.47,7,follower,-35.3630124,149.1654191,15.00
164.96,7,follower,-35.3630130,149.1654306,15.00
165.46,7,follower,-35.3630135,149.1654421,15.00
165.96,7,follower,-35.3630137,149.1654535,15.00
166.47,7,follower,-35.3630137,149.1654648,15.00
166.97,7,follower,-35.3630137,149.1654759,15.00
167.47,7,follower,-35.3630137,149.1654869,15.00
167.97,7,follower,-35.3630137,149.1654978,15.00
168.47,7,follower,-35.3630137,149.1655087,15.00
168.97,7,follower,-35.3630136,149.1655196,15.00
169.47,7,follower,-35.3630136,149.1655306,15.00
169.97,7,follower,-35.3630136,149.1655415,15.00
170.47,7,follower,-35.3630136,149.1655533,15.00
170.97,7,follower,-35.3630136,149.1655654,15.00
171.47,7,follower,-35.3630136,149.1655762,15.00
171.97,7,follower,-35.3630136,149.1655877,15.00
172.47,7,follower,-35.3630136,149.1655982,15.00
172.97,7,follower,-35.3630136,149.1656096,15.00
173.47,7,follower,-35.3630136,149.1656200,15.00
173.97,7,follower,-35.3630136,149.1656317,15.00
174.47,7,follower,-35.3630136,149.1656425,15.00
174.97,7,follower,-35.3630136,149.1656539,15.00
175.47,7,follower,-35.3630136,149.1656630,15.00
175.97,7,follower,-35.3630137,149.1656655,15.00
176.46,7,follower,-35.3630144,149.1656617,15.00
176.97,7,follower,-35.3630186,149.1656569,15.00
177.47,7,follower,-35.3630272,149.1656564,15.00
177.97,7,follower,-35.3630413,149.1656569,15.01
178.47,7,follower,-35.3630581,149.1656569,15.01
178.96,7,follower,-35.3630720,149.1656566,15.00
179.47,7,follower,-35.3630819,149.1656559,15.00
179.97,7,follower,-35.3630913,149.1656551,15.00
180.47,7,follower,-35.3631007,149.1656544,15.00
180.97,7,follower,-35.3631101,149.1656542,15.00
181.47,7,follower,-35.3631193,149.1656541,15.00
181.97,7,follower,-35.3631285,149.1656541,15.00
182.47,7,follower,-35.3631374,149.1656541,15.00
182.97,7,follower,-35.3631463,149.1656542,15.00
183.47,7,follower,-35.3631551,149.1656542,15.00
183.97,7,follower,-35.3631640,149.1656542,15.00
184.47,7,follower,-35.3631729,149.1656542,15.00
184.97,7,follower,-35.3631817,149.1656542,15.00
185.47,7,follower,-35.3631906,149.1656542,15.00
185.97,7,follower,-35.3631994,149.1656542,15.00
186.47,7,follower,-35.3632082,149.1656542,15.00
186.97,7,follower,-35.3632171,149.1656542,15.00
187.47,7,follower,-35.3632268,149.1656542,15.00
187.97,7,follower,-35.3632367,149.1656542,15.00
188.47,7,follower,-35.3632456,149.1656542,15.00
188.97,7,follower,-35.3632549,149.1656542,15.00
189.47,7,follower,-35.3632635,149.1656542,15.00
189.97,7,follower,-35.3632727,149.1656542,15.00
190.47,7,follower,-35.3632803,149.1656542,15.00
190.97,7,follower,-35.3632838,149.1656541,15.00
191.47,7,follower,-35.3632817,149.1656531,15.00
191.97,7,follower,-35.3632784,149.1656483,15.00
192.47,7,follower,-35.3632778,149.1656377,15.00
192.97,7,follower,-35.3632777,149.1656203,15.01
193.47,7,follower,-35.3632775,149.1656003,15.01
193.97,7,follower,-35.3632772,149.1655845,15.00
194.47,7,follower,-35.3632766,149.1655728,15.00
194.97,7,follower,-35.3632759,149.1655614,15.00
195.47,7,follower,-35.3632754,149.1655498,15.00
195.97,7,follower,-35.3632751,149.1655383,15.00
196.47,7,follower,-35.3632750,149.1655269,15.00
196.97,7,follower,-35.3632750,149.1655158,15.00
197.47,7,follower,-35.3632750,149.1655048,15.00
197.97,7,follower,-35.3632750,149.1654939,15.00
198.47,7,follower,-35.3632750,149.1654830,15.00
198.97,7,follower,-35.3632750,149.1654721,15.00
199.47,7,follower,-35.3632750,149.1654612,15.00
199.97,7,follower,-35.3632750,149.1654502,15.00
200.47,7,follower,-35.3632750,149.1654393,15.00
200.97,7,follower,-35.3632750,149.1654284,15.00
201.47,7,follower,-35.3632751,149.1654175,15.00
201.97,7,follower,-35.3632751,149.1654066,15.00
202.47,7,follower,-35.3632751,149.1653956,15.00
202.97,7,follower,-35.3632751,149.1653846,15.00
203.47,7,follower,-35.3632751,149.1653737,15.00
203.97,7,follower,-35.3632751,149.1653628,15.00
204.48,7,follower,-35.3632751,149.1653511,15.00
204.97,7,follower,-35.3632751,149.1653390,15.00
205.47,7,follower,-35.3632751,149.1653287,15.00
205.97,7,follower,-35.3632750,149.1653220,15.00
206.48,7,follower,-35.3632749,149.1653227,15.00
206.97,7,follower,-35.3632748,149.1653269,15.00
207.47,7,follower,-35.3632747,149.1653287,15.00
207.97,7,follower,-35.3632747,149.1653289,15.00
208.47,7,follower,-35.3632747,149.1653290,15.00
208.97,7,follower,-35.3632749,149.1653293,15.00
209.47,7,follower,-35.3632750,149.1653298,15.00
209.97,7,follower,-35.3632751,149.1653303,15.00
210.47,7,follower,-35.3632751,149.1653307,15.00
210.97,7,follower,-35.3632751,149.1653310,15.00
46.94,8,follower,-35.3633047,149.1651263,2.23
47.45,8,follower,-35.3633047,149.1651263,3.39
47.94,8,follower,-35.3633047,149.1651263,4.67
48.44,8,follower,-35.3633047,149.1651263,5.95
48.95,8,follower,-35.3633047,149.1651263,7.19
49.44,8,follower,-35.3633047,149.1651263,8.42
49.94,8,follower,-35.3633047,149.1651263,9.66
50.44,8,follower,-35.3633047,149.1651263,10.90
50.94,8,follower,-35.3633047,149.1651263,12.13
51.44,8,follower,-35.3633047,149.1651263,13.28
51.94,8,follower,-35.3633047,149.1651263,14.68
52.45,8,follower,-35.3633047,149.1651263,16.39
52.95,8,follower,-35.3633047,149.1651263,17.66
53.45,8,follower,-35.3633047,149.1651263,18.54
53.94,8,follower,-35.3633047,149.1651263,19.13
54.45,8,follower,-35.3633047,149.1651263,19.48
54.94,8,follower,-35.3633047,149.1651263,19.59
55.45,8,follower,-35.3633047,149.1651263,19.46
55.95,8,follower,-35.3633046,149.1651263,19.08
56.45,8,follower,-35.3633046,149.1651263,18.45
56.95,8,follower,-35.3633046,149.1651263,17.67
57.44,8,follower,-35.3633046,149.1651263,16.90
57.94,8,follower,-35.3633046,149.1651262,16.16
58.44,8,follower,-35.3633046,149.1651262,15.51
58.95,8,follower,-35.3633046,149.1651262,15.10
59.45,8,follower,-35.3633046,149.1651262,14.95
59.95,8,follower,-35.3633045,149.1651263,14.98
60.45,8,follower,-35.3633045,149.1651263,15.02
60.95,8,follower,-35.3633045,149.1651263,15.03
61.45,8,follower,-35.3633046,149.1651263,15.02
61.94,8,follower,-35.3633046,149.1651264,15.02
62.45,8,follower,-35.3633046,149.1651264,15.01
62.95,8,follower,-35.3633046,149.1651264,15.01
63.45,8,follower,-35.3633046,149.1651263,15.01
63.95,8,follower,-35.3633046,149.1651263,15.01
64.45,8,follower,-35.3633046,149.1651263,15.01
64.95,8,follower,-35.3633046,149.1651263,15.00
65.45,8,follower,-35.3633046,149.1651263,15.00
65.95,8,follower,-35.3633046,149.1651263,15.00
66.45,8,follower,-35.3633046,149.1651263,15.00
66.95,8,follower,-35.3633046,149.1651263,15.00
67.45,8,follower,-35.3633046,149.1651263,15.00
67.95,8,follower,-35.3633046,149.1651263,15.00
68.45,8,follower,-35.3633046,149.1651263,15.00
68.95,8,follower,-35.3633046,149.1651263,15.00
69.45,8,follower,-35.3633046,149.1651263,15.00
69.95,8,follower,-35.3633046,149.1651263,15.00
70.45,8,follower,-35.3633046,149.1651263,15.00
70.95,8,follower,-35.3633046,149.1651263,15.00
71.45,8,follower,-35.3633046,149.1651263,15.00
71.95,8,follower,-35.3633046,149.1651263,15.00
72.45,8,follower,-35.3633046,149.1651264,15.00
72.95,8,follower,-35.3633046,149.1651264,15.00
73.45,8,follower,-35.3633046,149.1651263,15.00
73.95,8,follower,-35.3633046,149.1651263,15.00
74.45,8,follower,-35.3633046,149.1651263,15.00
74.95,8,follower,-35.3633046,149.1651263,15.00
75.45,8,follower,-35.3633046,149.1651263,15.00
75.95,8,follower,-35.3633046,149.1651263,15.00
76.45,8,follower,-35.3633046,149.1651263,15.00
76.95,8,follower,-35.3633046,149.1651263,15.00
77.45,8,follower,-35.3633046,149.1651263,15.00
77.95,8,follower,-35.3633046,149.1651263,15.00
78.45,8,follower,-35.3633046,149.1651263,15.00
78.95,8,follower,-35.3633046,149.1651263,15.00
79.45,8,follower,-35.3633046,149.1651263,15.00
79.95,8,follower,-35.3633046,149.1651263,15.00
80.45,8,follower,-35.3633046,149.1651263,15.00
80.95,8,follower,-35.3633046,149.1651263,15.00
81.45,8,follower,-35.3633046,149.1651263,15.00
81.95,8,follower,-35.3633046,149.1651263,15.00
82.45,8,follower,-35.3633046,149.1651263,15.00
82.95,8,follower,-35.3633046,149.1651263,15.00
83.45,8,follower,-35.3633046,149.1651263,15.00
83.95,8,follower,-35.3633046,149.1651264,15.00
84.45,8,follower,-35.3633046,149.1651264,15.00
84.95,8,follower,-35.3633046,149.1651264,15.00
85.45,8,follower,-35.3633046,149.1651264,15.00
85.95,8,follower,-35.3633046,149.1651264,15.00
86.45,8,follower,-35.3633046,149.1651264,15.00
86.95,8,follower,-35.3633046,149.1651264,15.00
87.45,8,follower,-35.3633046,149.1651264,15.00
87.95,8,follower,-35.3633046,149.1651264,15.00
88.45,8,follower,-35.3633046,149.1651264,15.00
88.95,8,follower,-35.3633046,149.1651264,15.00
89.45,8,follower,-35.3633046,149.1651263,15.00
89.95,8,follower,-35.3633046,149.1651263,15.00
90.45,8,follower,-35.3633046,149.1651263,15.00
90.95,8,follower,-35.3633046,149.1651263,15.00
91.45,8,follower,-35.3633046,149.1651263,15.00
91.95,8,follower,-35.3633046,149.1651263,15.00
92.45,8,follower,-35.3633046,149.1651263,15.00
92.95,8,follower,-35.3633046,149.1651263,15.00
93.45,8,follower,-35.3633046,149.1651263,15.00
93.95,8,follower,-35.3633046,149.1651263,15.00
94.45,8,follower,-35.3633046,149.1651263,15.00
94.95,8,follower,-35.3633046,149.1651263,15.00
95.45,8,follower,-35.3633046,149.1651263,15.00
95.96,8,follower,-35.3633046,149.1651264,15.00
96.46,8,follower,-35.3633046,149.1651264,15.00
96.95,8,follower,-35.3633046,149.1651264,15.00
97.46,8,follower,-35.3633046,149.1651264,15.00
97.95,8,follower,-35.3633046,149.1651264,15.00
98.45,8,follower,-35.3633046,149.1651264,15.00
98.95,8,follower,-35.3633046,149.1651264,15.00
99.45,8,follower,-35.3633046,149.1651264,15.00
99.95,8,follower,-35.3633046,149.1651264,15.00
100.45,8,follower,-35.3633046,149.1651264,15.00
100.95,8,follower,-35.3633046,149.1651264,15.00
101.46,8,follower,-35.3633046,149.1651264,15.00
101.96,8,follower,-35.3633046,149.1651264,15.00
102.45,8,follower,-35.3633046,149.1651264,15.00
102.96,8,follower,-35.3633046,149.1651264,15.00
103.45,8,follower,-35.3633046,149.1651264,15.00
103.95,8,follower,-35.3633046,149.1651264,15.00
104.45,8,follower,-35.3633046,149.1651264,15.00
104.95,8,follower,-35.3633046,149.1651264,15.00
105.46,8,follower,-35.3633046,149.1651264,15.00
105.95,8,follower,-35.3633046,149.1651264,15.00
106.46,8,follower,-35.3633046,149.1651264,15.00
106.96,8,follower,-35.3633046,149.1651264,15.00
107.45,8,follower,-35.3633046,149.1651264,15.00
107.95,8,follower,-35.3633046,149.1651264,15.00
108.45,8,follower,-35.3633046,149.1651264,15.00
108.96,8,follower,-35.3633046,149.1651264,15.00
109.46,8,follower,-35.3633046,149.1651264,15.00
109.95,8,follower,-35.3633046,149.1651264,15.00
110.46,8,follower,-35.3633046,149.1651264,15.00
110.96,8,follower,-35.3633046,149.1651264,15.00
111.46,8,follower,-35.3633046,149.1651264,15.00
111.95,8,follower,-35.3633046,149.1651264,15.00
112.46,8,follower,-35.3633046,149.1651264,15.00
112.96,8,follower,-35.3633046,149.1651264,15.00
113.45,8,follower,-35.3633046,149.1651264,15.00
113.95,8,follower,-35.3633046,149.1651264,15.00
114.46,8,follower,-35.3633046,149.1651264,15.00
114.96,8,follower,-35.3633046,149.1651264,15.00
115.46,8,follower,-35.3633046,149.1651264,15.00
115.96,8,follower,-35.3633046,149.1651264,15.00
116.45,8,follower,-35.3633046,149.1651264,15.00
116.96,8,follower,-35.3633046,149.1651264,15.00
117.46,8,follower,-35.3633046,149.1651264,15.00
117.96,8,follower,-35.3633046,149.1651264,15.00
118.46,8,follower,-35.3633046,149.1651264,15.00
118.96,8,follower,-35.3633046,149.1651264,15.00
119.46,8,follower,-35.3633046,149.1651264,15.00
119.96,8,follower,-35.3633046,149.1651264,15.00
120.46,8,follower,-35.3633046,149.1651264,15.00
120.96,8,follower,-35.3633046,149.1651264,15.00
121.46,8,follower,-35.3633046,149.1651264,15.00
121.96,8,follower,-35.3633046,149.1651264,15.00
122.46,8,follower,-35.3633046,149.1651264,15.00
122.96,8,follower,-35.3633046,149.1651264,15.00
123.46,8,follower,-35.3633046,149.1651264,15.00
123.96,8,follower,-35.3633046,149.1651264,15.00
124.46,8,follower,-35.3633046,149.1651264,15.00
124.96,8,follower,-35.3633046,149.1651264,15.00
125.46,8,follower,-35.3633046,149.1651264,15.00
125.96,8,follower,-35.3633046,149.1651264,15.00
126.46,8,follower,-35.3633046,149.1651264,15.00
126.96,8,follower,-35.3633046,149.1651264,15.00
127.46,8,follower,-35.3633046,149.1651264,15.00
127.96,8,follower,-35.3633046,149.1651264,15.00
128.46,8,follower,-35.3633046,149.1651264,15.00
128.96,8,follower,-35.3633046,149.1651264,15.00
129.46,8,follower,-35.3633046,149.1651264,15.00
129.96,8,follower,-35.3633046,149.1651264,15.00
130.46,8,follower,-35.3633046,149.1651264,15.00
130.96,8,follower,-35.3633046,149.1651264,15.00
131.46,8,follower,-35.3633046,149.1651264,15.00
131.96,8,follower,-35.3633046,149.1651264,15.00
132.46,8,follower,-35.3633046,149.1651264,15.00
132.96,8,follower,-35.3633046,149.1651264,15.00
133.46,8,follower,-35.3633046,149.1651264,15.00
133.96,8,follower,-35.3633046,149.1651264,15.00
134.46,8,follower,-35.3633046,149.1651264,15.00
134.96,8,follower,-35.3633046,149.1651264,15.00
135.46,8,follower,-35.3633046,149.1651264,15.00
135.96,8,follower,-35.3633046,149.1651264,15.00
136.46,8,follower,-35.3633046,149.1651264,15.00
136.96,8,follower,-35.3633046,149.1651264,15.00
137.46,8,follower,-35.3633046,149.1651264,15.00
137.96,8,follower,-35.3633046,149.1651264,15.00
138.46,8,follower,-35.3633046,149.1651264,15.00
138.96,8,follower,-35.3633046,149.1651264,15.00
139.46,8,follower,-35.3633046,149.1651264,15.00
139.96,8,follower,-35.3633046,149.1651264,15.00
140.46,8,follower,-35.3633046,149.1651264,15.00
140.96,8,follower,-35.3633046,149.1651264,15.00
141.46,8,follower,-35.3633046,149.1651264,15.00
141.96,8,follower,-35.3633046,149.1651264,15.00
142.46,8,follower,-35.3633046,149.1651264,15.00
142.96,8,follower,-35.3633046,149.1651264,15.00
143.46,8,follower,-35.3633046,149.1651264,15.00
143.96,8,follower,-35.3633046,149.1651264,15.00
144.46,8,follower,-35.3633046,149.1651264,15.00
144.96,8,follower,-35.3633046,149.1651264,15.00
145.46,8,follower,-35.3633026,149.1651263,15.00
145.96,8,follower,-35.3632950,149.1651262,15.00
146.46,8,follower,-35.3632824,149.1651261,15.00
146.96,8,follower,-35.3632697,149.1651260,15.00
147.46,8,follower,-35.3632600,149.1651260,15.00
147.96,8,follower,-35.3632507,149.1651261,15.00
148.46,8,follower,-35.3632413,149.1651261,15.00
148.96,8,follower,-35.3632319,149.1651261,15.00
149.46,8,follower,-35.3632226,149.1651261,15.00
149.96,8,follower,-35.3632134,149.1651261,15.00
150.46,8,follower,-35.3632043,149.1651261,15.00
150.96,8,follower,-35.3631953,149.1651261,15.00
151.46,8,follower,-35.3631865,149.1651261,15.00
151.96,8,follower,-35.3631776,149.1651261,15.00
152.47,8,follower,-35.3631687,149.1651261,15.00
152.96,8,follower,-35.3631598,149.1651261,15.00
153.46,8,follower,-35.3631509,149.1651261,15.00
153.97,8,follower,-35.3631420,149.1651261,15.00
154.46,8,follower,-35.3631331,149.1651261,15.00
154.96,8,follower,-35.3631243,149.1651261,15.00
155.47,8,follower,-35.3631155,149.1651261,15.00
155.96,8,follower,-35.3631066,149.1651261,15.00
156.46,8,follower,-35.3630978,149.1651261,15.00
156.96,8,follower,-35.3630888,149.1651261,15.00
157.46,8,follower,-35.3630792,149.1651261,15.00
157.97,8,follower,-35.3630693,149.1651261,15.00
158.47,8,follower,-35.3630606,149.1651261,15.00
158.97,8,follower,-35.3630513,149.1651261,15.00
159.47,8,follower,-35.3630427,149.1651261,15.00
159.96,8,follower,-35.3630334,149.1651261,15.00
160.47,8,follower,-35.3630268,149.1651261,15.00
160.97,8,follower,-35.3630262,149.1651261,15.00
161.47,8,follower,-35.3630300,149.1651277,15.00
161.96,8,follower,-35.3630331,149.1651339,15.00
162.47,8,follower,-35.3630331,149.1651460,15.00
162.97,8,follower,-35.3630328,149.1651647,15.01
163.47,8,follower,-35.3630326,149.1651852,15.01
163.96,8,follower,-35.3630329,149.1652006,15.00
164.47,8,follower,-35.3630333,149.1652123,15.00
164.97,8,follower,-35.3630339,149.1652238,15.00
165.46,8,follower,-35.3630344,149.1652353,15.00
165.97,8,follower,-35.3630347,149.1652467,15.00
166.46,8,follower,-35.3630347,149.1652579,15.00
166.96,8,follower,-35.3630347,149.1652691,15.00
167.46,8,follower,-35.3630347,149.1652801,15.00
167.97,8,follower,-35.3630347,149.1652911,15.00
168.46,8,follower,-35.3630347,149.1653020,15.00
168.97,8,follower,-35.3630347,149.1653130,15.00
169.47,8,follower,-35.3630347,149.1653239,15.00
169.97,8,follower,-35.3630347,149.1653348,15.00
170.47,8,follower,-35.3630346,149.1653456,15.00
170.97,8,follower,-35.3630346,149.1653565,15.00
171.47,8,follower,-35.3630346,149.1653674,15.00
171.97,8,follower,-35.3630346,149.1653782,15.00
172.47,8,follower,-35.3630346,149.1653891,15.00
172.97,8,follower,-35.3630346,149.1654000,15.00
173.47,8,follower,-35.3630346,149.1654116,15.00
173.97,8,follower,-35.3630346,149.1654237,15.00
174.47,8,follower,-35.3630346,149.1654346,15.00
174.96,8,follower,-35.3630346,149.1654463,15.00
175.47,8,follower,-35.3630347,149.1654555,15.00
175.97,8,follower,-35.3630348,149.1654581,15.00
176.47,8,follower,-35.3630355,149.1654542,15.00
176.97,8,follower,-35.3630396,149.1654495,15.00
177.47,8,follower,-35.3630482,149.1654489,15.00
177.97,8,follower,-35.3630622,149.1654493,15.01
178.47,8,follower,-35.3630791,149.1654494,15.01
178.97,8,follower,-35.3630929,149.1654491,15.00
179.47,8,follower,-35.3631028,149.1654483,15.00
179.97,8,follower,-35.3631120,149.1654474,15.00
180.47,8,follower,-35.3631215,149.1654468,15.00
180.97,8,follower,-35.3631309,149.1654466,15.00
181.47,8,follower,-35.3631401,149.1654465,15.00
181.97,8,follower,-35.3631492,149.1654465,15.00
182.47,8,follower,-35.3631581,149.1654465,15.00
182.97,8,follower,-35.3631670,149.1654466,15.00
183.47,8,follower,-35.3631759,149.1654466,15.00
183.97,8,follower,-35.3631847,149.1654466,15.00
184.47,8,follower,-35.3631936,149.1654466,15.00
184.97,8,follower,-35.3632025,149.1654466,15.00
185.47,8,follower,-35.3632114,149.1654466,15.00
185.97,8,follower,-35.3632203,149.1654466,15.00
186.47,8,follower,-35.3632299,149.1654466,15.00
186.97,8,follower,-35.3632398,149.1654466,15.00
187.47,8,follower,-35.3632486,149.1654466,15.00
187.97,8,follower,-35.3632583,149.1654467,15.00
188.47,8,follower,-35.3632671,149.1654467,15.00
188.97,8,follower,-35.3632761,149.1654467,15.00
189.47,8,follower,-35.3632844,149.1654467,15.00
189.97,8,follower,-35.3632936,149.1654467,15.00
190.47,8,follower,-35.3633011,149.1654466,15.00
190.97,8,follower,-35.3633050,149.1654465,15.00
191.47,8,follower,-35.3633031,149.1654458,15.00
191.97,8,follower,-35.3632995,149.1654414,15.00
192.47,8,follower,-35.3632986,149.1654315,15.00
192.97,8,follower,-35.3632986,149.1654148,15.01
193.47,8,follower,-35.3632985,149.1653945,15.01
193.97,8,follower,-35.3632982,149.1653778,15.00
194.47,8,follower,-35.3632976,149.1653657,15.00
194.97,8,follower,-35.3632969,149.1653543,15.00
195.47,8,follower,-35.3632964,149.1653427,15.00
195.97,8,follower,-35.3632961,149.1653311,15.00
196.47,8,follower,-35.3632960,149.1653197,15.00
196.97,8,follower,-35.3632960,149.1653086,15.00
197.47,8,follower,-35.3632960,149.1652976,15.00
197.97,8,follower,-35.3632960,149.1652867,15.00
198.47,8,follower,-35.3632960,149.1652758,15.00
198.98,8,follower,-35.3632960,149.1652650,15.00
199.48,8,follower,-35.3632960,149.1652541,15.00
199.97,8,follower,-35.3632960,149.1652432,15.00
200.47,8,follower,-35.3632960,149.1652323,15.00
200.97,8,follower,-35.3632960,149.1652214,15.00
201.47,8,follower,-35.3632960,149.1652097,15.00
201.97,8,follower,-35.3632961,149.1651976,15.00
202.47,8,follower,-35.3632961,149.1651866,15.00
202.97,8,follower,-35.3632961,149.1651751,15.00
203.47,8,follower,-35.3632961,149.1651646,15.00
203.97,8,follower,-35.3632961,149.1651528,15.00
204.47,8,follower,-35.3632961,149.1651420,15.00
204.98,8,follower,-35.3632961,149.1651306,15.00
205.47,8,follower,-35.3632961,149.1651205,15.00
205.97,8,follower,-35.3632961,149.1651142,15.00
206.47,8,follower,-35.3632960,149.1651153,15.00
206.98,8,follower,-35.3632958,149.1651193,15.00
207.47,8,follower,-35.3632957,149.1651209,15.00
207.98,8,follower,-35.3632957,149.1651212,15.00
208.48,8,follower,-35.3632958,149.1651214,15.00
208.97,8,follower,-35.3632959,149.1651217,15.00
209.48,8,follower,-35.3632959,149.1651222,15.00
209.97,8,follower,-35.3632960,149.1651227,15.00
210.47,8,follower,-35.3632961,149.1651231,15.00
210.97,8,follower,-35.3632961,149.1651233,15.00
46.94,9,follower,-35.3631654,149.1652726,2.23
47.45,9,follower,-35.3631654,149.1652726,3.39
47.94,9,follower,-35.3631654,149.1652725,4.67
48.45,9,follower,-35.3631654,149.1652725,5.95
48.94,9,follower,-35.3631654,149.1652725,7.19
49.45,9,follower,-35.3631654,149.1652725,8.42
49.95,9,follower,-35.3631654,149.1652725,9.66
50.45,9,follower,-35.3631654,149.1652725,10.90
50.94,9,follower,-35.3631654,149.1652726,12.13
51.45,9,follower,-35.3631654,149.1652726,13.26
51.95,9,follower,-35.3631654,149.1652726,14.58
52.45,9,follower,-35.3631654,149.1652726,16.20
52.95,9,follower,-35.3631654,149.1652724,17.45
53.45,9,follower,-35.3631654,149.1652724,18.32
53.94,9,follower,-35.3631654,149.1652724,18.90
54.45,9,follower,-35.3631654,149.1652724,19.23
54.95,9,follower,-35.3631654,149.1652724,19.32
55.45,9,follower,-35.3631654,149.1652724,19.18
55.94,9,follower,-35.3631654,149.1652724,18.79
56.45,9,follower,-35.3631654,149.1652724,18.14
56.95,9,follower,-35.3631654,149.1652723,17.36
57.44,9,follower,-35.3631654,149.1652723,16.59
57.95,9,follower,-35.3631654,149.1652723,15.87
58.45,9,follower,-35.3631654,149.1652723,15.30
58.94,9,follower,-35.3631654,149.1652723,15.00
59.45,9,follower,-35.3631654,149.1652723,14.95
59.95,9,follower,-35.3631654,149.1652723,15.00
60.45,9,follower,-35.3631654,149.1652724,15.02
60.95,9,follower,-35.3631654,149.1652724,15.02
61.44,9,follower,-35.3631654,149.1652724,15.02
61.94,9,follower,-35.3631654,149.1652724,15.01
62.44,9,follower,-35.3631654,149.1652725,15.01
62.95,9,follower,-35.3631654,149.1652725,15.01
63.45,9,follower,-35.3631654,149.1652725,15.01
63.95,9,follower,-35.3631654,149.1652725,15.01
64.45,9,follower,-35.3631654,149.1652725,15.01
64.95,9,follower,-35.3631654,149.1652725,15.00
65.45,9,follower,-35.3631654,149.1652725,15.00
65.95,9,follower,-35.3631654,149.1652725,15.00
66.45,9,follower,-35.3631654,149.1652725,15.00
66.95,9,follower,-35.3631654,149.1652725,15.00
67.45,9,follower,-35.3631654,149.1652725,15.00
67.95,9,follower,-35.3631654,149.1652725,15.00
68.44,9,follower,-35.3631654,149.1652725,15.00
68.94,9,follower,-35.3631654,149.1652725,15.00
69.45,9,follower,-35.3631654,149.1652725,15.00
69.95,9,follower,-35.3631654,149.1652725,15.00
70.45,9,follower,-35.3631654,149.1652725,15.00
70.95,9,follower,-35.3631654,149.1652725,15.00
71.45,9,follower,-35.3631654,149.1652725,15.00
71.95,9,follower,-35.3631654,149.1652725,15.00
72.45,9,follower,-35.3631654,149.1652725,15.00
72.95,9,follower,-35.3631654,149.1652725,15.00
73.45,9,follower,-35.3631654,149.1652725,15.00
73.95,9,follower,-35.3631654,149.1652725,15.00
74.45,9,follower,-35.3631654,149.1652725,15.00
74.95,9,follower,-35.3631654,149.1652725,15.00
75.45,9,follower,-35.3631654,149.1652725,15.00
75.95,9,follower,-35.3631654,149.1652725,15.00
76.45,9,follower,-35.3631654,149.1652725,15.00
76.95,9,follower,-35.3631654,149.1652725,15.00
77.45,9,follower,-35.3631654,149.1652725,15.00
77.95,9,follower,-35.3631654,149.1652725,15.00
78.45,9,follower,-35.3631654,149.1652725,15.00
78.95,9,follower,-35.3631654,149.1652725,15.00
79.45,9,follower,-35.3631654,149.1652725,15.00
79.95,9,follower,-35.3631654,149.1652724,15.00
80.45,9,follower,-35.3631654,149.1652724,15.00
80.95,9,follower,-35.3631654,149.1652724,15.00
81.45,9,follower,-35.3631654,149.1652724,15.00
81.95,9,follower,-35.3631654,149.1652724,15.00
82.45,9,follower,-35.3631654,149.1652724,15.00
82.95,9,follower,-35.3631654,149.1652724,15.00
83.45,9,follower,-35.3631654,149.1652724,15.00
83.95,9,follower,-35.3631654,149.1652724,15.00
84.45,9,follower,-35.3631654,149.1652725,15.00
84.95,9,follower,-35.3631654,149.1652725,15.00
85.45,9,follower,-35.3631654,149.1652725,15.00
85.95,9,follower,-35.3631654,149.1652725,15.00
86.45,9,follower,-35.3631654,149.1652725,15.00
86.95,9,follower,-35.3631654,149.1652725,15.00
87.45,9,follower,-35.3631654,149.1652725,15.00
87.95,9,follower,-35.3631654,149.1652725,15.00
88.45,9,follower,-35.3631654,149.1652725,15.00
88.95,9,follower,-35.3631654,149.1652725,15.00
89.45,9,follower,-35.3631654,149.1652725,15.00
89.96,9,follower,-35.3631654,149.1652725,15.00
90.45,9,follower,-35.3631654,149.1652725,15.00
90.95,9,follower,-35.3631654,149.1652725,15.00
91.45,9,follower,-35.3631654,149.1652724,15.00
91.95,9,follower,-35.3631654,149.1652724,15.00
92.45,9,follower,-35.3631654,149.1652724,15.00
92.95,9,follower,-35.3631654,149.1652724,15.00
93.45,9,follower,-35.3631654,149.1652724,15.00
93.95,9,follower,-35.3631654,149.1652724,15.00
94.46,9,follower,-35.3631654,149.1652724,15.00
94.95,9,follower,-35.3631654,149.1652724,15.00
95.45,9,follower,-35.3631654,149.1652724,15.00
95.95,9,follower,-35.3631654,149.1652725,15.00
96.45,9,follower,-35.3631654,149.1652725,15.00
96.95,9,follower,-35.3631654,149.1652725,15.00
97.45,9,follower,-35.3631654,149.1652725,15.00
97.96,9,follower,-35.3631654,149.1652725,15.00
98.45,9,follower,-35.3631654,149.1652725,15.00
98.95,9,follower,-35.3631654,149.1652725,15.00
99.45,9,follower,-35.3631654,149.1652725,15.00
99.96,9,follower,-35.3631654,149.1652725,15.00
100.45,9,follower,-35.3631654,149.1652725,15.00
100.95,9,follower,-35.3631654,149.1652725,15.00
101.45,9,follower,-35.3631654,149.1652725,15.00
101.96,9,follower,-35.3631654,149.1652725,15.00
102.45,9,follower,-35.3631654,149.1652725,15.00
102.96,9,follower,-35.3631654,149.1652725,15.00
103.45,9,follower,-35.3631654,149.1652725,15.00
103.95,9,follower,-35.3631654,149.1652725,15.00
104.46,9,follower,-35.3631654,149.1652725,15.00
104.95,9,follower,-35.3631654,149.1652725,15.00
105.45,9,follower,-35.3631654,149.1652725,15.00
105.96,9,follower,-35.3631654,149.1652725,15.00
106.46,9,follower,-35.3631654,149.1652725,15.00
106.95,9,follower,-35.3631654,149.1652725,15.00
107.45,9,follower,-35.3631654,149.1652725,15.00
107.95,9,follower,-35.3631654,149.1652725,15.00
108.46,9,follower,-35.3631654,149.1652725,15.00
108.96,9,follower,-35.3631654,149.1652725,15.00
109.46,9,follower,-35.3631654,149.1652725,15.00
109.95,9,follower,-35.3631654,149.1652725,15.00
110.46,9,follower,-35.3631654,149.1652725,15.00
110.96,9,follower,-35.3631654,149.1652725,15.00
111.46,9,follower,-35.3631654,149.1652725,15.00
111.96,9,follower,-35.3631654,149.1652725,15.00
112.46,9,follower,-35.3631654,149.1652725,15.00
112.96,9,follower,-35.3631654,149.1652725,15.00
113.45,9,follower,-35.3631654,149.1652725,15.00
113.95,9,follower,-35.3631654,149.1652725,15.00
114.46,9,follower,-35.3631654,149.1652725,15.00
114.95,9,follower,-35.3631654,149.1652725,15.00
115.45,9,follower,-35.3631654,149.1652725,15.00
115.95,9,follower,-35.3631654,149.1652725,15.00
116.46,9,follower,-35.3631654,149.1652725,15.00
116.96,9,follower,-35.3631654,149.1652725,15.00
117.46,9,follower,-35.3631654,149.1652725,15.00
117.96,9,follower,-35.3631654,149.1652725,15.00
118.46,9,follower,-35.3631654,149.1652725,15.00
118.95,9,follower,-35.3631654,149.1652725,15.00
119.46,9,follower,-35.3631654,149.1652725,15.00
119.96,9,follower,-35.3631654,149.1652725,15.00
120.46,9,follower,-35.3631654,149.1652725,15.00
120.96,9,follower,-35.3631654,149.1652725,15.00
121.46,9,follower,-35.3631654,149.1652725,15.00
121.96,9,follower,-35.3631654,149.1652725,15.00
122.46,9,follower,-35.3631654,149.1652725,15.00
122.96,9,follower,-35.3631654,149.1652725,15.00
123.46,9,follower,-35.3631654,149.1652725,15.00
123.96,9,follower,-35.3631654,149.1652725,15.00
124.46,9,follower,-35.3631654,149.1652725,15.00
124.96,9,follower,-35.3631654,149.1652725,15.00
125.46,9,follower,-35.3631654,149.1652725,15.00
125.96,9,follower,-35.3631654,149.1652725,15.00
126.46,9,follower,-35.3631654,149.1652725,15.00
126.96,9,follower,-35.3631654,149.1652725,15.00
127.46,9,follower,-35.3631654,149.1652725,15.00
127.96,9,follower,-35.3631654,149.1652725,15.00
128.46,9,follower,-35.3631654,149.1652725,15.00
128.96,9,follower,-35.3631654,149.1652725,15.00
129.46,9,follower,-35.3631654,149.1652725,15.00
129.96,9,follower,-35.3631654,149.1652725,15.00
130.46,9,follower,-35.3631654,149.1652725,15.00
130.96,9,follower,-35.3631654,149.1652725,15.00
131.46,9,follower,-35.3631654,149.1652725,15.00
131.96,9,follower,-35.3631654,149.1652725,15.00
132.46,9,follower,-35.3631654,149.1652725,15.00
132.96,9,follower,-35.3631654,149.1652725,15.00
133.46,9,follower,-35.3631654,149.1652725,15.00
133.96,9,follower,-35.3631654,149.1652725,15.00
134.46,9,follower,-35.3631654,149.1652725,15.00
134.96,9,follower,-35.3631654,149.1652725,15.00
135.46,9,follower,-35.3631654,149.1652725,15.00
135.96,9,follower,-35.3631654,149.1652725,15.00
136.46,9,follower,-35.3631654,149.1652725,15.00
136.96,9,follower,-35.3631654,149.1652725,15.00
137.46,9,follower,-35.3631654,149.1652725,15.00
137.96,9,follower,-35.3631654,149.1652725,15.00
138.46,9,follower,-35.3631654,149.1652725,15.00
138.96,9,follower,-35.3631654,149.1652725,15.00
139.46,9,follower,-35.3631654,149.1652725,15.00
139.96,9,follower,-35.3631654,149.1652725,15.00
140.46,9,follower,-35.3631654,149.1652725,15.00
140.96,9,follower,-35.3631654,149.1652725,15.00
141.46,9,follower,-35.3631654,149.1652725,15.00
141.96,9,follower,-35.3631654,149.1652725,15.00
142.46,9,follower,-35.3631654,149.1652725,15.00
142.96,9,follower,-35.3631654,149.1652725,15.00
143.46,9,follower,-35.3631654,149.1652725,15.00
143.96,9,follower,-35.3631654,149.1652725,15.00
144.46,9,follower,-35.3631654,149.1652725,15.00
144.96,9,follower,-35.3631652,149.1652725,15.00
145.46,9,follower,-35.3631619,149.1652723,15.00
145.96,9,follower,-35.3631526,149.1652721,15.00
146.46,9,follower,-35.3631406,149.1652721,15.00
146.97,9,follower,-35.3631304,149.1652721,15.00
147.46,9,follower,-35.3631212,149.1652721,15.00
147.96,9,follower,-35.3631121,149.1652722,15.00
148.46,9,follower,-35.3631028,149.1652722,15.00
148.97,9,follower,-35.3630936,149.1652722,15.00
149.46,9,follower,-35.3630843,149.1652722,15.00
149.96,9,follower,-35.3630751,149.1652722,15.00
150.46,9,follower,-35.3630660,149.1652722,15.00
150.96,9,follower,-35.3630571,149.1652722,15.00
151.47,9,follower,-35.3630483,149.1652722,15.00
151.96,9,follower,-35.3630394,149.1652722,15.00
152.47,9,follower,-35.3630305,149.1652722,15.00
152.96,9,follower,-35.3630216,149.1652722,15.00
153.46,9,follower,-35.3630121,149.1652722,15.00
153.96,9,follower,-35.3630023,149.1652721,15.00
154.46,9,follower,-35.3629933,149.1652721,15.00
154.96,9,follower,-35.3629837,149.1652721,15.00
155.47,9,follower,-35.3629750,149.1652721,15.00
155.96,9,follower,-35.3629660,149.1652721,15.00
156.47,9,follower,-35.3629576,149.1652721,15.00
156.96,9,follower,-35.3629481,149.1652721,15.00
157.47,9,follower,-35.3629391,149.1652722,15.00
157.97,9,follower,-35.3629299,149.1652722,15.00
158.46,9,follower,-35.3629208,149.1652722,15.00
158.96,9,follower,-35.3629118,149.1652722,15.00
159.46,9,follower,-35.3629028,149.1652722,15.00
159.96,9,follower,-35.3628941,149.1652722,15.00
160.46,9,follower,-35.3628873,149.1652722,15.00
160.97,9,follower,-35.3628864,149.1652722,15.00
161.46,9,follower,-35.3628901,149.1652736,15.00
161.97,9,follower,-35.3628933,149.1652798,15.00
162.46,9,follower,-35.3628935,149.1652919,15.00
162.97,9,follower,-35.3628933,149.1653106,15.01
163.47,9,follower,-35.3628933,149.1653308,15.01
163.97,9,follower,-35.3628936,149.1653457,15.00
164.47,9,follower,-35.3628942,149.1653574,15.00
164.97,9,follower,-35.3628948,149.1653688,15.00
165.47,9,follower,-35.3628952,149.1653803,15.00
165.97,9,follower,-35.3628955,149.1653916,15.00
166.46,9,follower,-35.3628955,149.1654028,15.00
166.97,9,follower,-35.3628955,149.1654140,15.00
167.47,9,follower,-35.3628955,149.1654250,15.00
167.97,9,follower,-35.3628955,149.1654359,15.00
168.47,9,follower,-35.3628955,149.1654468,15.00
168.96,9,follower,-35.3628955,149.1654586,15.00
169.46,9,follower,-35.3628954,149.1654704,15.00
169.96,9,follower,-35.3628954,149.1654821,15.00
170.47,9,follower,-35.3628954,149.1654926,15.00
170.97,9,follower,-35.3628954,149.1655044,15.00
171.47,9,follower,-35.3628954,149.1655153,15.00
171.97,9,follower,-35.3628954,149.1655263,15.00
172.47,9,follower,-35.3628953,149.1655366,15.00
172.96,9,follower,-35.3628953,149.1655481,15.00
173.47,9,follower,-35.3628954,149.1655588,15.00
173.97,9,follower,-35.3628954,149.1655701,15.00
174.47,9,follower,-35.3628954,149.1655815,15.00
174.97,9,follower,-35.3628955,149.1655926,15.00
175.47,9,follower,-35.3628955,149.1656018,15.00
175.97,9,follower,-35.3628955,149.1656045,15.00
176.47,9,follower,-35.3628963,149.1656007,15.00
176.97,9,follower,-35.3629004,149.1655960,15.00
177.47,9,follower,-35.3629092,149.1655954,15.00
177.97,9,follower,-35.3629234,149.1655956,15.01
178.47,9,follower,-35.3629400,149.1655956,15.01
178.97,9,follower,-35.3629532,149.1655952,15.00
179.47,9,follower,-35.3629629,149.1655944,15.00
179.97,9,follower,-35.3629722,149.1655935,15.00
180.47,9,follower,-35.3629817,149.1655929,15.00
180.97,9,follower,-35.3629910,149.1655926,15.00
181.47,9,follower,-35.3630003,149.1655926,15.00
181.97,9,follower,-35.3630095,149.1655926,15.00
182.47,9,follower,-35.3630185,149.1655926,15.00
182.97,9,follower,-35.3630274,149.1655927,15.00
183.47,9,follower,-35.3630363,149.1655927,15.00
183.97,9,follower,-35.3630452,149.1655927,15.00
184.47,9,follower,-35.3630541,149.1655926,15.00
184.97,9,follower,-35.3630630,149.1655927,15.00
185.47,9,follower,-35.3630719,149.1655927,15.00
185.97,9,follower,-35.3630809,149.1655927,15.00
186.47,9,follower,-35.3630905,149.1655927,15.00
186.97,9,follower,-35.3631005,149.1655927,15.00
187.47,9,follower,-35.3631094,149.1655928,15.00
187.97,9,follower,-35.3631190,149.1655928,15.00
188.47,9,follower,-35.3631278,149.1655928,15.00
188.97,9,follower,-35.3631371,149.1655928,15.00
189.47,9,follower,-35.3631456,149.1655928,15.00
189.97,9,follower,-35.3631546,149.1655928,15.00
190.47,9,follower,-35.3631620,149.1655927,15.00
190.97,9,follower,-35.3631658,149.1655926,15.00
191.47,9,follower,-35.3631640,149.1655919,15.00
191.97,9,follower,-35.3631603,149.1655876,15.00
192.47,9,follower,-35.3631594,149.1655776,15.00
192.97,9,follower,-35.3631594,149.1655610,15.01
193.47,9,follower,-35.3631593,149.1655406,15.01
193.97,9,follower,-35.3631590,149.1655239,15.00
194.47,9,follower,-35.3631584,149.1655119,15.00
194.97,9,follower,-35.3631577,149.1655005,15.00
195.47,9,follower,-35.3631572,149.1654889,15.00
195.97,9,follower,-35.3631569,149.1654772,15.00
196.47,9,follower,-35.3631568,149.1654658,15.00
196.97,9,follower,-35.3631568,149.1654546,15.00
197.47,9,follower,-35.3631568,149.1654436,15.00
197.97,9,follower,-35.3631568,149.1654326,15.00
198.47,9,follower,-35.3631568,149.1654217,15.00
198.97,9,follower,-35.3631568,149.1654108,15.00
199.47,9,follower,-35.3631568,149.1653999,15.00
199.97,9,follower,-35.3631568,149.1653890,15.00
200.47,9,follower,-35.3631568,149.1653781,15.00
200.97,9,follower,-35.3631568,149.1653673,15.00
201.47,9,follower,-35.3631568,149.1653564,15.00
201.97,9,follower,-35.3631568,149.1653454,15.00
202.47,9,follower,-35.3631568,149.1653336,15.00
202.97,9,follower,-35.3631568,149.1653215,15.00
203.47,9,follower,-35.3631569,149.1653105,15.00
203.97,9,follower,-35.3631569,149.1652986,15.00
204.47,9,follower,-35.3631569,149.1652878,15.00
204.97,9,follower,-35.3631569,149.1652768,15.00
205.47,9,follower,-35.3631569,149.1652670,15.00
205.98,9,follower,-35.3631569,149.1652602,15.00
206.47,9,follower,-35.3631568,149.1652606,15.00
206.97,9,follower,-35.3631567,149.1652651,15.00
207.47,9,follower,-35.3631565,149.1652672,15.00
207.97,9,follower,-35.3631565,149.1652674,15.00
208.48,9,follower,-35.3631565,149.1652675,15.00
208.98,9,follower,-35.3631566,149.1652678,15.00
209.47,9,follower,-35.3631568,149.1652683,15.00
209.97,9,follower,-35.3631569,149.1652688,15.00
210.47,9,follower,-35.3631569,149.1652692,15.00
210.97,9,follower,-35.3631569,149.1652694,15.00
46.95,10,follower,-35.3633605,149.1652803,2.23
47.45,10,follower,-35.3633605,149.1652803,3.39
47.95,10,follower,-35.3633605,149.1652802,4.67
48.45,10,follower,-35.3633605,149.1652802,5.95
48.95,10,follower,-35.3633605,149.1652802,7.19
49.44,10,follower,-35.3633605,149.1652802,8.42
49.94,10,follower,-35.3633605,149.1652802,9.66
50.45,10,follower,-35.3633605,149.1652802,10.90
50.95,10,follower,-35.3633605,149.1652803,12.13
51.44,10,follower,-35.3633605,149.1652803,13.28
51.95,10,follower,-35.3633605,149.1652803,14.70
52.45,10,follower,-35.3633605,149.1652802,16.41
52.95,10,follower,-35.3633605,149.1652801,17.69
53.45,10,follower,-35.3633605,149.1652801,18.56
53.95,10,follower,-35.3633605,149.1652801,19.15
54.45,10,follower,-35.3633605,149.1652801,19.50
54.95,10,follower,-35.3633605,149.1652801,19.61
55.45,10,follower,-35.3633604,149.1652801,19.48
55.95,10,follower,-35.3633604,149.1652801,19.11
56.45,10,follower,-35.3633604,149.1652801,18.48
56.95,10,follower,-35.3633604,149.1652801,17.70
57.45,10,follower,-35.3633604,149.1652801,16.93
57.95,10,follower,-35.3633604,149.1652801,16.19
58.45,10,follower,-35.3633604,149.1652801,15.53
58.95,10,follower,-35.3633604,149.1652801,15.11
59.45,10,follower,-35.3633604,149.1652801,14.95
59.95,10,follower,-35.3633604,149.1652801,14.98
60.45,10,follower,-35.3633604,149.1652801,15.02
60.95,10,follower,-35.3633604,149.1652801,15.03
61.45,10,follower,-35.3633604,149.1652801,15.02
61.95,10,follower,-35.3633604,149.1652801,15.02
62.45,10,follower,-35.3633604,149.1652802,15.01
62.95,10,follower,-35.3633604,149.1652802,15.01
63.45,10,follower,-35.3633604,149.1652802,15.01
63.95,10,follower,-35.3633604,149.1652802,15.01
64.45,10,follower,-35.3633604,149.1652802,15.01
64.95,10,follower,-35.3633604,149.1652802,15.00
65.45,10,follower,-35.3633604,149.1652802,15.00
65.95,10,follower,-35.3633604,149.1652802,15.00
66.45,10,follower,-35.3633604,149.1652802,15.00
66.95,10,follower,-35.3633604,149.1652802,15.00
67.45,10,follower,-35.3633604,149.1652802,15.00
67.95,10,follower,-35.3633604,149.1652802,15.00
68.45,10,follower,-35.3633604,149.1652802,15.00
68.95,10,follower,-35.3633604,149.1652802,15.00
69.45,10,follower,-35.3633605,149.1652802,15.00
69.95,10,follower,-35.3633605,149.1652802,15.00
70.45,10,follower,-35.3633605,149.1652802,15.00
70.95,10,follower,-35.3633605,149.1652802,15.00
71.45,10,follower,-35.3633605,149.1652802,15.00
71.95,10,follower,-35.3633605,149.1652802,15.00
72.45,10,follower,-35.3633605,149.1652802,15.00
72.95,10,follower,-35.3633605,149.1652802,15.00
73.45,10,follower,-35.3633605,149.1652802,15.00
73.95,10,follower,-35.3633605,149.1652802,15.00
74.45,10,follower,-35.3633605,149.1652802,15.00
74.95,10,follower,-35.3633605,149.1652802,15.00
75.45,10,follower,-35.3633604,149.1652802,15.00
75.95,10,follower,-35.3633604,149.1652802,15.00
76.45,10,follower,-35.3633604,149.1652802,15.00
76.95,10,follower,-35.3633604,149.1652802,15.00
77.45,10,follower,-35.3633604,149.1652802,15.00
77.95,10,follower,-35.3633605,149.1652802,15.00
78.45,10,follower,-35.3633605,149.1652802,15.00
78.95,10,follower,-35.3633605,149.1652802,15.00
79.45,10,follower,-35.3633605,149.1652802,15.00
79.95,10,follower,-35.3633605,149.1652801,15.00
80.45,10,follower,-35.3633605,149.1652801,15.00
80.95,10,follower,-35.3633605,149.1652801,15.00
81.45,10,follower,-35.3633605,149.1652801,15.00
81.95,10,follower,-35.3633605,149.1652801,15.00
82.45,10,follower,-35.3633605,149.1652801,15.00
82.95,10,follower,-35.3633605,149.1652801,15.00
83.45,10,follower,-35.3633605,149.1652801,15.00
83.95,10,follower,-35.3633604,149.1652801,15.00
84.45,10,follower,-35.3633604,149.1652802,15.00
84.95,10,follower,-35.3633604,149.1652802,15.00
85.45,10,follower,-35.3633604,149.1652802,15.00
85.95,10,follower,-35.3633604,149.1652802,15.00
86.45,10,follower,-35.3633605,149.1652802,15.00
86.95,10,follower,-35.3633605,149.1652802,15.00
87.45,10,follower,-35.3633605,149.1652802,15.00
87.95,10,follower,-35.3633605,149.1652802,15.00
88.45,10,follower,-35.3633605,149.1652802,15.00
88.95,10,follower,-35.3633605,149.1652802,15.00
89.45,10,follower,-35.3633605,149.1652802,15.00
89.95,10,follower,-35.3633605,149.1652802,15.00
90.45,10,follower,-35.3633605,149.1652802,15.00
90.96,10,follower,-35.3633605,149.1652802,15.00
91.45,10,follower,-35.3633605,149.1652802,15.00
91.95,10,follower,-35.3633605,149.1652802,15.00
92.46,10,follower,-35.3633604,149.1652802,15.00
92.95,10,follower,-35.3633604,149.1652802,15.00
93.46,10,follower,-35.3633604,149.1652802,15.00
93.95,10,follower,-35.3633604,149.1652802,15.00
94.46,10,follower,-35.3633604,149.1652802,15.00
94.95,10,follower,-35.3633604,149.1652802,15.00
95.45,10,follower,-35.3633604,149.1652802,15.00
95.96,10,follower,-35.3633605,149.1652802,15.00
96.46,10,follower,-35.3633605,149.1652802,15.00
96.95,10,follower,-35.3633605,149.1652802,15.00
97.45,10,follower,-35.3633605,149.1652802,15.00
97.96,10,follower,-35.3633605,149.1652802,15.00
98.45,10,follower,-35.3633605,149.1652802,15.00
98.96,10,follower,-35.3633605,149.1652802,15.00
99.45,10,follower,-35.3633605,149.1652802,15.00
99.95,10,follower,-35.3633605,149.1652802,15.00
100.45,10,follower,-35.3633605,149.1652802,15.00
100.96,10,follower,-35.3633605,149.1652802,15.00
101.45,10,follower,-35.3633605,149.1652802,15.00
101.96,10,follower,-35.3633605,149.1652802,15.00
102.46,10,follower,-35.3633605,149.1652802,15.00
102.95,10,follower,-35.3633604,149.1652802,15.00
103.46,10,follower,-35.3633604,149.1652802,15.00
103.95,10,follower,-35.3633604,149.1652802,15.00
104.46,10,follower,-35.3633604,149.1652802,15.00
104.96,10,follower,-35.3633604,149.1652802,15.00
105.45,10,follower,-35.3633604,149.1652802,15.00
105.96,10,follower,-35.3633604,149.1652802,15.00
106.45,10,follower,-35.3633604,149.1652802,15.00
106.96,10,follower,-35.3633604,149.1652802,15.00
107.45,10,follower,-35.3633604,149.1652802,15.00
107.96,10,follower,-35.3633604,149.1652802,15.00
108.46,10,follower,-35.3633604,149.1652802,15.00
108.95,10,follower,-35.3633604,149.1652802,15.00
109.46,10,follower,-35.3633604,149.1652802,15.00
109.95,10,follower,-35.3633604,149.1652802,15.00
110.46,10,follower,-35.3633604,149.1652802,15.00
110.96,10,follower,-35.3633604,149.1652802,15.00
111.46,10,follower,-35.3633604,149.1652802,15.00
111.96,10,follower,-35.3633604,149.1652802,15.00
112.45,10,follower,-35.3633604,149.1652802,15.00
112.95,10,follower,-35.3633604,149.1652802,15.00
113.46,10,follower,-35.3633604,149.1652802,15.00
113.95,10,follower,-35.3633604,149.1652802,15.00
114.45,10,follower,-35.3633604,149.1652802,15.00
114.96,10,follower,-35.3633604,149.1652802,15.00
115.46,10,follower,-35.3633604,149.1652802,15.00
115.96,10,follower,-35.3633604,149.1652802,15.00
116.45,10,follower,-35.3633604,149.1652802,15.00
116.96,10,follower,-35.3633604,149.1652802,15.00
117.46,10,follower,-35.3633605,149.1652802,15.00
117.96,10,follower,-35.3633604,149.1652802,15.00
118.46,10,follower,-35.3633604,149.1652802,15.00
118.96,10,follower,-35.3633604,149.1652802,15.00
119.46,10,follower,-35.3633604,149.1652802,15.00
119.96,10,follower,-35.3633604,149.1652802,15.00
120.46,10,follower,-35.3633604,149.1652802,15.00
120.96,10,follower,-35.3633604,149.1652802,15.00
121.46,10,follower,-35.3633604,149.1652802,15.00
121.96,10,follower,-35.3633604,149.1652802,15.00
122.46,10,follower,-35.3633604,149.1652802,15.00
122.96,10,follower,-35.3633604,149.1652802,15.00
123.46,10,follower,-35.3633604,149.1652802,15.00
123.96,10,follower,-35.3633604,149.1652802,15.00
124.46,10,follower,-35.3633604,149.1652802,15.00
124.96,10,follower,-35.3633604,149.1652802,15.00
125.46,10,follower,-35.3633604,149.1652802,15.00
125.96,10,follower,-35.3633604,149.1652802,15.00
126.46,10,follower,-35.3633604,149.1652802,15.00
126.96,10,follower,-35.3633604,149.1652802,15.00
127.46,10,follower,-35.3633604,149.1652802,15.00
127.96,10,follower,-35.3633604,149.1652802,15.00
128.46,10,follower,-35.3633605,149.1652802,15.00
128.96,10,follower,-35.3633605,149.1652802,15.00
129.46,10,follower,-35.3633605,149.1652802,15.00
129.96,10,follower,-35.3633605,149.1652802,15.00
130.46,10,follower,-35.3633605,149.1652802,15.00
130.96,10,follower,-35.3633605,149.1652802,15.00
131.46,10,follower,-35.3633605,149.1652802,15.00
131.96,10,follower,-35.3633605,149.1652802,15.00
132.46,10,follower,-35.3633605,149.1652802,15.00
132.96,10,follower,-35.3633604,149.1652802,15.00
133.46,10,follower,-35.3633604,149.1652802,15.00
133.96,10,follower,-35.3633604,149.1652802,15.00
134.46,10,follower,-35.3633604,149.1652802,15.00
134.96,10,follower,-35.3633604,149.1652802,15.00
135.46,10,follower,-35.3633604,149.1652802,15.00
135.96,10,follower,-35.3633604,149.1652802,15.00
136.46,10,follower,-35.3633604,149.1652802,15.00
136.96,10,follower,-35.3633604,149.1652802,15.00
137.46,10,follower,-35.3633604,149.1652802,15.00
137.96,10,follower,-35.3633604,149.1652802,15.00
138.46,10,follower,-35.3633604,149.1652802,15.00
138.96,10,follower,-35.3633604,149.1652802,15.00
139.46,10,follower,-35.3633604,149.1652802,15.00
139.96,10,follower,-35.3633604,149.1652802,15.00
140.46,10,follower,-35.3633604,149.1652802,15.00
140.96,10,follower,-35.3633604,149.1652802,15.00
141.46,10,follower,-35.3633604,149.1652802,15.00
141.97,10,follower,-35.3633604,149.1652802,15.00
142.46,10,follower,-35.3633604,149.1652802,15.00
142.96,10,follower,-35.3633604,149.1652802,15.00
143.46,10,follower,-35.3633604,149.1652802,15.00
143.97,10,follower,-35.3633604,149.1652802,15.00
144.46,10,follower,-35.3633604,149.1652802,15.00
144.96,10,follower,-35.3633601,149.1652802,15.00
145.46,10,follower,-35.3633568,149.1652800,15.00
145.96,10,follower,-35.3633475,149.1652798,15.00
146.46,10,follower,-35.3633355,149.1652797,15.00
146.96,10,follower,-35.3633254,149.1652798,15.00
147.46,10,follower,-35.3633162,149.1652798,15.00
147.96,10,follower,-35.3633071,149.1652799,15.00
148.46,10,follower,-35.3632978,149.1652799,15.00
148.97,10,follower,-35.3632885,149.1652800,15.00
149.46,10,follower,-35.3632792,149.1652800,15.00
149.96,10,follower,-35.3632699,149.1652800,15.00
150.46,10,follower,-35.3632609,149.1652800,15.00
150.97,10,follower,-35.3632519,149.1652799,15.00
151.47,10,follower,-35.3632430,149.1652799,15.00
151.96,10,follower,-35.3632342,149.1652798,15.00
152.46,10,follower,-35.3632253,149.1652798,15.00
152.96,10,follower,-35.3632163,149.1652798,15.00
153.47,10,follower,-35.3632074,149.1652798,15.00
153.96,10,follower,-35.3631985,149.1652798,15.00
154.47,10,follower,-35.3631896,149.1652798,15.00
154.97,10,follower,-35.3631807,149.1652798,15.00
155.47,10,follower,-35.3631711,149.1652799,15.00
155.96,10,follower,-35.3631612,149.1652799,15.00
156.46,10,follower,-35.3631524,149.1652799,15.00
156.97,10,follower,-35.3631428,149.1652799,15.00
157.46,10,follower,-35.3631339,149.1652799,15.00
157.97,10,follower,-35.3631247,149.1652799,15.00
158.47,10,follower,-35.3631161,149.1652799,15.00
158.96,10,follower,-35.3631069,149.1652799,15.00
159.47,10,follower,-35.3630983,149.1652799,15.00
159.97,10,follower,-35.3630893,149.1652798,15.00
160.47,10,follower,-35.3630824,149.1652798,15.00
160.97,10,follower,-35.3630812,149.1652799,15.00
161.47,10,follower,-35.3630847,149.1652813,15.00
161.97,10,follower,-35.3630880,149.1652872,15.00
162.47,10,follower,-35.3630883,149.1652992,15.00
162.97,10,follower,-35.3630882,149.1653179,15.01
163.47,10,follower,-35.3630883,149.1653382,15.01
163.97,10,follower,-35.3630886,149.1653535,15.00
164.46,10,follower,-35.3630892,149.1653652,15.00
164.97,10,follower,-35.3630898,149.1653767,15.00
165.47,10,follower,-35.3630903,149.1653883,15.00
165.97,10,follower,-35.3630905,149.1653997,15.00
166.46,10,follower,-35.3630905,149.1654111,15.00
166.97,10,follower,-35.3630905,149.1654222,15.00
167.47,10,follower,-35.3630905,149.1654333,15.00
167.97,10,follower,-35.3630905,149.1654442,15.00
168.46,10,follower,-35.3630905,149.1654551,15.00
168.97,10,follower,-35.3630905,149.1654660,15.00
169.47,10,follower,-35.3630905,149.1654770,15.00
169.97,10,follower,-35.3630905,149.1654879,15.00
170.47,10,follower,-35.3630904,149.1654987,15.00
170.97,10,follower,-35.3630904,149.1655096,15.00
171.47,10,follower,-35.3630904,149.1655214,15.00
171.97,10,follower,-35.3630904,149.1655336,15.00
172.47,10,follower,-35.3630904,149.1655443,15.00
172.97,10,follower,-35.3630904,149.1655557,15.00
173.47,10,follower,-35.3630904,149.1655661,15.00
173.97,10,follower,-35.3630904,149.1655777,15.00
174.47,10,follower,-35.3630904,149.1655886,15.00
174.97,10,follower,-35.3630904,149.1656001,15.00
175.47,10,follower,-35.3630904,149.1656092,15.00
175.97,10,follower,-35.3630905,149.1656119,15.00
176.47,10,follower,-35.3630913,149.1656081,15.00
176.97,10,follower,-35.3630954,149.1656033,15.00
177.47,10,follower,-35.3631040,149.1656028,15.00
177.97,10,follower,-35.3631181,149.1656031,15.01
178.47,10,follower,-35.3631349,149.1656032,15.01
178.97,10,follower,-35.3631486,149.1656029,15.00
179.47,10,follower,-35.3631584,149.1656021,15.00
179.97,10,follower,-35.3631677,149.1656013,15.00
180.47,10,follower,-35.3631772,149.1656006,15.00
180.97,10,follower,-35.3631866,149.1656004,15.00
181.47,10,follower,-35.3631958,149.1656003,15.00
181.97,10,follower,-35.3632050,149.1656003,15.00
182.47,10,follower,-35.3632139,149.1656003,15.00
182.97,10,follower,-35.3632228,149.1656004,15.00
183.47,10,follower,-35.3632317,149.1656004,15.00
183.97,10,follower,-35.3632406,149.1656004,15.00
184.47,10,follower,-35.3632495,149.1656003,15.00
184.97,10,follower,-35.3632583,149.1656004,15.00
185.47,10,follower,-35.3632672,149.1656004,15.00
185.97,10,follower,-35.3632761,149.1656004,15.00
186.47,10,follower,-35.3632850,149.1656004,15.00
186.97,10,follower,-35.3632939,149.1656004,15.00
187.47,10,follower,-35.3633035,149.1656004,15.00
187.97,10,follower,-35.3633135,149.1656004,15.00
188.47,10,follower,-35.3633223,149.1656004,15.00
188.97,10,follower,-35.3633316,149.1656004,15.00
189.47,10,follower,-35.3633402,149.1656004,15.00
189.97,10,follower,-35.3633495,149.1656004,15.00
190.47,10,follower,-35.3633571,149.1656004,15.00
190.97,10,follower,-35.3633607,149.1656002,15.00
191.47,10,follower,-35.3633586,149.1655993,15.00
191.97,10,follower,-35.3633552,149.1655946,15.00
192.47,10,follower,-35.3633545,149.1655841,15.00
192.97,10,follower,-35.3633545,149.1655668,15.01
193.47,10,follower,-35.3633543,149.1655467,15.01
193.97,10,follower,-35.3633540,149.1655309,15.00
194.47,10,follower,-35.3633534,149.1655191,15.00
194.97,10,follower,-35.3633527,149.1655077,15.00
195.47,10,follower,-35.3633522,149.1654961,15.00
195.97,10,follower,-35.3633519,149.1654846,15.00
196.47,10,follower,-35.3633518,149.1654732,15.00
196.97,10,follower,-35.3633518,149.1654620,15.00
197.47,10,follower,-35.3633518,149.1654509,15.00
197.97,10,follower,-35.3633518,149.1654399,15.00
198.47,10,follower,-35.3633518,149.1654290,15.00
198.98,10,follower,-35.3633518,149.1654181,15.00
199.47,10,follower,-35.3633519,149.1654072,15.00
199.97,10,follower,-35.3633519,149.1653963,15.00
200.48,10,follower,-35.3633519,149.1653854,15.00
200.97,10,follower,-35.3633519,149.1653745,15.00
201.48,10,follower,-35.3633519,149.1653636,15.00
201.97,10,follower,-35.3633519,149.1653527,15.00
202.48,10,follower,-35.3633519,149.1653417,15.00
202.97,10,follower,-35.3633519,149.1653307,15.00
203.47,10,follower,-35.3633519,149.1653198,15.00
203.97,10,follower,-35.3633519,149.1653080,15.00
204.48,10,follower,-35.3633519,149.1652963,15.00
204.97,10,follower,-35.3633519,149.1652847,15.00
205.48,10,follower,-35.3633519,149.1652747,15.00
205.97,10,follower,-35.3633518,149.1652679,15.00
206.48,10,follower,-35.3633518,149.1652685,15.00
206.97,10,follower,-35.3633516,149.1652729,15.00
207.48,10,follower,-35.3633515,149.1652749,15.00
207.98,10,follower,-35.3633515,149.1652751,15.00
208.48,10,follower,-35.3633516,149.1652752,15.00
208.98,10,follower,-35.3633517,149.1652755,15.00
209.47,10,follower,-35.3633518,149.1652760,15.00
209.97,10,follower,-35.3633518,149.1652765,15.00
210.48,10,follower,-35.3633519,149.1652769,15.00
210.98,10,follower,-35.3633519,149.1652771,15.00
46.95,11,follower,-35.3632127,149.1651036,2.23
47.45,11,follower,-35.3632127,149.1651036,3.39
47.94,11,follower,-35.3632127,149.1651035,4.67
48.45,11,follower,-35.3632127,149.1651035,5.95
48.95,11,follower,-35.3632127,149.1651035,7.19
49.45,11,follower,-35.3632127,149.1651035,8.42
49.95,11,follower,-35.3632127,149.1651035,9.66
50.45,11,follower,-35.3632127,149.1651035,10.90
50.95,11,follower,-35.3632127,149.1651036,12.13
51.45,11,follower,-35.3632127,149.1651036,13.29
51.95,11,follower,-35.3632128,149.1651036,14.78
52.45,11,follower,-35.3632127,149.1651036,16.54
52.95,11,follower,-35.3632127,149.1651035,17.83
53.45,11,follower,-35.3632127,149.1651035,18.70
53.95,11,follower,-35.3632127,149.1651035,19.30
54.45,11,follower,-35.3632127,149.1651035,19.65
54.95,11,follower,-35.3632127,149.1651035,19.77
55.45,11,follower,-35.3632127,149.1651035,19.65
55.95,11,follower,-35.3632127,149.1651035,19.29
56.45,11,follower,-35.3632127,149.1651035,18.66
56.95,11,follower,-35.3632127,149.1651035,17.88
57.45,11,follower,-35.3632127,149.1651035,17.11
57.95,11,follower,-35.3632127,149.1651035,16.37
58.45,11,follower,-35.3632127,149.1651035,15.67
58.95,11,follower,-35.3632127,149.1651035,15.19
59.45,11,follower,-35.3632127,149.1651035,14.97
59.95,11,follower,-35.3632126,149.1651035,14.97
60.45,11,follower,-35.3632126,149.1651035,15.01
60.95,11,follower,-35.3632126,149.1651035,15.03
61.45,11,follower,-35.3632127,149.1651035,15.02
61.95,11,follower,-35.3632127,149.1651035,15.02
62.45,11,follower,-35.3632127,149.1651035,15.02
62.95,11,follower,-35.3632127,149.1651036,15.01
63.45,11,follower,-35.3632127,149.1651036,15.01
63.95,11,follower,-35.3632127,149.1651036,15.01
64.45,11,follower,-35.3632127,149.1651036,15.01
64.95,11,follower,-35.3632127,149.1651036,15.00
65.45,11,follower,-35.3632127,149.1651036,15.00
65.95,11,follower,-35.3632127,149.1651036,15.00
66.45,11,follower,-35.3632127,149.1651036,15.00
66.95,11,follower,-35.3632127,149.1651036,15.00
67.45,11,follower,-35.3632127,149.1651036,15.00
67.95,11,follower,-35.3632127,149.1651036,15.00
68.45,11,follower,-35.3632127,149.1651036,15.00
68.95,11,follower,-35.3632127,149.1651036,15.00
69.45,11,follower,-35.3632127,149.1651036,15.00
69.95,11,follower,-35.3632127,149.1651036,15.00
70.45,11,follower,-35.3632127,149.1651036,15.00
70.95,11,follower,-35.3632127,149.1651036,15.00
71.45,11,follower,-35.3632127,149.1651036,15.00
71.95,11,follower,-35.3632127,149.1651036,15.00
72.45,11,follower,-35.3632127,149.1651036,15.00
72.95,11,follower,-35.3632127,149.1651036,15.00
73.45,11,follower,-35.3632127,149.1651036,15.00
73.95,11,follower,-35.3632127,149.1651036,15.00
74.45,11,follower,-35.3632127,149.1651036,15.00
74.95,11,follower,-35.3632127,149.1651036,15.00
75.45,11,follower,-35.3632127,149.1651036,15.00
75.95,11,follower,-35.3632127,149.1651035,15.00
76.45,11,follower,-35.3632127,149.1651035,15.00
76.95,11,follower,-35.3632127,149.1651035,15.00
77.45,11,follower,-35.3632127,149.1651035,15.00
77.95,11,follower,-35.3632127,149.1651035,15.00
78.45,11,follower,-35.3632127,149.1651035,15.00
78.95,11,follower,-35.3632127,149.1651035,15.00
79.45,11,follower,-35.3632127,149.1651035,15.00
79.95,11,follower,-35.3632127,149.1651035,15.00
80.45,11,follower,-35.3632127,149.1651035,15.00
80.95,11,follower,-35.3632127,149.1651035,15.00
81.45,11,follower,-35.3632127,149.1651035,15.00
81.95,11,follower,-35.3632127,149.1651035,15.00
82.45,11,follower,-35.3632127,149.1651035,15.00
82.96,11,follower,-35.3632127,149.1651036,15.00
83.45,11,follower,-35.3632127,149.1651036,15.00
83.95,11,follower,-35.3632127,149.1651036,15.00
84.45,11,follower,-35.3632127,149.1651036,15.00
84.95,11,follower,-35.3632127,149.1651036,15.00
85.45,11,follower,-35.3632127,149.1651036,15.00
85.95,11,follower,-35.3632127,149.1651036,15.00
86.45,11,follower,-35.3632127,149.1651036,15.00
86.96,11,follower,-35.3632127,149.1651036,15.00
87.45,11,follower,-35.3632127,149.1651036,15.00
87.95,11,follower,-35.3632127,149.1651036,15.00
88.45,11,follower,-35.3632127,149.1651035,15.00
88.95,11,follower,-35.3632127,149.1651035,15.00
89.45,11,follower,-35.3632127,149.1651035,15.00
89.95,11,follower,-35.3632127,149.1651035,15.00
90.45,11,follower,-35.3632127,149.1651035,15.00
90.95,11,follower,-35.3632127,149.1651035,15.00
91.45,11,follower,-35.3632127,149.1651035,15.00
91.96,11,follower,-35.3632127,149.1651035,15.00
92.46,11,follower,-35.3632127,149.1651035,15.00
92.95,11,follower,-35.3632127,149.1651035,15.00
93.45,11,follower,-35.3632127,149.1651035,15.00
93.95,11,follower,-35.3632127,149.1651035,15.00
94.46,11,follower,-35.3632127,149.1651035,15.00
94.96,11,follower,-35.3632127,149.1651035,15.00
95.45,11,follower,-35.3632127,149.1651035,15.00
95.95,11,follower,-35.3632127,149.1651036,15.00
96.46,11,follower,-35.3632127,149.1651036,15.00
96.95,11,follower,-35.3632127,149.1651036,15.00
97.46,11,follower,-35.3632127,149.1651036,15.00
97.95,11,follower,-35.3632127,149.1651036,15.00
98.46,11,follower,-35.3632127,149.1651036,15.00
98.95,11,follower,-35.3632127,149.1651036,15.00
99.46,11,follower,-35.3632127,149.1651036,15.00
99.95,11,follower,-35.3632127,149.1651036,15.00
100.46,11,follower,-35.3632127,149.1651036,15.00
100.96,11,follower,-35.3632127,149.1651036,15.00
101.45,11,follower,-35.3632127,149.1651036,15.00
101.96,11,follower,-35.3632127,149.1651036,15.00
102.46,11,follower,-35.3632127,149.1651036,15.00
102.95,11,follower,-35.3632127,149.1651036,15.00
103.45,11,follower,-35.3632127,149.1651036,15.00
103.96,11,follower,-35.3632127,149.1651036,15.00
104.46,11,follower,-35.3632127,149.1651036,15.00
104.95,11,follower,-35.3632127,149.1651036,15.00
105.46,11,follower,-35.3632127,149.1651036,15.00
105.96,11,follower,-35.3632127,149.1651036,15.00
106.46,11,follower,-35.3632127,149.1651036,15.00
106.96,11,follower,-35.3632127,149.1651036,15.00
107.46,11,follower,-35.3632127,149.1651036,15.00
107.96,11,follower,-35.3632127,149.1651036,15.00
108.46,11,follower,-35.3632127,149.1651036,15.00
108.96,11,follower,-35.3632127,149.1651036,15.00
109.46,11,follower,-35.3632127,149.1651036,15.00
109.96,11,follower,-35.3632127,149.1651036,15.00
110.46,11,follower,-35.3632127,149.1651036,15.00
110.96,11,follower,-35.3632127,149.1651036,15.00
111.45,11,follower,-35.3632127,149.1651036,15.00
111.96,11,follower,-35.3632127,149.1651036,15.00
112.46,11,follower,-35.3632127,149.1651036,15.00
112.96,11,follower,-35.3632127,149.1651036,15.00
113.46,11,follower,-35.3632127,149.1651036,15.00
113.96,11,follower,-35.3632127,149.1651036,15.00
114.46,11,follower,-35.3632127,149.1651036,15.00
114.96,11,follower,-35.3632127,149.1651036,15.00
115.46,11,follower,-35.3632127,149.1651036,15.00
115.96,11,follower,-35.3632127,149.1651036,15.00
116.46,11,follower,-35.3632127,149.1651036,15.00
116.96,11,follower,-35.3632127,149.1651036,15.00
117.46,11,follower,-35.3632127,149.1651036,15.00
117.96,11,follower,-35.3632127,149.1651036,15.00
118.46,11,follower,-35.3632127,149.1651036,15.00
118.96,11,follower,-35.3632127,149.1651036,15.00
119.46,11,follower,-35.3632127,149.1651036,15.00
119.96,11,follower,-35.3632127,149.1651036,15.00
120.46,11,follower,-35.3632127,149.1651036,15.00
120.96,11,follower,-35.3632127,149.1651036,15.00
121.46,11,follower,-35.3632127,149.1651036,15.00
121.96,11,follower,-35.3632127,149.1651036,15.00
122.46,11,follower,-35.3632127,149.1651036,15.00
122.96,11,follower,-35.3632127,149.1651036,15.00
123.46,11,follower,-35.3632127,149.1651036,15.00
123.96,11,follower,-35.3632127,149.1651036,15.00
124.46,11,follower,-35.3632127,149.1651036,15.00
124.96,11,follower,-35.3632127,149.1651036,15.00
125.46,11,follower,-35.3632127,149.1651036,15.00
125.96,11,follower,-35.3632127,149.1651036,15.00
126.46,11,follower,-35.3632127,149.1651036,15.00
126.96,11,follower,-35.3632127,149.1651036,15.00
127.46,11,follower,-35.3632127,149.1651036,15.00
127.96,11,follower,-35.3632127,149.1651036,15.00
128.46,11,follower,-35.3632127,149.1651036,15.00
128.96,11,follower,-35.3632127,149.1651036,15.00
129.46,11,follower,-35.3632127,149.1651036,15.00
129.96,11,follower,-35.3632127,149.1651036,15.00
130.46,11,follower,-35.3632127,149.1651036,15.00
130.96,11,follower,-35.3632127,149.1651036,15.00
131.46,11,follower,-35.3632127,149.1651036,15.00
131.96,11,follower,-35.3632127,149.1651036,15.00
132.46,11,follower,-35.3632127,149.1651036,15.00
132.96,11,follower,-35.3632127,149.1651036,15.00
133.46,11,follower,-35.3632127,149.1651036,15.00
133.96,11,follower,-35.3632127,149.1651036,15.00
134.46,11,follower,-35.3632127,149.1651036,15.00
134.96,11,follower,-35.3632127,149.1651036,15.00
135.46,11,follower,-35.3632127,149.1651036,15.00
135.97,11,follower,-35.3632127,149.1651036,15.00
136.46,11,follower,-35.3632127,149.1651036,15.00
136.96,11,follower,-35.3632127,149.1651036,15.00
137.46,11,follower,-35.3632127,149.1651036,15.00
137.96,11,follower,-35.3632127,149.1651036,15.00
138.46,11,follower,-35.3632127,149.1651036,15.00
138.96,11,follower,-35.3632127,149.1651036,15.00
139.46,11,follower,-35.3632127,149.1651036,15.00
139.96,11,follower,-35.3632127,149.1651036,15.00
140.46,11,follower,-35.3632127,149.1651036,15.00
140.97,11,follower,-35.3632127,149.1651036,15.00
141.46,11,follower,-35.3632127,149.1651036,15.00
141.97,11,follower,-35.3632127,149.1651036,15.00
142.46,11,follower,-35.3632127,149.1651036,15.00
142.96,11,follower,-35.3632127,149.1651036,15.00
143.47,11,follower,-35.3632127,149.1651036,15.00
143.96,11,follower,-35.3632127,149.1651036,15.00
144.47,11,follower,-35.3632127,149.1651036,15.00
144.97,11,follower,-35.3632127,149.1651036,15.00
145.46,11,follower,-35.3632107,149.1651035,15.00
145.97,11,follower,-35.3632029,149.1651034,15.00
146.47,11,follower,-35.3631902,149.1651033,15.00
146.97,11,follower,-35.3631776,149.1651033,15.00
147.47,11,follower,-35.3631679,149.1651033,15.00
147.96,11,follower,-35.3631586,149.1651033,15.00
148.47,11,follower,-35.3631501,149.1651033,15.00
148.96,11,follower,-35.3631405,149.1651033,15.00
149.46,11,follower,-35.3631307,149.1651033,15.00
149.97,11,follower,-35.3631213,149.1651033,15.00
150.47,11,follower,-35.3631121,149.1651033,15.00
150.97,11,follower,-35.3631031,149.1651033,15.00
151.47,11,follower,-35.3630941,149.1651033,15.00
151.97,11,follower,-35.3630852,149.1651033,15.00
152.47,11,follower,-35.3630762,149.1651033,15.00
152.97,11,follower,-35.3630673,149.1651033,15.00
153.46,11,follower,-35.3630584,149.1651033,15.00
153.96,11,follower,-35.3630495,149.1651033,15.00
154.47,11,follower,-35.3630406,149.1651033,15.00
154.97,11,follower,-35.3630318,149.1651033,15.00
155.47,11,follower,-35.3630229,149.1651033,15.00
155.97,11,follower,-35.3630141,149.1651033,15.00
156.46,11,follower,-35.3630052,149.1651033,15.00
156.97,11,follower,-35.3629963,149.1651033,15.00
157.47,11,follower,-35.3629874,149.1651033,15.00
157.97,11,follower,-35.3629786,149.1651033,15.00
158.47,11,follower,-35.3629697,149.1651033,15.00
158.97,11,follower,-35.3629609,149.1651033,15.00
159.47,11,follower,-35.3629519,149.1651033,15.00
159.97,11,follower,-35.3629420,149.1651033,15.00
160.47,11,follower,-35.3629350,149.1651033,15.00
160.97,11,follower,-35.3629340,149.1651033,15.00
161.47,11,follower,-35.3629376,149.1651046,15.00
161.97,11,follower,-35.3629410,149.1651105,15.00
162.47,11,follower,-35.3629411,149.1651221,15.00
162.97,11,follower,-35.3629407,149.1651403,15.01
163.47,11,follower,-35.3629407,149.1651600,15.01
163.97,11,follower,-35.3629410,149.1651759,15.00
164.47,11,follower,-35.3629416,149.1651883,15.00
164.97,11,follower,-35.3629422,149.1652005,15.00
165.47,11,follower,-35.3629426,149.1652126,15.00
165.97,11,follower,-35.3629428,149.1652243,15.00
166.47,11,follower,-35.3629428,149.1652358,15.00
166.97,11,follower,-35.3629428,149.1652470,15.00
167.47,11,follower,-35.3629428,149.1652580,15.00
167.97,11,follower,-35.3629428,149.1652690,15.00
168.47,11,follower,-35.3629428,149.1652799,15.00
168.97,11,follower,-35.3629428,149.1652908,15.00
169.47,11,follower,-35.3629428,149.1653017,15.00
169.97,11,follower,-35.3629427,149.1653127,15.00
170.47,11,follower,-35.3629427,149.1653235,15.00
170.97,11,follower,-35.3629427,149.1653344,15.00
171.47,11,follower,-35.3629427,149.1653452,15.00
171.97,11,follower,-35.3629427,149.1653561,15.00
172.47,11,follower,-35.3629427,149.1653669,15.00
172.97,11,follower,-35.3629427,149.1653778,15.00
173.47,11,follower,-35.3629427,149.1653886,15.00
173.97,11,follower,-35.3629427,149.1653996,15.00
174.47,11,follower,-35.3629428,149.1654104,15.00
174.97,11,follower,-35.3629428,149.1654213,15.00
175.47,11,follower,-35.3629428,149.1654308,15.00
175.97,11,follower,-35.3629429,149.1654339,15.00
176.47,11,follower,-35.3629439,149.1654306,15.00
176.97,11,follower,-35.3629482,149.1654267,15.00
177.47,11,follower,-35.3629573,149.1654264,15.00
177.97,11,follower,-35.3629720,149.1654266,15.01
178.47,11,follower,-35.3629888,149.1654266,15.01
178.97,11,follower,-35.3630020,149.1654263,15.00
179.47,11,follower,-35.3630113,149.1654255,15.00
179.97,11,follower,-35.3630208,149.1654247,15.00
180.47,11,follower,-35.3630296,149.1654241,15.00
180.97,11,follower,-35.3630391,149.1654238,15.00
181.47,11,follower,-35.3630482,149.1654237,15.00
181.97,11,follower,-35.3630578,149.1654238,15.00
182.47,11,follower,-35.3630672,149.1654238,15.00
182.97,11,follower,-35.3630763,149.1654238,15.00
183.47,11,follower,-35.3630853,149.1654238,15.00
183.97,11,follower,-35.3630941,149.1654238,15.00
184.47,11,follower,-35.3631030,149.1654238,15.00
184.97,11,follower,-35.3631119,149.1654238,15.00
185.47,11,follower,-35.3631208,149.1654238,15.00
185.97,11,follower,-35.3631297,149.1654238,15.00
186.47,11,follower,-35.3631387,149.1654238,15.00
186.97,11,follower,-35.3631476,149.1654238,15.00
187.47,11,follower,-35.3631565,149.1654238,15.00
187.97,11,follower,-35.3631655,149.1654238,15.00
188.47,11,follower,-35.3631744,149.1654238,15.00
188.97,11,follower,-35.3631833,149.1654238,15.00
189.47,11,follower,-35.3631922,149.1654238,15.00
189.97,11,follower,-35.3632012,149.1654238,15.00
190.47,11,follower,-35.3632095,149.1654238,15.00
190.97,11,follower,-35.3632138,149.1654238,15.00
191.47,11,follower,-35.3632122,149.1654234,15.00
191.98,11,follower,-35.3632079,149.1654200,15.00
192.47,11,follower,-35.3632063,149.1654114,15.00
192.97,11,follower,-35.3632065,149.1653963,15.00
193.47,11,follower,-35.3632065,149.1653762,15.01
193.98,11,follower,-35.3632063,149.1653578,15.01
194.48,11,follower,-35.3632058,149.1653449,15.00
194.97,11,follower,-35.3632051,149.1653324,15.00
195.47,11,follower,-35.3632045,149.1653202,15.00
195.98,11,follower,-35.3632042,149.1653079,15.00
196.47,11,follower,-35.3632041,149.1652969,15.00
196.97,11,follower,-35.3632041,149.1652849,15.00
197.48,11,follower,-35.3632041,149.1652739,15.00
197.98,11,follower,-35.3632041,149.1652625,15.00
198.47,11,follower,-35.3632041,149.1652519,15.00
198.98,11,follower,-35.3632041,149.1652407,15.00
199.47,11,follower,-35.3632041,149.1652293,15.00
199.97,11,follower,-35.3632041,149.1652182,15.00
200.48,11,follower,-35.3632041,149.1652072,15.00
200.98,11,follower,-35.3632041,149.1651964,15.00
201.48,11,follower,-35.3632041,149.1651856,15.00
201.98,11,follower,-35.3632041,149.1651746,15.00
202.48,11,follower,-35.3632041,149.1651636,15.00
202.98,11,follower,-35.3632041,149.1651527,15.00
203.48,11,follower,-35.3632041,149.1651418,15.00
203.98,11,follower,-35.3632041,149.1651309,15.00
204.48,11,follower,-35.3632041,149.1651201,15.00
204.97,11,follower,-35.3632041,149.1651093,15.00
205.48,11,follower,-35.3632041,149.1650988,15.00
205.97,11,follower,-35.3632041,149.1650918,15.00
206.48,11,follower,-35.3632041,149.1650921,15.00
206.98,11,follower,-35.3632040,149.1650961,15.00
207.48,11,follower,-35.3632038,149.1650980,15.00
207.98,11,follower,-35.3632038,149.1650984,15.00
208.48,11,follower,-35.3632039,149.1650986,15.00
208.97,11,follower,-35.3632039,149.1650989,15.00
209.48,11,follower,-35.3632040,149.1650994,15.00
209.98,11,follower,-35.3632041,149.1650999,15.00
210.47,11,follower,-35.3632042,149.1651003,15.00
210.98,11,follower,-35.3632042,149.1651006,15.00
46.95,12,follower,-35.3632252,149.1653693,2.23
47.45,12,follower,-35.3632251,149.1653693,3.39
47.95,12,follower,-35.3632251,149.1653692,4.67
48.45,12,follower,-35.3632251,149.1653692,5.95
48.95,12,follower,-35.3632251,149.1653692,7.19
49.45,12,follower,-35.3632251,149.1653692,8.42
49.94,12,follower,-35.3632251,149.1653692,9.66
50.45,12,follower,-35.3632251,149.1653692,10.90
50.95,12,follower,-35.3632251,149.1653693,12.13
51.45,12,follower,-35.3632251,149.1653693,13.27
51.95,12,follower,-35.3632252,149.1653693,14.65
52.45,12,follower,-35.3632252,149.1653693,16.30
52.95,12,follower,-35.3632252,149.1653692,17.52
53.45,12,follower,-35.3632252,149.1653691,18.37
53.95,12,follower,-35.3632252,149.1653691,18.94
54.45,12,follower,-35.3632252,149.1653691,19.26
54.95,12,follower,-35.3632252,149.1653691,19.35
55.45,12,follower,-35.3632252,149.1653691,19.19
55.95,12,follower,-35.3632252,149.1653691,18.79
56.45,12,follower,-35.3632252,149.1653691,18.13
56.95,12,follower,-35.3632252,149.1653690,17.35
57.45,12,follower,-35.3632252,149.1653690,16.59
57.95,12,follower,-35.3632252,149.1653690,15.86
58.45,12,follower,-35.3632252,149.1653690,15.30
58.95,12,follower,-35.3632252,149.1653690,15.00
59.45,12,follower,-35.3632252,149.1653690,14.95
59.95,12,follower,-35.3632252,149.1653690,15.00
60.45,12,follower,-35.3632252,149.1653691,15.02
60.95,12,follower,-35.3632252,149.1653691,15.02
61.45,12,follower,-35.3632252,149.1653691,15.02
61.95,12,follower,-35.3632252,149.1653691,15.01
62.45,12,follower,-35.3632252,149.1653692,15.01
62.95,12,follower,-35.3632252,149.1653692,15.01
63.45,12,follower,-35.3632252,149.1653692,15.01
63.95,12,follower,-35.3632252,149.1653692,15.01
64.45,12,follower,-35.3632252,149.1653692,15.01
64.95,12,follower,-35.3632252,149.1653692,15.00
65.45,12,follower,-35.3632252,149.1653692,15.00
65.95,12,follower,-35.3632252,149.1653692,15.00
66.45,12,follower,-35.3632252,149.1653692,15.00
66.95,12,follower,-35.3632252,149.1653692,15.00
67.45,12,follower,-35.3632252,149.1653692,15.00
67.95,12,follower,-35.3632252,149.1653692,15.00
68.45,12,follower,-35.3632252,149.1653692,15.00
68.95,12,follower,-35.3632252,149.1653692,15.00
69.45,12,follower,-35.3632252,149.1653692,15.00
69.95,12,follower,-35.3632252,149.1653692,15.00
70.45,12,follower,-35.3632252,149.1653692,15.00
70.95,12,follower,-35.3632252,149.1653692,15.00
71.45,12,follower,-35.3632252,149.1653692,15.00
71.95,12,follower,-35.3632252,149.1653692,15.00
72.45,12,follower,-35.3632252,149.1653692,15.00
72.95,12,follower,-35.3632252,149.1653692,15.00
73.45,12,follower,-35.3632252,149.1653692,15.00
73.95,12,follower,-35.3632252,149.1653692,15.00
74.45,12,follower,-35.3632252,149.1653692,15.00
74.95,12,follower,-35.3632252,149.1653692,15.00
75.45,12,follower,-35.3632252,149.1653692,15.00
75.95,12,follower,-35.3632252,149.1653692,15.00
76.45,12,follower,-35.3632252,149.1653692,15.00
76.95,12,follower,-35.3632252,149.1653692,15.00
77.45,12,follower,-35.3632252,149.1653692,15.00
77.95,12,follower,-35.3632252,149.1653692,15.00
78.45,12,follower,-35.3632252,149.1653692,15.00
78.95,12,follower,-35.3632252,149.1653692,15.00
79.45,12,follower,-35.3632252,149.1653692,15.00
79.95,12,follower,-35.3632252,149.1653691,15.00
80.45,12,follower,-35.3632252,149.1653691,15.00
80.95,12,follower,-35.3632252,149.1653691,15.00
81.45,12,follower,-35.3632252,149.1653691,15.00
81.95,12,follower,-35.3632252,149.1653691,15.00
82.45,12,follower,-35.3632252,149.1653691,15.00
82.95,12,follower,-35.3632252,149.1653691,15.00
83.46,12,follower,-35.3632252,149.1653691,15.00
83.96,12,follower,-35.3632252,149.1653692,15.00
84.46,12,follower,-35.3632252,149.1653692,15.00
84.95,12,follower,-35.3632252,149.1653692,15.00
85.45,12,follower,-35.3632252,149.1653692,15.00
85.96,12,follower,-35.3632252,149.1653692,15.00
86.45,12,follower,-35.3632252,149.1653692,15.00
86.96,12,follower,-35.3632252,149.1653692,15.00
87.45,12,follower,-35.3632252,149.1653692,15.00
87.95,12,follower,-35.3632252,149.1653692,15.00
88.45,12,follower,-35.3632252,149.1653692,15.00
88.96,12,follower,-35.3632252,149.1653692,15.00
89.46,12,follower,-35.3632252,149.1653692,15.00
89.95,12,follower,-35.3632252,149.1653692,15.00
90.46,12,follower,-35.3632252,149.1653692,15.00
90.95,12,follower,-35.3632252,149.1653692,15.00
91.45,12,follower,-35.3632252,149.1653692,15.00
91.96,12,follower,-35.3632252,149.1653692,15.00
92.46,12,follower,-35.3632252,149.1653692,15.00
92.96,12,follower,-35.3632252,149.1653692,15.00
93.45,12,follower,-35.3632252,149.1653692,15.00
93.95,12,follower,-35.3632252,149.1653692,15.00
94.45,12,follower,-35.3632252,149.1653692,15.00
94.96,12,follower,-35.3632252,149.1653692,15.00
95.46,12,follower,-35.3632252,149.1653692,15.00
95.96,12,follower,-35.3632252,149.1653692,15.00
96.46,12,follower,-35.3632252,149.1653692,15.00
96.96,12,follower,-35.3632252,149.1653692,15.00
97.46,12,follower,-35.3632252,149.1653692,15.00
97.96,12,follower,-35.3632252,149.1653692,15.00
98.46,12,follower,-35.3632252,149.1653692,15.00
98.96,12,follower,-35.3632252,149.1653692,15.00
99.46,12,follower,-35.3632252,149.1653692,15.00
99.96,12,follower,-35.3632252,149.1653692,15.00
100.46,12,follower,-35.3632252,149.1653692,15.00
100.96,12,follower,-35.3632252,149.1653692,15.00
101.46,12,follower,-35.3632252,149.1653692,15.00
101.96,12,follower,-35.3632252,149.1653692,15.00
102.46,12,follower,-35.3632252,149.1653692,15.00
102.96,12,follower,-35.3632252,149.1653692,15.00
103.46,12,follower,-35.3632252,149.1653692,15.00
103.96,12,follower,-35.3632252,149.1653692,15.00
104.46,12,follower,-35.3632252,149.1653692,15.00
104.96,12,follower,-35.3632252,149.1653692,15.00
105.46,12,follower,-35.3632252,149.1653692,15.00
105.96,12,follower,-35.3632252,149.1653692,15.00
106.45,12,follower,-35.3632252,149.1653692,15.00
106.96,12,follower,-35.3632252,149.1653692,15.00
107.46,12,follower,-35.3632252,149.1653692,15.00
107.96,12,follower,-35.3632252,149.1653692,15.00
108.46,12,follower,-35.3632252,149.1653692,15.00
108.96,12,follower,-35.3632252,149.1653692,15.00
109.45,12,follower,-35.3632252,149.1653692,15.00
109.96,12,follower,-35.3632252,149.1653692,15.00
110.45,12,follower,-35.3632252,149.1653692,15.00
110.96,12,follower,-35.3632252,149.1653692,15.00
111.46,12,follower,-35.3632252,149.1653692,15.00
111.96,12,follower,-35.3632252,149.1653692,15.00
112.46,12,follower,-35.3632252,149.1653692,15.00
112.96,12,follower,-35.3632252,149.1653692,15.00
113.46,12,follower,-35.3632252,149.1653692,15.00
113.96,12,follower,-35.3632252,149.1653692,15.00
114.46,12,follower,-35.3632252,149.1653692,15.00
114.96,12,follower,-35.3632252,149.1653692,15.00
115.46,12,follower,-35.3632252,149.1653692,15.00
115.96,12,follower,-35.3632252,149.1653692,15.00
116.46,12,follower,-35.3632252,149.1653692,15.00
116.96,12,follower,-35.3632252,149.1653692,15.00
117.46,12,follower,-35.3632252,149.1653692,15.00
117.96,12,follower,-35.3632252,149.1653692,15.00
118.46,12,follower,-35.3632252,149.1653692,15.00
118.96,12,follower,-35.3632252,149.1653692,15.00
119.46,12,follower,-35.3632252,149.1653692,15.00
119.96,12,follower,-35.3632252,149.1653692,15.00
120.46,12,follower,-35.3632252,149.1653692,15.00
120.96,12,follower,-35.3632252,149.1653692,15.00
121.46,12,follower,-35.3632252,149.1653692,15.00
121.96,12,follower,-35.3632252,149.1653692,15.00
122.46,12,follower,-35.3632252,149.1653692,15.00
122.96,12,follower,-35.3632252,149.1653692,15.00
123.46,12,follower,-35.3632252,149.1653692,15.00
123.96,12,follower,-35.3632252,149.1653692,15.00
124.46,12,follower,-35.3632252,149.1653692,15.00
124.96,12,follower,-35.3632252,149.1653692,15.00
125.46,12,follower,-35.3632252,149.1653692,15.00
125.96,12,follower,-35.3632252,149.1653692,15.00
126.46,12,follower,-35.3632252,149.1653692,15.00
126.96,12,follower,-35.3632252,149.1653692,15.00
127.46,12,follower,-35.3632252,149.1653692,15.00
127.96,12,follower,-35.3632252,149.1653692,15.00
128.46,12,follower,-35.3632252,149.1653692,15.00
128.96,12,follower,-35.3632252,149.1653692,15.00
129.46,12,follower,-35.3632252,149.1653692,15.00
129.96,12,follower,-35.3632252,149.1653692,15.00
130.46,12,follower,-35.3632252,149.1653692,15.00
130.96,12,follower,-35.3632252,149.1653692,15.00
131.46,12,follower,-35.3632252,149.1653692,15.00
131.96,12,follower,-35.3632252,149.1653692,15.00
132.46,12,follower,-35.3632252,149.1653692,15.00
132.96,12,follower,-35.3632252,149.1653692,15.00
133.46,12,follower,-35.3632252,149.1653692,15.00
133.96,12,follower,-35.3632252,149.1653692,15.00
134.46,12,follower,-35.3632252,149.1653692,15.00
134.97,12,follower,-35.3632252,149.1653692,15.00
135.46,12,follower,-35.3632252,149.1653692,15.00
135.96,12,follower,-35.3632252,149.1653692,15.00
136.46,12,follower,-35.3632252,149.1653692,15.00
136.96,12,follower,-35.3632252,149.1653692,15.00
137.46,12,follower,-35.3632252,149.1653692,15.00
137.97,12,follower,-35.3632252,149.1653692,15.00
138.46,12,follower,-35.3632252,149.1653692,15.00
138.97,12,follower,-35.3632252,149.1653692,15.00
139.47,12,follower,-35.3632252,149.1653692,15.00
139.96,12,follower,-35.3632252,149.1653692,15.00
140.47,12,follower,-35.3632252,149.1653692,15.00
140.96,12,follower,-35.3632252,149.1653692,15.00
141.46,12,follower,-35.3632252,149.1653692,15.00
141.97,12,follower,-35.3632252,149.1653692,15.00
142.46,12,follower,-35.3632252,149.1653692,15.00
142.96,12,follower,-35.3632252,149.1653692,15.00
143.46,12,follower,-35.3632252,149.1653692,15.00
143.96,12,follower,-35.3632252,149.1653692,15.00
144.46,12,follower,-35.3632252,149.1653692,15.00
144.97,12,follower,-35.3632250,149.1653691,15.00
145.46,12,follower,-35.3632215,149.1653689,15.00
145.97,12,follower,-35.3632121,149.1653688,15.00
146.47,12,follower,-35.3632002,149.1653687,15.00
146.96,12,follower,-35.3631900,149.1653688,15.00
147.47,12,follower,-35.3631808,149.1653688,15.00
147.96,12,follower,-35.3631717,149.1653689,15.00
148.47,12,follower,-35.3631625,149.1653689,15.00
148.96,12,follower,-35.3631532,149.1653690,15.00
149.47,12,follower,-35.3631439,149.1653690,15.00
149.96,12,follower,-35.3631347,149.1653690,15.00
150.46,12,follower,-35.3631256,149.1653690,15.00
150.97,12,follower,-35.3631166,149.1653690,15.00
151.47,12,follower,-35.3631077,149.1653689,15.00
151.97,12,follower,-35.3630988,149.1653689,15.00
152.46,12,follower,-35.3630899,149.1653689,15.00
152.97,12,follower,-35.3630810,149.1653689,15.00
153.47,12,follower,-35.3630721,149.1653689,15.00
153.96,12,follower,-35.3630632,149.1653689,15.00
154.46,12,follower,-35.3630543,149.1653689,15.00
154.97,12,follower,-35.3630455,149.1653689,15.00
155.47,12,follower,-35.3630359,149.1653689,15.00
155.96,12,follower,-35.3630260,149.1653689,15.00
156.47,12,follower,-35.3630171,149.1653689,15.00
156.97,12,follower,-35.3630077,149.1653689,15.00
157.47,12,follower,-35.3629991,149.1653689,15.00
157.97,12,follower,-35.3629898,149.1653689,15.00
158.47,12,follower,-35.3629813,149.1653689,15.00
158.97,12,follower,-35.3629718,149.1653689,15.00
159.47,12,follower,-35.3629629,149.1653689,15.00
159.97,12,follower,-35.3629538,149.1653689,15.00
160.47,12,follower,-35.3629473,149.1653689,15.00
160.97,12,follower,-35.3629468,149.1653689,15.00
161.47,12,follower,-35.3629506,149.1653707,15.00
161.97,12,follower,-35.3629534,149.1653772,15.00
162.47,12,follower,-35.3629534,149.1653898,15.00
162.97,12,follower,-35.3629533,149.1654088,15.01
163.47,12,follower,-35.3629532,149.1654287,15.01
163.97,12,follower,-35.3629534,149.1654431,15.00
164.46,12,follower,-35.3629540,149.1654547,15.00
164.97,12,follower,-35.3629546,149.1654662,15.00
165.47,12,follower,-35.3629551,149.1654776,15.00
165.97,12,follower,-35.3629553,149.1654890,15.00
166.47,12,follower,-35.3629553,149.1655003,15.00
166.97,12,follower,-35.3629553,149.1655114,15.00
167.47,12,follower,-35.3629553,149.1655224,15.00
167.97,12,follower,-35.3629553,149.1655334,15.00
168.47,12,follower,-35.3629553,149.1655443,15.00
168.97,12,follower,-35.3629553,149.1655551,15.00
169.47,12,follower,-35.3629553,149.1655661,15.00
169.97,12,follower,-35.3629553,149.1655770,15.00
170.47,12,follower,-35.3629553,149.1655878,15.00
170.97,12,follower,-35.3629553,149.1655988,15.00
171.47,12,follower,-35.3629553,149.1656097,15.00
171.97,12,follower,-35.3629552,149.1656206,15.00
172.47,12,follower,-35.3629552,149.1656325,15.00
172.97,12,follower,-35.3629552,149.1656447,15.00
173.47,12,follower,-35.3629552,149.1656555,15.00
173.97,12,follower,-35.3629552,149.1656671,15.00
174.47,12,follower,-35.3629552,149.1656777,15.00
174.97,12,follower,-35.3629552,149.1656890,15.00
175.47,12,follower,-35.3629552,149.1656982,15.00
175.97,12,follower,-35.3629553,149.1657008,15.00
176.47,12,follower,-35.3629561,149.1656970,15.00
176.97,12,follower,-35.3629603,149.1656923,15.00
177.47,12,follower,-35.3629691,149.1656918,15.00
177.97,12,follower,-35.3629833,149.1656922,15.01
178.47,12,follower,-35.3630001,149.1656922,15.01
178.97,12,follower,-35.3630137,149.1656918,15.00
179.47,12,follower,-35.3630234,149.1656911,15.00
179.97,12,follower,-35.3630327,149.1656902,15.00
180.47,12,follower,-35.3630422,149.1656896,15.00
180.97,12,follower,-35.3630516,149.1656894,15.00
181.47,12,follower,-35.3630609,149.1656893,15.00
181.97,12,follower,-35.3630699,149.1656893,15.00
182.47,12,follower,-35.3630789,149.1656893,15.00
182.97,12,follower,-35.3630877,149.1656894,15.00
183.47,12,follower,-35.3630966,149.1656894,15.00
183.97,12,follower,-35.3631055,149.1656894,15.00
184.47,12,follower,-35.3631144,149.1656893,15.00
184.97,12,follower,-35.3631233,149.1656894,15.00
185.47,12,follower,-35.3631322,149.1656894,15.00
185.97,12,follower,-35.3631411,149.1656894,15.00
186.47,12,follower,-35.3631501,149.1656894,15.00
186.97,12,follower,-35.3631590,149.1656894,15.00
187.47,12,follower,-35.3631680,149.1656894,15.00
187.97,12,follower,-35.3631769,149.1656894,15.00
188.47,12,follower,-35.3631858,149.1656894,15.00
188.97,12,follower,-35.3631954,149.1656894,15.00
189.47,12,follower,-35.3632051,149.1656894,15.00
189.98,12,follower,-35.3632146,149.1656894,15.00
190.47,12,follower,-35.3632222,149.1656894,15.00
190.98,12,follower,-35.3632254,149.1656892,15.00
191.47,12,follower,-35.3632231,149.1656882,15.00
191.98,12,follower,-35.3632199,149.1656832,15.00
192.47,12,follower,-35.3632193,149.1656722,15.00
192.97,12,follower,-35.3632193,149.1656546,15.01
193.47,12,follower,-35.3632192,149.1656346,15.01
193.98,12,follower,-35.3632188,149.1656192,15.00
194.47,12,follower,-35.3632182,149.1656075,15.00
194.97,12,follower,-35.3632175,149.1655961,15.00
195.47,12,follower,-35.3632170,149.1655845,15.00
195.97,12,follower,-35.3632167,149.1655729,15.00
196.48,12,follower,-35.3632166,149.1655616,15.00
196.97,12,follower,-35.3632166,149.1655505,15.00
197.47,12,follower,-35.3632166,149.1655396,15.00
197.98,12,follower,-35.3632166,149.1655288,15.00
198.47,12,follower,-35.3632166,149.1655179,15.00
198.98,12,follower,-35.3632166,149.1655070,15.00
199.48,12,follower,-35.3632166,149.1654961,15.00
199.97,12,follower,-35.3632166,149.1654852,15.00
200.47,12,follower,-35.3632166,149.1654744,15.00
200.97,12,follower,-35.3632166,149.1654636,15.00
201.48,12,follower,-35.3632167,149.1654527,15.00
201.97,12,follower,-35.3632167,149.1654417,15.00
202.47,12,follower,-35.3632167,149.1654308,15.00
202.97,12,follower,-35.3632167,149.1654198,15.00
203.48,12,follower,-35.3632167,149.1654086,15.00
203.98,12,follower,-35.3632167,149.1653963,15.00
204.48,12,follower,-35.3632167,149.1653851,15.00
204.98,12,follower,-35.3632167,149.1653736,15.00
205.48,12,follower,-35.3632167,149.1653636,15.00
205.98,12,follower,-35.3632166,149.1653570,15.00
206.48,12,follower,-35.3632165,149.1653577,15.00
206.98,12,follower,-35.3632164,149.1653620,15.00
207.47,12,follower,-35.3632163,149.1653639,15.00
207.98,12,follower,-35.3632163,149.1653641,15.00
208.48,12,follower,-35.3632163,149.1653642,15.00
208.98,12,follower,-35.3632165,149.1653645,15.00
209.47,12,follower,-35.3632166,149.1653650,15.00
209.98,12,follower,-35.3632167,149.1653655,15.00
210.48,12,follower,-35.3632167,149.1653659,15.00
210.97,12,follower,-35.3632167,149.1653661,15.00
46.95,13,follower,-35.3633685,149.1651532,2.23
47.44,13,follower,-35.3633685,149.1651532,3.39
47.95,13,follower,-35.3633685,149.1651532,4.67
48.45,13,follower,-35.3633685,149.1651532,5.95
48.95,13,follower,-35.3633685,149.1651532,7.19
49.45,13,follower,-35.3633685,149.1651532,8.42
49.95,13,follower,-35.3633685,149.1651532,9.66
50.45,13,follower,-35.3633685,149.1651532,10.90
50.94,13,follower,-35.3633685,149.1651532,12.13
51.45,13,follower,-35.3633685,149.1651532,13.29
51.95,13,follower,-35.3633685,149.1651532,14.72
52.45,13,follower,-35.3633685,149.1651532,16.46
52.95,13,follower,-35.3633685,149.1651532,17.75
53.45,13,follower,-35.3633685,149.1651532,18.63
53.95,13,follower,-35.3633685,149.1651532,19.23
54.45,13,follower,-35.3633685,149.1651532,19.58
54.95,13,follower,-35.3633685,149.1651532,19.70
55.45,13,follower,-35.3633684,149.1651532,19.58
55.95,13,follower,-35.3633684,149.1651532,19.21
56.45,13,follower,-35.3633684,149.1651532,18.58
56.95,13,follower,-35.3633684,149.1651532,17.81
57.45,13,follower,-35.3633684,149.1651532,17.04
57.95,13,follower,-35.3633684,149.1651532,16.30
58.45,13,follower,-35.3633684,149.1651532,15.61
58.95,13,follower,-35.3633684,149.1651532,15.15
59.45,13,follower,-35.3633684,149.1651532,14.96
59.95,13,follower,-35.3633683,149.1651532,14.97
60.45,13,follower,-35.3633683,149.1651532,15.01
60.95,13,follower,-35.3633683,149.1651532,15.03
61.45,13,follower,-35.3633684,149.1651532,15.02
61.95,13,follower,-35.3633684,149.1651532,15.02
62.45,13,follower,-35.3633684,149.1651533,15.01
62.95,13,follower,-35.3633684,149.1651533,15.01
63.45,13,follower,-35.3633684,149.1651533,15.01
63.95,13,follower,-35.3633684,149.1651533,15.01
64.45,13,follower,-35.3633684,149.1651533,15.01
64.95,13,follower,-35.3633684,149.1651533,15.00
65.45,13,follower,-35.3633684,149.1651533,15.00
65.95,13,follower,-35.3633684,149.1651533,15.00
66.45,13,follower,-35.3633684,149.1651533,15.00
66.95,13,follower,-35.3633684,149.1651533,15.00
67.45,13,follower,-35.3633684,149.1651533,15.00
67.95,13,follower,-35.3633684,149.1651533,15.00
68.45,13,follower,-35.3633684,149.1651533,15.00
68.95,13,follower,-35.3633684,149.1651533,15.00
69.45,13,follower,-35.3633684,149.1651533,15.00
69.95,13,follower,-35.3633684,149.1651533,15.00
70.45,13,follower,-35.3633684,149.1651533,15.00
70.95,13,follower,-35.3633684,149.1651533,15.00
71.45,13,follower,-35.3633684,149.1651533,15.00
71.95,13,follower,-35.3633684,149.1651533,15.00
72.45,13,follower,-35.3633684,149.1651533,15.00
72.95,13,follower,-35.3633684,149.1651533,15.00
73.45,13,follower,-35.3633684,149.1651533,15.00
73.95,13,follower,-35.3633684,149.1651533,15.00
74.45,13,follower,-35.3633684,149.1651533,15.00
74.95,13,follower,-35.3633684,149.1651533,15.00
75.45,13,follower,-35.3633684,149.1651533,15.00
75.95,13,follower,-35.3633684,149.1651533,15.00
76.45,13,follower,-35.3633684,149.1651533,15.00
76.95,13,follower,-35.3633684,149.1651533,15.00
77.45,13,follower,-35.3633684,149.1651533,15.00
77.95,13,follower,-35.3633684,149.1651533,15.00
78.45,13,follower,-35.3633684,149.1651533,15.00
78.95,13,follower,-35.3633684,149.1651532,15.00
79.45,13,follower,-35.3633684,149.1651532,15.00
79.95,13,follower,-35.3633684,149.1651532,15.00
80.45,13,follower,-35.3633684,149.1651532,15.00
80.95,13,follower,-35.3633684,149.1651532,15.00
81.46,13,follower,-35.3633684,149.1651532,15.00
81.95,13,follower,-35.3633684,149.1651532,15.00
82.45,13,follower,-35.3633684,149.1651532,15.00
82.95,13,follower,-35.3633684,149.1651532,15.00
83.46,13,follower,-35.3633684,149.1651532,15.00
83.95,13,follower,-35.3633684,149.1651533,15.00
84.46,13,follower,-35.3633684,149.1651533,15.00
84.95,13,follower,-35.3633684,149.1651533,15.00
85.45,13,follower,-35.3633684,149.1651533,15.00
85.95,13,follower,-35.3633684,149.1651533,15.00
86.45,13,follower,-35.3633684,149.1651533,15.00
86.96,13,follower,-35.3633684,149.1651533,15.00
87.45,13,follower,-35.3633684,149.1651533,15.00
87.96,13,follower,-35.3633684,149.1651533,15.00
88.45,13,follower,-35.3633684,149.1651533,15.00
88.96,13,follower,-35.3633684,149.1651533,15.00
89.46,13,follower,-35.3633684,149.1651533,15.00
89.95,13,follower,-35.3633684,149.1651533,15.00
90.46,13,follower,-35.3633684,149.1651533,15.00
90.95,13,follower,-35.3633684,149.1651533,15.00
91.46,13,follower,-35.3633684,149.1651533,15.00
91.95,13,follower,-35.3633684,149.1651533,15.00
92.45,13,follower,-35.3633684,149.1651533,15.00
92.96,13,follower,-35.3633684,149.1651533,15.00
93.46,13,follower,-35.3633684,149.1651533,15.00
93.96,13,follower,-35.3633684,149.1651533,15.00
94.45,13,follower,-35.3633684,149.1651533,15.00
94.96,13,follower,-35.3633684,149.1651533,15.00
95.45,13,follower,-35.3633684,149.1651533,15.00
95.96,13,follower,-35.3633684,149.1651533,15.00
96.45,13,follower,-35.3633684,149.1651533,15.00
96.96,13,follower,-35.3633684,149.1651533,15.00
97.46,13,follower,-35.3633684,149.1651533,15.00
97.95,13,follower,-35.3633684,149.1651533,15.00
98.46,13,follower,-35.3633684,149.1651533,15.00
98.96,13,follower,-35.3633684,149.1651533,15.00
99.46,13,follower,-35.3633684,149.1651533,15.00
99.96,13,follower,-35.3633684,149.1651533,15.00
100.46,13,follower,-35.3633684,149.1651533,15.00
100.96,13,follower,-35.3633684,149.1651533,15.00
101.46,13,follower,-35.3633684,149.1651533,15.00
101.96,13,follower,-35.3633684,149.1651533,15.00
102.46,13,follower,-35.3633684,149.1651533,15.00
102.95,13,follower,-35.3633684,149.1651533,15.00
103.46,13,follower,-35.3633684,149.1651533,15.00
103.96,13,follower,-35.3633684,149.1651533,15.00
104.46,13,follower,-35.3633684,149.1651533,15.00
104.96,13,follower,-35.3633684,149.1651533,15.00
105.46,13,follower,-35.3633684,149.1651533,15.00
105.96,13,follower,-35.3633684,149.1651533,15.00
106.46,13,follower,-35.3633684,149.1651533,15.00
106.96,13,follower,-35.3633684,149.1651533,15.00
107.46,13,follower,-35.3633684,149.1651533,15.00
107.96,13,follower,-35.3633684,149.1651533,15.00
108.46,13,follower,-35.3633684,149.1651533,15.00
108.96,13,follower,-35.3633684,149.1651533,15.00
109.46,13,follower,-35.3633684,149.1651533,15.00
109.96,13,follower,-35.3633684,149.1651533,15.00
110.46,13,follower,-35.3633684,149.1651533,15.00
110.96,13,follower,-35.3633684,149.1651533,15.00
111.46,13,follower,-35.3633684,149.1651533,15.00
111.96,13,follower,-35.3633684,149.1651533,15.00
112.46,13,follower,-35.3633684,149.1651533,15.00
112.96,13,follower,-35.3633684,149.1651533,15.00
113.46,13,follower,-35.3633684,149.1651533,15.00
113.96,13,follower,-35.3633684,149.1651533,15.00
114.46,13,follower,-35.3633684,149.1651533,15.00
114.96,13,follower,-35.3633684,149.1651533,15.00
115.46,13,follower,-35.3633684,149.1651533,15.00
115.96,13,follower,-35.3633684,149.1651533,15.00
116.46,13,follower,-35.3633684,149.1651533,15.00
116.96,13,follower,-35.3633684,149.1651533,15.00
117.46,13,follower,-35.3633684,149.1651533,15.00
117.96,13,follower,-35.3633684,149.1651533,15.00
118.46,13,follower,-35.3633684,149.1651533,15.00
118.96,13,follower,-35.3633684,149.1651533,15.00
119.46,13,follower,-35.3633684,149.1651533,15.00
119.96,13,follower,-35.3633684,149.1651533,15.00
120.46,13,follower,-35.3633684,149.1651533,15.00
120.96,13,follower,-35.3633684,149.1651533,15.00
121.46,13,follower,-35.3633684,149.1651533,15.00
121.96,13,follower,-35.3633684,149.1651533,15.00
122.46,13,follower,-35.3633684,149.1651533,15.00
122.96,13,follower,-35.3633684,149.1651533,15.00
123.46,13,follower,-35.3633684,149.1651533,15.00
123.96,13,follower,-35.3633684,149.1651533,15.00
124.46,13,follower,-35.3633684,149.1651533,15.00
124.96,13,follower,-35.3633684,149.1651533,15.00
125.46,13,follower,-35.3633684,149.1651533,15.00
125.96,13,follower,-35.3633684,149.1651533,15.00
126.46,13,follower,-35.3633684,149.1651533,15.00
126.96,13,follower,-35.3633684,149.1651533,15.00
127.46,13,follower,-35.3633684,149.1651533,15.00
127.96,13,follower,-35.3633684,149.1651533,15.00
128.46,13,follower,-35.3633684,149.1651533,15.00
128.96,13,follower,-35.3633684,149.1651533,15.00
129.46,13,follower,-35.3633684,149.1651533,15.00
129.96,13,follower,-35.3633684,149.1651533,15.00
130.46,13,follower,-35.3633684,149.1651533,15.00
130.96,13,follower,-35.3633684,149.1651533,15.00
131.46,13,follower,-35.3633684,149.1651533,15.00
131.96,13,follower,-35.3633684,149.1651533,15.00
132.46,13,follower,-35.3633684,149.1651533,15.00
132.96,13,follower,-35.3633684,149.1651533,15.00
133.46,13,follower,-35.3633684,149.1651533,15.00
133.96,13,follower,-35.3633684,149.1651533,15.00
134.46,13,follower,-35.3633684,149.1651533,15.00
134.96,13,follower,-35.3633684,149.1651533,15.00
135.46,13,follower,-35.3633684,149.1651533,15.00
135.96,13,follower,-35.3633684,149.1651533,15.00
136.46,13,follower,-35.3633684,149.1651533,15.00
136.96,13,follower,-35.3633684,149.1651533,15.00
137.46,13,follower,-35.3633684,149.1651533,15.00
137.96,13,follower,-35.3633684,149.1651533,15.00
138.46,13,follower,-35.3633684,149.1651533,15.00
138.96,13,follower,-35.3633684,149.1651533,15.00
139.46,13,follower,-35.3633684,149.1651533,15.00
139.96,13,follower,-35.3633684,149.1651533,15.00
140.46,13,follower,-35.3633684,149.1651533,15.00
140.96,13,follower,-35.3633684,149.1651533,15.00
141.46,13,follower,-35.3633684,149.1651533,15.00
141.96,13,follower,-35.3633684,149.1651533,15.00
142.46,13,follower,-35.3633684,149.1651533,15.00
142.97,13,follower,-35.3633684,149.1651533,15.00
143.46,13,follower,-35.3633684,149.1651533,15.00
143.97,13,follower,-35.3633684,149.1651533,15.00
144.47,13,follower,-35.3633684,149.1651533,15.00
144.96,13,follower,-35.3633683,149.1651532,15.00
145.46,13,follower,-35.3633652,149.1651530,15.00
145.96,13,follower,-35.3633562,149.1651529,15.00
146.47,13,follower,-35.3633442,149.1651528,15.00
146.97,13,follower,-35.3633339,149.1651529,15.00
147.47,13,follower,-35.3633247,149.1651529,15.00
147.97,13,follower,-35.3633156,149.1651530,15.00
148.46,13,follower,-35.3633063,149.1651530,15.00
148.97,13,follower,-35.3632970,149.1651531,15.00
149.46,13,follower,-35.3632878,149.1651531,15.00
149.96,13,follower,-35.3632785,149.1651531,15.00
150.46,13,follower,-35.3632694,149.1651531,15.00
150.97,13,follower,-35.3632605,149.1651531,15.00
151.47,13,follower,-35.3632516,149.1651530,15.00
151.96,13,follower,-35.3632428,149.1651530,15.00
152.47,13,follower,-35.3632331,149.1651530,15.00
152.97,13,follower,-35.3632231,149.1651530,15.00
153.47,13,follower,-35.3632144,149.1651530,15.00
153.97,13,follower,-35.3632051,149.1651529,15.00
154.47,13,follower,-35.3631965,149.1651529,15.00
154.97,13,follower,-35.3631870,149.1651529,15.00
155.47,13,follower,-35.3631782,149.1651529,15.00
155.96,13,follower,-35.3631691,149.1651529,15.00
156.46,13,follower,-35.3631609,149.1651529,15.00
156.97,13,follower,-35.3631514,149.1651530,15.00
157.47,13,follower,-35.3631419,149.1651530,15.00
157.97,13,follower,-35.3631327,149.1651530,15.00
158.47,13,follower,-35.3631238,149.1651530,15.00
158.97,13,follower,-35.3631149,149.1651530,15.00
159.47,13,follower,-35.3631060,149.1651530,15.00
159.97,13,follower,-35.3630972,149.1651530,15.00
160.47,13,follower,-35.3630904,149.1651530,15.00
160.97,13,follower,-35.3630893,149.1651530,15.00
161.46,13,follower,-35.3630930,149.1651543,15.00
161.97,13,follower,-35.3630963,149.1651603,15.00
162.47,13,follower,-35.3630965,149.1651723,15.00
162.97,13,follower,-35.3630963,149.1651908,15.01
163.47,13,follower,-35.3630963,149.1652109,15.01
163.97,13,follower,-35.3630965,149.1652260,15.00
164.47,13,follower,-35.3630971,149.1652376,15.00
164.97,13,follower,-35.3630977,149.1652490,15.00
165.47,13,follower,-35.3630982,149.1652605,15.00
165.97,13,follower,-35.3630985,149.1652719,15.00
166.47,13,follower,-35.3630985,149.1652831,15.00
166.97,13,follower,-35.3630985,149.1652951,15.00
167.47,13,follower,-35.3630985,149.1653069,15.00
167.97,13,follower,-35.3630985,149.1653191,15.00
168.47,13,follower,-35.3630984,149.1653299,15.00
168.97,13,follower,-35.3630984,149.1653413,15.00
169.47,13,follower,-35.3630984,149.1653520,15.00
169.97,13,follower,-35.3630984,149.1653630,15.00
170.47,13,follower,-35.3630984,149.1653732,15.00
170.97,13,follower,-35.3630984,149.1653848,15.00
171.47,13,follower,-35.3630984,149.1653957,15.00
171.97,13,follower,-35.3630984,149.1654071,15.00
172.47,13,follower,-35.3630983,149.1654177,15.00
172.97,13,follower,-35.3630983,149.1654290,15.00
173.47,13,follower,-35.3630984,149.1654403,15.00
173.97,13,follower,-35.3630984,149.1654514,15.00
174.47,13,follower,-35.3630985,149.1654624,15.00
174.97,13,follower,-35.3630985,149.1654734,15.00
175.47,13,follower,-35.3630985,149.1654826,15.00
175.97,13,follower,-35.3630985,149.1654852,15.00
176.47,13,follower,-35.3630993,149.1654814,15.00
176.97,13,follower,-35.3631035,149.1654768,15.00
177.47,13,follower,-35.3631123,149.1654762,15.00
177.97,13,follower,-35.3631266,149.1654764,15.01
178.47,13,follower,-35.3631431,149.1654764,15.01
178.97,13,follower,-35.3631561,149.1654760,15.00
179.47,13,follower,-35.3631657,149.1654752,15.00
179.97,13,follower,-35.3631749,149.1654743,15.00
180.47,13,follower,-35.3631843,149.1654737,15.00
180.97,13,follower,-35.3631937,149.1654734,15.00
181.47,13,follower,-35.3632029,149.1654734,15.00
181.97,13,follower,-35.3632121,149.1654734,15.00
182.47,13,follower,-35.3632211,149.1654734,15.00
182.97,13,follower,-35.3632299,149.1654734,15.00
183.47,13,follower,-35.3632396,149.1654735,15.00
183.97,13,follower,-35.3632494,149.1654735,15.00
184.47,13,follower,-35.3632583,149.1654735,15.00
184.97,13,follower,-35.3632676,149.1654735,15.00
185.47,13,follower,-35.3632764,149.1654735,15.00
185.97,13,follower,-35.3632860,149.1654735,15.00
186.47,13,follower,-35.3632949,149.1654735,15.00
186.97,13,follower,-35.3633039,149.1654735,15.00
187.47,13,follower,-35.3633123,149.1654735,15.00
187.98,13,follower,-35.3633217,149.1654735,15.00
188.47,13,follower,-35.3633312,149.1654735,15.00
188.97,13,follower,-35.3633403,149.1654735,15.00
189.47,13,follower,-35.3633493,149.1654735,15.00
189.98,13,follower,-35.3633583,149.1654735,15.00
190.47,13,follower,-35.3633662,149.1654735,15.00
190.97,13,follower,-35.3633695,149.1654735,15.00
191.47,13,follower,-35.3633671,149.1654728,15.00
191.97,13,follower,-35.3633629,149.1654685,15.00
192.47,13,follower,-35.3633620,149.1654588,15.00
192.97,13,follower,-35.3633622,149.1654426,15.01
193.47,13,follower,-35.3633622,149.1654224,15.01
193.98,13,follower,-35.3633621,149.1654053,15.00
194.48,13,follower,-35.3633615,149.1653931,15.00
194.98,13,follower,-35.3633608,149.1653817,15.00
195.47,13,follower,-35.3633603,149.1653701,15.00
195.97,13,follower,-35.3633599,149.1653585,15.00
196.47,13,follower,-35.3633598,149.1653472,15.00
196.98,13,follower,-35.3633598,149.1653360,15.00
197.47,13,follower,-35.3633597,149.1653250,15.00
197.97,13,follower,-35.3633598,149.1653141,15.00
198.47,13,follower,-35.3633598,149.1653031,15.00
198.97,13,follower,-35.3633598,149.1652922,15.00
199.47,13,follower,-35.3633598,149.1652812,15.00
199.97,13,follower,-35.3633598,149.1652703,15.00
200.48,13,follower,-35.3633599,149.1652591,15.00
200.97,13,follower,-35.3633599,149.1652469,15.00
201.48,13,follower,-35.3633599,149.1652357,15.00
201.97,13,follower,-35.3633599,149.1652237,15.00
202.47,13,follower,-35.3633599,149.1652129,15.00
202.97,13,follower,-35.3633599,149.1652018,15.00
203.47,13,follower,-35.3633599,149.1651915,15.00
203.97,13,follower,-35.3633599,149.1651799,15.00
204.48,13,follower,-35.3633599,149.1651692,15.00
204.97,13,follower,-35.3633599,149.1651580,15.00
205.47,13,follower,-35.3633599,149.1651473,15.00
205.97,13,follower,-35.3633599,149.1651411,15.00
206.48,13,follower,-35.3633598,149.1651421,15.00
206.98,13,follower,-35.3633597,149.1651461,15.00
207.48,13,follower,-35.3633595,149.1651477,15.00
207.97,13,follower,-35.3633596,149.1651481,15.00
208.47,13,follower,-35.3633596,149.1651483,15.00
208.97,13,follower,-35.3633596,149.1651486,15.00
209.48,13,follower,-35.3633597,149.1651491,15.00
209.97,13,follower,-35.3633598,149.1651496,15.00
210.48,13,follower,-35.3633599,149.1651499,15.00
210.97,13,follower,-35.3633599,149.1651502,15.00
46.95,14,follower,-35.3631343,149.1651957,2.23
47.45,14,follower,-35.3631343,149.1651957,3.39
47.95,14,follower,-35.3631343,149.1651957,4.67
48.45,14,follower,-35.3631343,149.1651957,5.95
48.95,14,follower,-35.3631343,149.1651957,7.19
49.45,14,follower,-35.3631343,149.1651957,8.42
49.95,14,follower,-35.3631343,149.1651957,9.66
50.45,14,follower,-35.3631343,149.1651957,10.90
50.95,14,follower,-35.3631343,149.1651957,12.13
51.45,14,follower,-35.3631343,149.1651957,13.27
51.95,14,follower,-35.3631344,149.1651957,14.61
52.45,14,follower,-35.3631343,149.1651957,16.25
52.95,14,follower,-35.3631343,149.1651956,17.50
53.45,14,follower,-35.3631343,149.1651956,18.36
53.95,14,follower,-35.3631343,149.1651957,18.93
54.45,14,follower,-35.3631343,149.1651957,19.27
54.95,14,follower,-35.3631343,149.1651957,19.36
55.45,14,follower,-35.3631343,149.1651956,19.21
55.95,14,follower,-35.3631343,149.1651956,18.82
56.45,14,follower,-35.3631343,149.1651956,18.17
56.95,14,follower,-35.3631343,149.1651955,17.39
57.45,14,follower,-35.3631343,149.1651955,16.62
57.95,14,follower,-35.3631343,149.1651955,15.89
58.45,14,follower,-35.3631343,149.1651955,15.32
58.95,14,follower,-35.3631343,149.1651955,15.01
59.45,14,follower,-35.3631343,149.1651956,14.95
59.95,14,follower,-35.3631342,149.1651955,15.00
60.45,14,follower,-35.3631342,149.1651956,15.02
60.95,14,follower,-35.3631343,149.1651956,15.02
61.45,14,follower,-35.3631343,149.1651956,15.02
61.95,14,follower,-35.3631343,149.1651957,15.01
62.45,14,follower,-35.3631343,149.1651957,15.01
62.95,14,follower,-35.3631343,149.1651957,15.01
63.45,14,follower,-35.3631343,149.1651957,15.01
63.95,14,follower,-35.3631343,149.1651957,15.01
64.45,14,follower,-35.3631343,149.1651957,15.01
64.95,14,follower,-35.3631343,149.1651957,15.00
65.45,14,follower,-35.3631343,149.1651957,15.00
65.95,14,follower,-35.3631343,149.1651957,15.00
66.45,14,follower,-35.3631343,149.1651957,15.00
66.95,14,follower,-35.3631343,149.1651956,15.00
67.45,14,follower,-35.3631343,149.1651956,15.00
67.95,14,follower,-35.3631343,149.1651956,15.00
68.45,14,follower,-35.3631343,149.1651956,15.00
68.95,14,follower,-35.3631343,149.1651956,15.00
69.45,14,follower,-35.3631343,149.1651956,15.00
69.95,14,follower,-35.3631343,149.1651957,15.00
70.45,14,follower,-35.3631343,149.1651957,15.00
70.95,14,follower,-35.3631343,149.1651957,15.00
71.45,14,follower,-35.3631343,149.1651957,15.00
71.95,14,follower,-35.3631343,149.1651957,15.00
72.46,14,follower,-35.3631343,149.1651957,15.00
72.96,14,follower,-35.3631343,149.1651957,15.00
73.45,14,follower,-35.3631343,149.1651957,15.00
73.95,14,follower,-35.3631343,149.1651957,15.00
74.45,14,follower,-35.3631343,149.1651957,15.00
74.95,14,follower,-35.3631343,149.1651957,15.00
75.45,14,follower,-35.3631343,149.1651957,15.00
75.96,14,follower,-35.3631343,149.1651957,15.00
76.45,14,follower,-35.3631343,149.1651956,15.00
76.95,14,follower,-35.3631343,149.1651956,15.00
77.46,14,follower,-35.3631343,149.1651956,15.00
77.96,14,follower,-35.3631343,149.1651956,15.00
78.45,14,follower,-35.3631343,149.1651956,15.00
78.96,14,follower,-35.3631343,149.1651956,15.00
79.46,14,follower,-35.3631343,149.1651956,15.00
79.95,14,follower,-35.3631343,149.1651956,15.00
80.46,14,follower,-35.3631343,149.1651956,15.00
80.96,14,follower,-35.3631343,149.1651956,15.00
81.46,14,follower,-35.3631343,149.1651956,15.00
81.95,14,follower,-35.3631343,149.1651957,15.00
82.45,14,follower,-35.3631343,149.1651957,15.00
82.95,14,follower,-35.3631343,149.1651957,15.00
83.46,14,follower,-35.3631343,149.1651957,15.00
83.96,14,follower,-35.3631343,149.1651957,15.00
84.46,14,follower,-35.3631343,149.1651957,15.00
84.96,14,follower,-35.3631343,149.1651957,15.00
85.46,14,follower,-35.3631343,149.1651957,15.00
85.95,14,follower,-35.3631343,149.1651957,15.00
86.45,14,follower,-35.3631343,149.1651957,15.00
86.96,14,follower,-35.3631343,149.1651957,15.00
87.45,14,follower,-35.3631343,149.1651957,15.00
87.96,14,follower,-35.3631343,149.1651957,15.00
88.46,14,follower,-35.3631343,149.1651957,15.00
88.95,14,follower,-35.3631343,149.1651957,15.00
89.45,14,follower,-35.3631343,149.1651956,15.00
89.96,14,follower,-35.3631343,149.1651956,15.00
90.46,14,follower,-35.3631343,149.1651956,15.00
90.96,14,follower,-35.3631343,149.1651956,15.00
91.45,14,follower,-35.3631343,149.1651956,15.00
91.96,14,follower,-35.3631343,149.1651956,15.00
92.46,14,follower,-35.3631343,149.1651956,15.00
92.96,14,follower,-35.3631343,149.1651956,15.00
93.46,14,follower,-35.3631343,149.1651957,15.00
93.96,14,follower,-35.3631343,149.1651957,15.00
94.46,14,follower,-35.3631343,149.1651957,15.00
94.96,14,follower,-35.3631343,149.1651957,15.00
95.46,14,follower,-35.3631343,149.1651957,15.00
95.95,14,follower,-35.3631343,149.1651957,15.00
96.46,14,follower,-35.3631343,149.1651957,15.00
96.96,14,follower,-35.3631343,149.1651957,15.00
97.46,14,follower,-35.3631343,149.1651957,15.00
97.96,14,follower,-35.3631343,149.1651957,15.00
98.46,14,follower,-35.3631343,149.1651957,15.00
98.96,14,follower,-35.3631343,149.1651957,15.00
99.46,14,follower,-35.3631343,149.1651957,15.00
99.96,14,follower,-35.3631343,149.1651957,15.00
100.46,14,follower,-35.3631343,149.1651957,15.00
100.96,14,follower,-35.3631343,149.1651956,15.00
101.46,14,follower,-35.3631343,149.1651956,15.00
101.96,14,follower,-35.3631343,149.1651956,15.00
102.46,14,follower,-35.3631343,149.1651956,15.00
102.96,14,follower,-35.3631343,149.1651957,15.00
103.46,14,follower,-35.3631343,149.1651957,15.00
103.96,14,follower,-35.3631343,149.1651957,15.00
104.46,14,follower,-35.3631343,149.1651957,15.00
104.96,14,follower,-35.3631343,149.1651957,15.00
105.46,14,follower,-35.3631343,149.1651957,15.00
105.96,14,follower,-35.3631343,149.1651957,15.00
106.46,14,follower,-35.3631343,149.1651957,15.00
106.96,14,follower,-35.3631343,149.1651957,15.00
107.46,14,follower,-35.3631343,149.1651957,15.00
107.96,14,follower,-35.3631343,149.1651957,15.00
108.46,14,follower,-35.3631343,149.1651957,15.00
108.96,14,follower,-35.3631343,149.1651956,15.00
109.46,14,follower,-35.3631343,149.1651956,15.00
109.96,14,follower,-35.3631343,149.1651956,15.00
110.46,14,follower,-35.3631343,149.1651956,15.00
110.96,14,follower,-35.3631343,149.1651956,15.00
111.46,14,follower,-35.3631343,149.1651956,15.00
111.96,14,follower,-35.3631343,149.1651957,15.00
112.46,14,follower,-35.3631343,149.1651957,15.00
112.96,14,follower,-35.3631343,149.1651957,15.00
113.46,14,follower,-35.3631343,149.1651957,15.00
113.96,14,follower,-35.3631343,149.1651957,15.00
114.46,14,follower,-35.3631343,149.1651957,15.00
114.96,14,follower,-35.3631343,149.1651957,15.00
115.46,14,follower,-35.3631343,149.1651957,15.00
115.96,14,follower,-35.3631343,149.1651957,15.00
116.46,14,follower,-35.3631343,149.1651957,15.00
116.96,14,follower,-35.3631343,149.1651957,15.00
117.46,14,follower,-35.3631343,149.1651957,15.00
117.96,14,follower,-35.3631343,149.1651956,15.00
118.46,14,follower,-35.3631343,149.1651956,15.00
118.96,14,follower,-35.3631343,149.1651956,15.00
119.46,14,follower,-35.3631343,149.1651956,15.00
119.96,14,follower,-35.3631343,149.1651957,15.00
120.46,14,follower,-35.3631343,149.1651957,15.00
120.96,14,follower,-35.3631343,149.1651957,15.00
121.46,14,follower,-35.3631343,149.1651957,15.00
121.96,14,follower,-35.3631343,149.1651957,15.00
122.46,14,follower,-35.3631343,149.1651957,15.00
122.96,14,follower,-35.3631343,149.1651957,15.00
123.46,14,follower,-35.3631343,149.1651957,15.00
123.96,14,follower,-35.3631343,149.1651957,15.00
124.46,14,follower,-35.3631343,149.1651957,15.00
124.96,14,follower,-35.3631343,149.1651957,15.00
125.46,14,follower,-35.3631343,149.1651957,15.00
125.96,14,follower,-35.3631343,149.1651956,15.00
126.46,14,follower,-35.3631343,149.1651956,15.00
126.96,14,follower,-35.3631343,149.1651956,15.00
127.47,14,follower,-35.3631343,149.1651956,15.00
127.96,14,follower,-35.3631343,149.1651957,15.00
128.46,14,follower,-35.3631343,149.1651957,15.00
128.96,14,follower,-35.3631343,149.1651957,15.00
129.47,14,follower,-35.3631343,149.1651957,15.00
129.96,14,follower,-35.3631343,149.1651957,15.00
130.46,14,follower,-35.3631343,149.1651957,15.00
130.96,14,follower,-35.3631343,149.1651957,15.00
131.47,14,follower,-35.3631343,149.1651957,15.00
131.96,14,follower,-35.3631343,149.1651957,15.00
132.46,14,follower,-35.3631343,149.1651957,15.00
132.97,14,follower,-35.3631343,149.1651957,15.00
133.46,14,follower,-35.3631343,149.1651957,15.00
133.96,14,follower,-35.3631343,149.1651957,15.00
134.47,14,follower,-35.3631343,149.1651957,15.00
134.96,14,follower,-35.3631343,149.1651956,15.00
135.47,14,follower,-35.3631343,149.1651956,15.00
135.97,14,follower,-35.3631343,149.1651956,15.00
136.46,14,follower,-35.3631343,149.1651956,15.00
136.96,14,follower,-35.3631343,149.1651957,15.00
137.46,14,follower,-35.3631343,149.1651957,15.00
137.96,14,follower,-35.3631343,149.1651957,15.00
138.47,14,follower,-35.3631343,149.1651957,15.00
138.97,14,follower,-35.3631343,149.1651957,15.00
139.46,14,follower,-35.3631343,149.1651957,15.00
139.97,14,follower,-35.3631343,149.1651957,15.00
140.47,14,follower,-35.3631343,149.1651957,15.00
140.96,14,follower,-35.3631343,149.1651957,15.00
141.46,14,follower,-35.3631343,149.1651957,15.00
141.97,14,follower,-35.3631343,149.1651957,15.00
142.47,14,follower,-35.3631343,149.1651957,15.00
142.97,14,follower,-35.3631343,149.1651957,15.00
143.46,14,follower,-35.3631343,149.1651957,15.00
143.97,14,follower,-35.3631343,149.1651956,15.00
144.47,14,follower,-35.3631343,149.1651956,15.00
144.97,14,follower,-35.3631342,149.1651956,15.00
145.47,14,follower,-35.3631314,149.1651955,15.00
145.97,14,follower,-35.3631226,149.1651954,15.00
146.47,14,follower,-35.3631106,149.1651953,15.00
146.97,14,follower,-35.3631002,149.1651954,15.00
147.47,14,follower,-35.3630910,149.1651954,15.00
147.97,14,follower,-35.3630819,149.1651954,15.00
148.47,14,follower,-35.3630726,149.1651954,15.00
148.97,14,follower,-35.3630632,149.1651954,15.00
149.47,14,follower,-35.3630538,149.1651954,15.00
149.97,14,follower,-35.3630445,149.1651954,15.00
150.47,14,follower,-35.3630354,149.1651954,15.00
150.97,14,follower,-35.3630264,149.1651954,15.00
151.47,14,follower,-35.3630175,149.1651954,15.00
151.97,14,follower,-35.3630087,149.1651954,15.00
152.47,14,follower,-35.3629990,149.1651954,15.00
152.97,14,follower,-35.3629891,149.1651954,15.00
153.47,14,follower,-35.3629802,149.1651954,15.00
153.97,14,follower,-35.3629709,149.1651954,15.00
154.47,14,follower,-35.3629624,149.1651954,15.00
154.97,14,follower,-35.3629529,149.1651954,15.00
155.47,14,follower,-35.3629440,149.1651954,15.00
155.97,14,follower,-35.3629350,149.1651954,15.00
156.47,14,follower,-35.3629261,149.1651954,15.00
156.97,14,follower,-35.3629167,149.1651954,15.00
157.47,14,follower,-35.3629074,149.1651954,15.00
157.97,14,follower,-35.3628984,149.1651954,15.00
158.47,14,follower,-35.3628894,149.1651954,15.00
158.97,14,follower,-35.3628805,149.1651954,15.00
159.47,14,follower,-35.3628717,149.1651954,15.00
159.97,14,follower,-35.3628629,149.1651954,15.00
160.47,14,follower,-35.3628562,149.1651954,15.00
160.97,14,follower,-35.3628554,149.1651954,15.00
161.47,14,follower,-35.3628591,149.1651969,15.00
161.97,14,follower,-35.3628623,149.1652031,15.00
162.47,14,follower,-35.3628624,149.1652153,15.00
162.97,14,follower,-35.3628622,149.1652340,15.01
163.47,14,follower,-35.3628623,149.1652540,15.01
163.97,14,follower,-35.3628625,149.1652689,15.00
164.47,14,follower,-35.3628631,149.1652805,15.00
164.97,14,follower,-35.3628637,149.1652919,15.00
165.47,14,follower,-35.3628641,149.1653034,15.00
165.97,14,follower,-35.3628644,149.1653148,15.00
166.47,14,follower,-35.3628644,149.1653260,15.00
166.97,14,follower,-35.3628644,149.1653371,15.00
167.47,14,follower,-35.3628644,149.1653481,15.00
167.97,14,follower,-35.3628644,149.1653590,15.00
168.47,14,follower,-35.3628644,149.1653701,15.00
168.97,14,follower,-35.3628644,149.1653826,15.00
169.47,14,follower,-35.3628643,149.1653943,15.00
169.97,14,follower,-35.3628643,149.1654055,15.00
170.47,14,follower,-35.3628643,149.1654157,15.00
170.97,14,follower,-35.3628643,149.1654274,15.00
171.47,14,follower,-35.3628643,149.1654382,15.00
171.97,14,follower,-35.3628643,149.1654496,15.00
172.47,14,follower,-35.3628642,149.1654602,15.00
172.97,14,follower,-35.3628642,149.1654715,15.00
173.47,14,follower,-35.3628643,149.1654828,15.00
173.97,14,follower,-35.3628644,149.1654939,15.00
174.47,14,follower,-35.3628644,149.1655049,15.00
174.98,14,follower,-35.3628644,149.1655159,15.00
175.47,14,follower,-35.3628644,149.1655251,15.00
175.97,14,follower,-35.3628644,149.1655275,15.00
176.48,14,follower,-35.3628652,149.1655236,15.00
176.97,14,follower,-35.3628695,149.1655190,15.00
177.47,14,follower,-35.3628784,149.1655185,15.00
177.97,14,follower,-35.3628927,149.1655188,15.01
178.47,14,follower,-35.3629092,149.1655188,15.01
178.97,14,follower,-35.3629222,149.1655184,15.00
179.47,14,follower,-35.3629318,149.1655176,15.00
179.98,14,follower,-35.3629411,149.1655167,15.00
180.47,14,follower,-35.3629505,149.1655161,15.00
180.97,14,follower,-35.3629599,149.1655159,15.00
181.47,14,follower,-35.3629691,149.1655158,15.00
181.98,14,follower,-35.3629782,149.1655158,15.00
182.47,14,follower,-35.3629872,149.1655158,15.00
182.98,14,follower,-35.3629961,149.1655159,15.00
183.48,14,follower,-35.3630050,149.1655159,15.00
183.97,14,follower,-35.3630145,149.1655159,15.00
184.48,14,follower,-35.3630241,149.1655159,15.00
184.98,14,follower,-35.3630336,149.1655159,15.00
185.47,14,follower,-35.3630423,149.1655159,15.00
185.98,14,follower,-35.3630519,149.1655159,15.00
186.48,14,follower,-35.3630608,149.1655159,15.00
186.97,14,follower,-35.3630698,149.1655159,15.00
187.47,14,follower,-35.3630783,149.1655159,15.00
187.98,14,follower,-35.3630878,149.1655159,15.00
188.47,14,follower,-35.3630966,149.1655159,15.00
188.97,14,follower,-35.3631058,149.1655159,15.00
189.47,14,follower,-35.3631145,149.1655159,15.00
189.98,14,follower,-35.3631234,149.1655159,15.00
190.47,14,follower,-35.3631308,149.1655160,15.00
190.97,14,follower,-35.3631345,149.1655158,15.00
191.48,14,follower,-35.3631326,149.1655151,15.00
191.97,14,follower,-35.3631290,149.1655106,15.00
192.48,14,follower,-35.3631282,149.1655005,15.00
192.98,14,follower,-35.3631283,149.1654837,15.01
193.48,14,follower,-35.3631282,149.1654635,15.01
193.98,14,follower,-35.3631279,149.1654470,15.00
194.48,14,follower,-35.3631273,149.1654351,15.00
194.98,14,follower,-35.3631267,149.1654237,15.00
195.47,14,follower,-35.3631261,149.1654121,15.00
195.98,14,follower,-35.3631258,149.1654005,15.00
196.47,14,follower,-35.3631257,149.1653890,15.00
196.98,14,follower,-35.3631257,149.1653778,15.00
197.48,14,follower,-35.3631257,149.1653668,15.00
197.98,14,follower,-35.3631257,149.1653559,15.00
198.48,14,follower,-35.3631257,149.1653450,15.00
198.98,14,follower,-35.3631257,149.1653342,15.00
199.48,14,follower,-35.3631257,149.1653233,15.00
199.98,14,follower,-35.3631257,149.1653124,15.00
200.48,14,follower,-35.3631257,149.1653015,15.00
200.98,14,follower,-35.3631257,149.1652897,15.00
201.48,14,follower,-35.3631258,149.1652783,15.00
201.98,14,follower,-35.3631258,149.1652667,15.00
202.47,14,follower,-35.3631258,149.1652550,15.00
202.98,14,follower,-35.3631258,149.1652437,15.00
203.48,14,follower,-35.3631258,149.1652335,15.00
203.98,14,follower,-35.3631258,149.1652220,15.00
204.48,14,follower,-35.3631258,149.1652112,15.00
204.98,14,follower,-35.3631258,149.1651999,15.00
205.48,14,follower,-35.3631258,149.1651898,15.00
205.98,14,follower,-35.3631258,149.1651836,15.00
206.48,14,follower,-35.3631257,149.1651847,15.00
206.98,14,follower,-35.3631255,149.1651886,15.00
207.48,14,follower,-35.3631254,149.1651901,15.00
207.98,14,follower,-35.3631254,149.1651905,15.00
208.48,14,follower,-35.3631255,149.1651907,15.00
208.98,14,follower,-35.3631256,149.1651910,15.00
209.48,14,follower,-35.3631256,149.1651915,15.00
209.98,14,follower,-35.3631257,149.1651920,15.00
210.48,14,follower,-35.3631258,149.1651924,15.00
210.98,14,follower,-35.3631258,149.1651926,15.00
46.95,15,follower,-35.3633382,149.1653647,2.23
47.45,15,follower,-35.3633382,149.1653647,3.39
47.95,15,follower,-35.3633382,149.1653647,4.67
48.45,15,follower,-35.3633382,149.1653647,5.95
48.95,15,follower,-35.3633381,149.1653647,7.19
49.45,15,follower,-35.3633381,149.1653647,8.42
49.95,15,follower,-35.3633381,149.1653647,9.66
50.45,15,follower,-35.3633381,149.1653647,10.90
50.95,15,follower,-35.3633381,149.1653647,12.13
51.45,15,follower,-35.3633381,149.1653647,13.28
51.95,15,follower,-35.3633381,149.1653647,14.67
52.45,15,follower,-35.3633381,149.1653646,16.31
52.95,15,follower,-35.3633381,149.1653646,17.53
53.45,15,follower,-35.3633381,149.1653645,18.37
53.95,15,follower,-35.3633381,149.1653645,18.94
54.45,15,follower,-35.3633381,149.1653645,19.25
54.95,15,follower,-35.3633381,149.1653645,19.33
55.45,15,follower,-35.3633381,149.1653645,19.18
55.95,15,follower,-35.3633381,149.1653645,18.77
56.45,15,follower,-35.3633381,149.1653645,18.11
56.95,15,follower,-35.3633381,149.1653645,17.33
57.45,15,follower,-35.3633381,149.1653645,16.56
57.95,15,follower,-35.3633381,149.1653645,15.84
58.45,15,follower,-35.3633381,149.1653645,15.28
58.95,15,follower,-35.3633381,149.1653645,15.00
59.45,15,follower,-35.3633381,149.1653645,14.96
59.95,15,follower,-35.3633381,149.1653645,15.00
60.45,15,follower,-35.3633381,149.1653645,15.02
60.95,15,follower,-35.3633381,149.1653645,15.02
61.45,15,follower,-35.3633381,149.1653645,15.02
61.95,15,follower,-35.3633381,149.1653645,15.01
62.45,15,follower,-35.3633381,149.1653646,15.01
62.95,15,follower,-35.3633381,149.1653646,15.01
63.45,15,follower,-35.3633381,149.1653646,15.01
63.95,15,follower,-35.3633381,149.1653646,15.01
64.45,15,follower,-35.3633381,149.1653646,15.01
64.95,15,follower,-35.3633381,149.1653646,15.00
65.45,15,follower,-35.3633381,149.1653646,15.00
65.95,15,follower,-35.3633381,149.1653645,15.00
66.45,15,follower,-35.3633381,149.1653645,15.00
66.95,15,follower,-35.3633381,149.1653645,15.00
67.45,15,follower,-35.3633381,149.1653645,15.00
67.95,15,follower,-35.3633381,149.1653645,15.00
68.45,15,follower,-35.3633381,149.1653645,15.00
68.95,15,follower,-35.3633381,149.1653645,15.00
69.45,15,follower,-35.3633381,149.1653645,15.00
69.95,15,follower,-35.3633381,149.1653645,15.00
70.45,15,follower,-35.3633381,149.1653646,15.00
70.95,15,follower,-35.3633381,149.1653646,15.00
71.45,15,follower,-35.3633381,149.1653646,15.00
71.95,15,follower,-35.3633381,149.1653646,15.00
72.45,15,follower,-35.3633381,149.1653646,15.00
72.95,15,follower,-35.3633381,149.1653646,15.00
73.45,15,follower,-35.3633381,149.1653646,15.00
73.95,15,follower,-35.3633381,149.1653646,15.00
74.45,15,follower,-35.3633381,149.1653646,15.00
74.95,15,follower,-35.3633381,149.1653646,15.00
75.45,15,follower,-35.3633381,149.1653646,15.00
75.95,15,follower,-35.3633381,149.1653645,15.00
76.45,15,follower,-35.3633381,149.1653645,15.00
76.95,15,follower,-35.3633381,149.1653645,15.00
77.45,15,follower,-35.3633381,149.1653645,15.00
77.95,15,follower,-35.3633381,149.1653645,15.00
78.45,15,follower,-35.3633381,149.1653645,15.00
78.96,15,follower,-35.3633381,149.1653645,15.00
79.46,15,follower,-35.3633381,149.1653645,15.00
79.96,15,follower,-35.3633381,149.1653645,15.00
80.45,15,follower,-35.3633381,149.1653645,15.00
80.95,15,follower,-35.3633381,149.1653645,15.00
81.45,15,follower,-35.3633381,149.1653645,15.00
81.95,15,follower,-35.3633381,149.1653645,15.00
82.45,15,follower,-35.3633381,149.1653645,15.00
82.96,15,follower,-35.3633381,149.1653646,15.00
83.45,15,follower,-35.3633381,149.1653646,15.00
83.96,15,follower,-35.3633381,149.1653646,15.00
84.45,15,follower,-35.3633381,149.1653646,15.00
84.96,15,follower,-35.3633381,149.1653646,15.00
85.45,15,follower,-35.3633381,149.1653646,15.00
85.96,15,follower,-35.3633381,149.1653646,15.00
86.45,15,follower,-35.3633381,149.1653646,15.00
86.95,15,follower,-35.3633381,149.1653646,15.00
87.45,15,follower,-35.3633381,149.1653646,15.00
87.95,15,follower,-35.3633381,149.1653646,15.00
88.46,15,follower,-35.3633381,149.1653646,15.00
88.96,15,follower,-35.3633381,149.1653645,15.00
89.46,15,follower,-35.3633381,149.1653645,15.00
89.95,15,follower,-35.3633381,149.1653645,15.00
90.46,15,follower,-35.3633381,149.1653645,15.00
90.95,15,follower,-35.3633381,149.1653645,15.00
91.45,15,follower,-35.3633381,149.1653645,15.00
91.95,15,follower,-35.3633381,149.1653645,15.00
92.45,15,follower,-35.3633381,149.1653645,15.00
92.96,15,follower,-35.3633381,149.1653645,15.00
93.45,15,follower,-35.3633381,149.1653646,15.00
93.96,15,follower,-35.3633381,149.1653646,15.00
94.46,15,follower,-35.3633381,149.1653646,15.00
94.96,15,follower,-35.3633381,149.1653646,15.00
95.45,15,follower,-35.3633381,149.1653646,15.00
95.96,15,follower,-35.3633381,149.1653646,15.00
96.46,15,follower,-35.3633381,149.1653646,15.00
96.96,15,follower,-35.3633381,149.1653646,15.00
97.45,15,follower,-35.3633381,149.1653646,15.00
97.96,15,follower,-35.3633381,149.1653646,15.00
98.46,15,follower,-35.3633381,149.1653646,15.00
98.96,15,follower,-35.3633381,149.1653646,15.00
99.46,15,follower,-35.3633381,149.1653646,15.00
99.95,15,follower,-35.3633381,149.1653646,15.00
100.46,15,follower,-35.3633381,149.1653646,15.00
100.96,15,follower,-35.3633381,149.1653646,15.00
101.46,15,follower,-35.3633381,149.1653646,15.00
101.96,15,follower,-35.3633381,149.1653646,15.00
102.46,15,follower,-35.3633381,149.1653646,15.00
102.96,15,follower,-35.3633381,149.1653646,15.00
103.46,15,follower,-35.3633381,149.1653646,15.00
103.96,15,follower,-35.3633381,149.1653646,15.00
104.46,15,follower,-35.3633381,149.1653646,15.00
104.96,15,follower,-35.3633381,149.1653646,15.00
105.45,15,follower,-35.3633381,149.1653646,15.00
105.96,15,follower,-35.3633381,149.1653646,15.00
106.45,15,follower,-35.3633381,149.1653646,15.00
106.96,15,follower,-35.3633381,149.1653646,15.00
107.46,15,follower,-35.3633381,149.1653646,15.00
107.96,15,follower,-35.3633381,149.1653646,15.00
108.46,15,follower,-35.3633381,149.1653646,15.00
108.96,15,follower,-35.3633381,149.1653646,15.00
109.46,15,follower,-35.3633381,149.1653646,15.00
109.96,15,follower,-35.3633381,149.1653646,15.00
110.46,15,follower,-35.3633381,149.1653646,15.00
110.96,15,follower,-35.3633381,149.1653646,15.00
111.46,15,follower,-35.3633381,149.1653646,15.00
111.96,15,follower,-35.3633381,149.1653646,15.00
112.46,15,follower,-35.3633381,149.1653646,15.00
112.96,15,follower,-35.3633381,149.1653646,15.00
113.46,15,follower,-35.3633381,149.1653646,15.00
113.96,15,follower,-35.3633381,149.1653646,15.00
114.46,15,follower,-35.3633381,149.1653646,15.00
114.96,15,follower,-35.3633381,149.1653646,15.00
115.46,15,follower,-35.3633381,149.1653646,15.00
115.96,15,follower,-35.3633381,149.1653646,15.00
116.46,15,follower,-35.3633381,149.1653646,15.00
116.96,15,follower,-35.3633381,149.1653646,15.00
117.46,15,follower,-35.3633381,149.1653646,15.00
117.96,15,follower,-35.3633381,149.1653646,15.00
118.46,15,follower,-35.3633381,149.1653646,15.00
118.96,15,follower,-35.3633381,149.1653646,15.00
119.46,15,follower,-35.3633381,149.1653646,15.00
119.96,15,follower,-35.3633381,149.1653646,15.00
120.46,15,follower,-35.3633381,149.1653646,15.00
120.96,15,follower,-35.3633381,149.1653646,15.00
121.46,15,follower,-35.3633381,149.1653646,15.00
121.96,15,follower,-35.3633381,149.1653646,15.00
122.46,15,follower,-35.3633381,149.1653646,15.00
122.96,15,follower,-35.3633381,149.1653646,15.00
123.46,15,follower,-35.3633381,149.1653646,15.00
123.96,15,follower,-35.3633381,149.1653646,15.00
124.46,15,follower,-35.3633381,149.1653646,15.00
124.96,15,follower,-35.3633381,149.1653646,15.00
125.46,15,follower,-35.3633381,149.1653646,15.00
125.96,15,follower,-35.3633381,149.1653646,15.00
126.46,15,follower,-35.3633381,149.1653646,15.00
126.96,15,follower,-35.3633381,149.1653646,15.00
127.46,15,follower,-35.3633381,149.1653646,15.00
127.96,15,follower,-35.3633381,149.1653646,15.00
128.46,15,follower,-35.3633381,149.1653646,15.00
128.96,15,follower,-35.3633381,149.1653646,15.00
129.46,15,follower,-35.3633381,149.1653646,15.00
129.96,15,follower,-35.3633381,149.1653646,15.00
130.46,15,follower,-35.3633381,149.1653646,15.00
130.96,15,follower,-35.3633381,149.1653646,15.00
131.46,15,follower,-35.3633381,149.1653646,15.00
131.96,15,follower,-35.3633381,149.1653646,15.00
132.46,15,follower,-35.3633381,149.1653646,15.00
132.96,15,follower,-35.3633381,149.1653646,15.00
133.46,15,follower,-35.3633381,149.1653646,15.00
133.97,15,follower,-35.3633381,149.1653646,15.00
134.46,15,follower,-35.3633381,149.1653646,15.00
134.96,15,follower,-35.3633381,149.1653646,15.00
135.46,15,follower,-35.3633381,149.1653646,15.00
135.96,15,follower,-35.3633381,149.1653646,15.00
136.46,15,follower,-35.3633381,149.1653646,15.00
136.97,15,follower,-35.3633381,149.1653646,15.00
137.46,15,follower,-35.3633381,149.1653646,15.00
137.96,15,follower,-35.3633381,149.1653646,15.00
138.47,15,follower,-35.3633381,149.1653646,15.00
138.97,15,follower,-35.3633381,149.1653646,15.00
139.47,15,follower,-35.3633381,149.1653646,15.00
139.96,15,follower,-35.3633381,149.1653646,15.00
140.46,15,follower,-35.3633381,149.1653646,15.00
140.96,15,follower,-35.3633381,149.1653646,15.00
141.47,15,follower,-35.3633381,149.1653646,15.00
141.96,15,follower,-35.3633381,149.1653646,15.00
142.47,15,follower,-35.3633381,149.1653646,15.00
142.97,15,follower,-35.3633381,149.1653646,15.00
143.47,15,follower,-35.3633381,149.1653646,15.00
143.97,15,follower,-35.3633381,149.1653646,15.00
144.47,15,follower,-35.3633381,149.1653646,15.00
144.97,15,follower,-35.3633379,149.1653645,15.00
145.46,15,follower,-35.3633344,149.1653644,15.00
145.96,15,follower,-35.3633250,149.1653642,15.00
146.46,15,follower,-35.3633129,149.1653642,15.00
146.97,15,follower,-35.3633028,149.1653642,15.00
147.47,15,follower,-35.3632937,149.1653643,15.00
147.97,15,follower,-35.3632847,149.1653643,15.00
148.47,15,follower,-35.3632754,149.1653643,15.00
148.96,15,follower,-35.3632660,149.1653643,15.00
149.47,15,follower,-35.3632567,149.1653643,15.00
149.96,15,follower,-35.3632475,149.1653643,15.00
150.47,15,follower,-35.3632384,149.1653643,15.00
150.97,15,follower,-35.3632295,149.1653643,15.00
151.47,15,follower,-35.3632206,149.1653643,15.00
151.97,15,follower,-35.3632118,149.1653643,15.00
152.47,15,follower,-35.3632029,149.1653643,15.00
152.96,15,follower,-35.3631939,149.1653643,15.00
153.47,15,follower,-35.3631850,149.1653643,15.00
153.97,15,follower,-35.3631761,149.1653643,15.00
154.47,15,follower,-35.3631672,149.1653643,15.00
154.97,15,follower,-35.3631583,149.1653643,15.00
155.47,15,follower,-35.3631489,149.1653643,15.00
155.97,15,follower,-35.3631397,149.1653643,15.00
156.47,15,follower,-35.3631305,149.1653643,15.00
156.97,15,follower,-35.3631205,149.1653643,15.00
157.47,15,follower,-35.3631115,149.1653643,15.00
157.97,15,follower,-35.3631022,149.1653643,15.00
158.47,15,follower,-35.3630936,149.1653643,15.00
158.97,15,follower,-35.3630845,149.1653643,15.00
159.47,15,follower,-35.3630758,149.1653643,15.00
159.97,15,follower,-35.3630668,149.1653643,15.00
160.47,15,follower,-35.3630603,149.1653643,15.00
160.97,15,follower,-35.3630597,149.1653644,15.00
161.47,15,follower,-35.3630634,149.1653661,15.00
161.97,15,follower,-35.3630662,149.1653726,15.00
162.47,15,follower,-35.3630663,149.1653852,15.00
162.97,15,follower,-35.3630661,149.1654043,15.01
163.47,15,follower,-35.3630661,149.1654241,15.01
163.97,15,follower,-35.3630663,149.1654385,15.00
164.47,15,follower,-35.3630669,149.1654501,15.00
164.97,15,follower,-35.3630675,149.1654616,15.00
165.47,15,follower,-35.3630679,149.1654732,15.00
165.97,15,follower,-35.3630682,149.1654846,15.00
166.47,15,follower,-35.3630682,149.1654959,15.00
166.97,15,follower,-35.3630682,149.1655070,15.00
167.47,15,follower,-35.3630681,149.1655180,15.00
167.97,15,follower,-35.3630681,149.1655290,15.00
168.47,15,follower,-35.3630681,149.1655399,15.00
168.97,15,follower,-35.3630681,149.1655507,15.00
169.47,15,follower,-35.3630681,149.1655617,15.00
169.97,15,follower,-35.3630681,149.1655726,15.00
170.47,15,follower,-35.3630681,149.1655835,15.00
170.97,15,follower,-35.3630681,149.1655943,15.00
171.47,15,follower,-35.3630681,149.1656053,15.00
171.97,15,follower,-35.3630681,149.1656162,15.00
172.47,15,follower,-35.3630681,149.1656274,15.00
172.97,15,follower,-35.3630681,149.1656396,15.00
173.47,15,follower,-35.3630681,149.1656509,15.00
173.97,15,follower,-35.3630681,149.1656627,15.00
174.47,15,follower,-35.3630681,149.1656733,15.00
174.97,15,follower,-35.3630681,149.1656847,15.00
175.47,15,follower,-35.3630682,149.1656937,15.00
175.97,15,follower,-35.3630683,149.1656961,15.00
176.47,15,follower,-35.3630690,149.1656921,15.00
176.97,15,follower,-35.3630732,149.1656874,15.00
177.47,15,follower,-35.3630820,149.1656870,15.00
177.97,15,follower,-35.3630961,149.1656874,15.01
178.47,15,follower,-35.3631129,149.1656875,15.01
178.97,15,follower,-35.3631266,149.1656872,15.00
179.47,15,follower,-35.3631365,149.1656865,15.00
179.97,15,follower,-35.3631458,149.1656856,15.00
180.47,15,follower,-35.3631553,149.1656850,15.00
180.97,15,follower,-35.3631647,149.1656848,15.00
181.47,15,follower,-35.3631739,149.1656847,15.00
181.97,15,follower,-35.3631830,149.1656847,15.00
182.47,15,follower,-35.3631920,149.1656847,15.00
182.97,15,follower,-35.3632009,149.1656847,15.00
183.47,15,follower,-35.3632098,149.1656848,15.00
183.97,15,follower,-35.3632187,149.1656848,15.00
184.47,15,follower,-35.3632276,149.1656848,15.00
184.97,15,follower,-35.3632364,149.1656848,15.00
185.47,15,follower,-35.3632453,149.1656848,15.00
185.97,15,follower,-35.3632542,149.1656848,15.00
186.47,15,follower,-35.3632631,149.1656848,15.00
186.97,15,follower,-35.3632720,149.1656848,15.00
187.48,15,follower,-35.3632809,149.1656848,15.00
187.98,15,follower,-35.3632899,149.1656848,15.00
188.47,15,follower,-35.3632994,149.1656848,15.00
188.97,15,follower,-35.3633092,149.1656848,15.00
189.48,15,follower,-35.3633182,149.1656848,15.00
189.98,15,follower,-35.3633276,149.1656848,15.00
190.48,15,follower,-35.3633351,149.1656848,15.00
190.98,15,follower,-35.3633384,149.1656847,15.00
191.48,15,follower,-35.3633362,149.1656837,15.00
191.97,15,follower,-35.3633329,149.1656788,15.00
192.48,15,follower,-35.3633322,149.1656679,15.00
192.97,15,follower,-35.3633322,149.1656504,15.01
193.47,15,follower,-35.3633320,149.1656303,15.01
193.98,15,follower,-35.3633317,149.1656146,15.00
194.48,15,follower,-35.3633311,149.1656028,15.00
194.97,15,follower,-35.3633304,149.1655914,15.00
195.47,15,follower,-35.3633299,149.1655798,15.00
195.97,15,follower,-35.3633296,149.1655682,15.00
196.48,15,follower,-35.3633295,149.1655568,15.00
196.97,15,follower,-35.3633295,149.1655457,15.00
197.47,15,follower,-35.3633295,149.1655346,15.00
197.98,15,follower,-35.3633295,149.1655236,15.00
198.48,15,follower,-35.3633295,149.1655127,15.00
198.97,15,follower,-35.3633295,149.1655018,15.00
199.48,15,follower,-35.3633295,149.1654909,15.00
199.97,15,follower,-35.3633295,149.1654800,15.00
200.48,15,follower,-35.3633295,149.1654690,15.00
200.98,15,follower,-35.3633295,149.1654581,15.00
201.48,15,follower,-35.3633295,149.1654472,15.00
201.97,15,follower,-35.3633295,149.1654363,15.00
202.48,15,follower,-35.3633296,149.1654253,15.00
202.98,15,follower,-35.3633296,149.1654144,15.00
203.48,15,follower,-35.3633296,149.1654035,15.00
203.98,15,follower,-35.3633296,149.1653926,15.00
204.48,15,follower,-35.3633296,149.1653817,15.00
204.98,15,follower,-35.3633296,149.1653709,15.00
205.48,15,follower,-35.3633296,149.1653608,15.00
205.98,15,follower,-35.3633296,149.1653544,15.00
206.48,15,follower,-35.3633295,149.1653547,15.00
206.98,15,follower,-35.3633294,149.1653575,15.00
207.48,15,follower,-35.3633293,149.1653589,15.00
207.98,15,follower,-35.3633293,149.1653593,15.00
208.48,15,follower,-35.3633293,149.1653596,15.00
208.98,15,follower,-35.3633293,149.1653599,15.00
209.48,15,follower,-35.3633294,149.1653604,15.00
209.98,15,follower,-35.3633295,149.1653609,15.00
210.48,15,follower,-35.3633296,149.1653613,15.00
210.98,15,follower,-35.3633296,149.1653615,15.00
46.95,16,follower,-35.3632787,149.1650606,2.23
47.45,16,follower,-35.3632786,149.1650606,3.39
47.95,16,follower,-35.3632786,149.1650605,4.67
48.45,16,follower,-35.3632786,149.1650605,5.95
48.95,16,follower,-35.3632786,149.1650605,7.19
49.45,16,follower,-35.3632786,149.1650605,8.42
49.95,16,follower,-35.3632786,149.1650605,9.66
50.45,16,follower,-35.3632786,149.1650605,10.90
50.95,16,follower,-35.3632786,149.1650606,12.13
51.45,16,follower,-35.3632786,149.1650606,13.27
51.95,16,follower,-35.3632786,149.1650606,14.62
52.45,16,follower,-35.3632786,149.1650606,16.26
52.95,16,follower,-35.3632786,149.1650605,17.50
53.45,16,follower,-35.3632786,149.1650605,18.35
53.95,16,follower,-35.3632786,149.1650605,18.93
54.45,16,follower,-35.3632786,149.1650605,19.25
54.95,16,follower,-35.3632786,149.1650605,19.34
55.45,16,follower,-35.3632786,149.1650605,19.19
55.95,16,follower,-35.3632786,149.1650605,18.79
56.45,16,follower,-35.3632786,149.1650605,18.14
56.95,16,follower,-35.3632786,149.1650605,17.36
57.45,16,follower,-35.3632786,149.1650605,16.59
57.95,16,follower,-35.3632786,149.1650605,15.87
58.45,16,follower,-35.3632786,149.1650605,15.30
58.95,16,follower,-35.3632786,149.1650605,15.00
59.45,16,follower,-35.3632786,149.1650605,14.95
59.95,16,follower,-35.3632786,149.1650605,15.00
60.45,16,follower,-35.3632786,149.1650605,15.02
60.95,16,follower,-35.3632786,149.1650605,15.02
61.45,16,follower,-35.3632786,149.1650605,15.02
61.95,16,follower,-35.3632786,149.1650606,15.01
62.45,16,follower,-35.3632786,149.1650606,15.01
62.95,16,follower,-35.3632786,149.1650606,15.01
63.45,16,follower,-35.3632786,149.1650606,15.01
63.95,16,follower,-35.3632786,149.1650606,15.01
64.46,16,follower,-35.3632786,149.1650606,15.01
64.95,16,follower,-35.3632786,149.1650606,15.00
65.45,16,follower,-35.3632786,149.1650605,15.00
65.95,16,follower,-35.3632786,149.1650605,15.00
66.45,16,follower,-35.3632786,149.1650605,15.00
66.96,16,follower,-35.3632786,149.1650605,15.00
67.45,16,follower,-35.3632786,149.1650605,15.00
67.95,16,follower,-35.3632786,149.1650605,15.00
68.45,16,follower,-35.3632786,149.1650605,15.00
68.96,16,follower,-35.3632786,149.1650605,15.00
69.45,16,follower,-35.3632786,149.1650605,15.00
69.95,16,follower,-35.3632786,149.1650606,15.00
70.45,16,follower,-35.3632786,149.1650606,15.00
70.96,16,follower,-35.3632786,149.1650606,15.00
71.45,16,follower,-35.3632786,149.1650606,15.00
71.96,16,follower,-35.3632786,149.1650606,15.00
72.45,16,follower,-35.3632786,149.1650606,15.00
72.96,16,follower,-35.3632786,149.1650606,15.00
73.45,16,follower,-35.3632786,149.1650606,15.00
73.96,16,follower,-35.3632786,149.1650606,15.00
74.46,16,follower,-35.3632786,149.1650605,15.00
74.96,16,follower,-35.3632786,149.1650605,15.00
75.46,16,follower,-35.3632786,149.1650605,15.00
75.96,16,follower,-35.3632786,149.1650605,15.00
76.46,16,follower,-35.3632786,149.1650605,15.00
76.95,16,follower,-35.3632786,149.1650605,15.00
77.45,16,follower,-35.3632786,149.1650605,15.00
77.95,16,follower,-35.3632786,149.1650605,15.00
78.46,16,follower,-35.3632786,149.1650605,15.00
78.96,16,follower,-35.3632786,149.1650605,15.00
79.46,16,follower,-35.3632786,149.1650605,15.00
79.95,16,follower,-35.3632786,149.1650605,15.00
80.45,16,follower,-35.3632786,149.1650606,15.00
80.96,16,follower,-35.3632786,149.1650606,15.00
81.45,16,follower,-35.3632786,149.1650606,15.00
81.95,16,follower,-35.3632786,149.1650606,15.00
82.45,16,follower,-35.3632786,149.1650606,15.00
82.96,16,follower,-35.3632786,149.1650606,15.00
83.46,16,follower,-35.3632786,149.1650606,15.00
83.96,16,follower,-35.3632786,149.1650606,15.00
84.46,16,follower,-35.3632786,149.1650606,15.00
84.96,16,follower,-35.3632786,149.1650606,15.00
85.46,16,follower,-35.3632786,149.1650606,15.00
85.96,16,follower,-35.3632786,149.1650606,15.00
86.46,16,follower,-35.3632786,149.1650606,15.00
86.95,16,follower,-35.3632786,149.1650606,15.00
87.45,16,follower,-35.3632786,149.1650606,15.00
87.96,16,follower,-35.3632786,149.1650606,15.00
88.46,16,follower,-35.3632786,149.1650606,15.00
88.95,16,follower,-35.3632786,149.1650606,15.00
89.45,16,follower,-35.3632786,149.1650606,15.00
89.96,16,follower,-35.3632786,149.1650606,15.00
90.46,16,follower,-35.3632786,149.1650605,15.00
90.96,16,follower,-35.3632786,149.1650605,15.00
91.45,16,follower,-35.3632786,149.1650605,15.00
91.96,16,follower,-35.3632786,149.1650605,15.00
92.46,16,follower,-35.3632786,149.1650605,15.00
92.96,16,follower,-35.3632786,149.1650605,15.00
93.46,16,follower,-35.3632786,149.1650605,15.00
93.95,16,follower,-35.3632786,149.1650605,15.00
94.46,16,follower,-35.3632786,149.1650606,15.00
94.96,16,follower,-35.3632786,149.1650606,15.00
95.46,16,follower,-35.3632786,149.1650606,15.00
95.96,16,follower,-35.3632786,149.1650606,15.00
96.46,16,follower,-35.3632786,149.1650606,15.00
96.96,16,follower,-35.3632786,149.1650606,15.00
97.46,16,follower,-35.3632786,149.1650606,15.00
97.96,16,follower,-35.3632786,149.1650606,15.00
98.46,16,follower,-35.3632786,149.1650606,15.00
98.96,16,follower,-35.3632786,149.1650606,15.00
99.46,16,follower,-35.3632786,149.1650606,15.00
99.96,16,follower,-35.3632786,149.1650606,15.00
100.46,16,follower,-35.3632786,149.1650606,15.00
100.96,16,follower,-35.3632786,149.1650606,15.00
101.46,16,follower,-35.3632786,149.1650606,15.00
101.96,16,follower,-35.3632786,149.1650606,15.00
102.46,16,follower,-35.3632786,149.1650606,15.00
102.96,16,follower,-35.3632786,149.1650606,15.00
103.46,16,follower,-35.3632786,149.1650606,15.00
103.96,16,follower,-35.3632786,149.1650606,15.00
104.46,16,follower,-35.3632786,149.1650606,15.00
104.96,16,follower,-35.3632786,149.1650606,15.00
105.46,16,follower,-35.3632786,149.1650606,15.00
105.96,16,follower,-35.3632786,149.1650606,15.00
106.46,16,follower,-35.3632786,149.1650606,15.00
106.96,16,follower,-35.3632786,149.1650606,15.00
107.46,16,follower,-35.3632786,149.1650606,15.00
107.96,16,follower,-35.3632786,149.1650606,15.00
108.46,16,follower,-35.3632786,149.1650606,15.00
108.96,16,follower,-35.3632786,149.1650606,15.00
109.46,16,follower,-35.3632786,149.1650606,15.00
109.96,16,follower,-35.3632786,149.1650606,15.00
110.46,16,follower,-35.3632786,149.1650606,15.00
110.96,16,follower,-35.3632786,149.1650606,15.00
111.46,16,follower,-35.3632786,149.1650606,15.00
111.96,16,follower,-35.3632786,149.1650606,15.00
112.46,16,follower,-35.3632786,149.1650606,15.00
112.96,16,follower,-35.3632786,149.1650606,15.00
113.46,16,follower,-35.3632786,149.1650606,15.00
113.96,16,follower,-35.3632786,149.1650606,15.00
114.46,16,follower,-35.3632786,149.1650606,15.00
114.96,16,follower,-35.3632786,149.1650606,15.00
115.46,16,follower,-35.3632786,149.1650606,15.00
115.96,16,follower,-35.3632786,149.1650606,15.00
116.46,16,follower,-35.3632786,149.1650606,15.00
116.96,16,follower,-35.3632786,149.1650606,15.00
117.46,16,follower,-35.3632786,149.1650606,15.00
117.96,16,follower,-35.3632786,149.1650606,15.00
118.46,16,follower,-35.3632786,149.1650606,15.00
118.96,16,follower,-35.3632786,149.1650606,15.00
119.47,16,follower,-35.3632786,149.1650606,15.00
119.96,16,follower,-35.3632786,149.1650606,15.00
120.46,16,follower,-35.3632786,149.1650606,15.00
120.96,16,follower,-35.3632786,149.1650606,15.00
121.46,16,follower,-35.3632786,149.1650606,15.00
121.97,16,follower,-35.3632786,149.1650606,15.00
122.46,16,follower,-35.3632786,149.1650606,15.00
122.96,16,follower,-35.3632786,149.1650606,15.00
123.46,16,follower,-35.3632786,149.1650606,15.00
123.97,16,follower,-35.3632786,149.1650606,15.00
124.46,16,follower,-35.3632786,149.1650606,15.00
124.97,16,follower,-35.3632786,149.1650606,15.00
125.47,16,follower,-35.3632786,149.1650606,15.00
125.97,16,follower,-35.3632786,149.1650606,15.00
126.46,16,follower,-35.3632786,149.1650606,15.00
126.96,16,follower,-35.3632786,149.1650606,15.00
127.47,16,follower,-35.3632786,149.1650606,15.00
127.97,16,follower,-35.3632786,149.1650606,15.00
128.46,16,follower,-35.3632786,149.1650606,15.00
128.96,16,follower,-35.3632787,149.1650606,15.00
129.47,16,follower,-35.3632787,149.1650606,15.00
129.96,16,follower,-35.3632786,149.1650606,15.00
130.47,16,follower,-35.3632786,149.1650606,15.00
130.96,16,follower,-35.3632786,149.1650606,15.00
131.46,16,follower,-35.3632786,149.1650606,15.00
131.97,16,follower,-35.3632786,149.1650606,15.00
132.46,16,follower,-35.3632786,149.1650606,15.00
132.97,16,follower,-35.3632786,149.1650606,15.00
133.47,16,follower,-35.3632786,149.1650606,15.00
133.97,16,follower,-35.3632786,149.1650606,15.00
134.47,16,follower,-35.3632786,149.1650606,15.00
134.96,16,follower,-35.3632786,149.1650606,15.00
135.47,16,follower,-35.3632786,149.1650606,15.00
135.97,16,follower,-35.3632786,149.1650606,15.00
136.47,16,follower,-35.3632786,149.1650606,15.00
136.97,16,follower,-35.3632786,149.1650606,15.00
137.47,16,follower,-35.3632786,149.1650606,15.00
137.97,16,follower,-35.3632786,149.1650606,15.00
138.47,16,follower,-35.3632786,149.1650606,15.00
138.97,16,follower,-35.3632786,149.1650606,15.00
139.47,16,follower,-35.3632786,149.1650606,15.00
139.97,16,follower,-35.3632786,149.1650606,15.00
140.47,16,follower,-35.3632786,149.1650606,15.00
140.97,16,follower,-35.3632786,149.1650606,15.00
141.46,16,follower,-35.3632786,149.1650606,15.00
141.97,16,follower,-35.3632786,149.1650606,15.00
142.47,16,follower,-35.3632786,149.1650606,15.00
142.97,16,follower,-35.3632786,149.1650606,15.00
143.46,16,follower,-35.3632786,149.1650606,15.00
143.97,16,follower,-35.3632786,149.1650606,15.00
144.47,16,follower,-35.3632786,149.1650606,15.00
144.97,16,follower,-35.3632785,149.1650605,15.00
145.47,16,follower,-35.3632759,149.1650604,15.00
145.97,16,follower,-35.3632673,149.1650602,15.00
146.47,16,follower,-35.3632553,149.1650602,15.00
146.97,16,follower,-35.3632449,149.1650602,15.00
147.47,16,follower,-35.3632357,149.1650603,15.00
147.96,16,follower,-35.3632267,149.1650603,15.00
148.47,16,follower,-35.3632174,149.1650603,15.00
148.97,16,follower,-35.3632081,149.1650603,15.00
149.47,16,follower,-35.3631981,149.1650603,15.00
149.97,16,follower,-35.3631878,149.1650603,15.00
150.47,16,follower,-35.3631788,149.1650603,15.00
150.97,16,follower,-35.3631694,149.1650603,15.00
151.47,16,follower,-35.3631608,149.1650603,15.00
151.97,16,follower,-35.3631513,149.1650603,15.00
152.47,16,follower,-35.3631423,149.1650603,15.00
152.97,16,follower,-35.3631329,149.1650603,15.00
153.47,16,follower,-35.3631237,149.1650603,15.00
153.97,16,follower,-35.3631147,149.1650603,15.00
154.47,16,follower,-35.3631057,149.1650603,15.00
154.97,16,follower,-35.3630968,149.1650603,15.00
155.47,16,follower,-35.3630880,149.1650603,15.00
155.97,16,follower,-35.3630791,149.1650603,15.00
156.47,16,follower,-35.3630702,149.1650603,15.00
156.97,16,follower,-35.3630613,149.1650603,15.00
157.47,16,follower,-35.3630524,149.1650603,15.00
157.97,16,follower,-35.3630435,149.1650603,15.00
158.47,16,follower,-35.3630347,149.1650603,15.00
158.97,16,follower,-35.3630258,149.1650603,15.00
159.47,16,follower,-35.3630170,149.1650603,15.00
159.97,16,follower,-35.3630082,149.1650603,15.00
160.47,16,follower,-35.3630010,149.1650603,15.00
160.97,16,follower,-35.3629995,149.1650603,15.00
161.47,16,follower,-35.3630029,149.1650614,15.00
161.97,16,follower,-35.3630064,149.1650670,15.00
162.47,16,follower,-35.3630067,149.1650784,15.00
162.97,16,follower,-35.3630065,149.1650965,15.01
163.47,16,follower,-35.3630065,149.1651168,15.01
163.97,16,follower,-35.3630068,149.1651323,15.00
164.47,16,follower,-35.3630073,149.1651442,15.00
164.97,16,follower,-35.3630079,149.1651558,15.00
165.47,16,follower,-35.3630084,149.1651681,15.00
165.97,16,follower,-35.3630086,149.1651799,15.00
166.47,16,follower,-35.3630087,149.1651916,15.00
166.97,16,follower,-35.3630087,149.1652036,15.00
167.47,16,follower,-35.3630087,149.1652144,15.00
167.97,16,follower,-35.3630087,149.1652263,15.00
168.47,16,follower,-35.3630087,149.1652373,15.00
168.97,16,follower,-35.3630087,149.1652487,15.00
169.47,16,follower,-35.3630087,149.1652592,15.00
169.97,16,follower,-35.3630087,149.1652705,15.00
170.47,16,follower,-35.3630086,149.1652812,15.00
170.97,16,follower,-35.3630086,149.1652925,15.00
171.47,16,follower,-35.3630086,149.1653038,15.00
171.97,16,follower,-35.3630086,149.1653148,15.00
172.47,16,follower,-35.3630086,149.1653257,15.00
172.97,16,follower,-35.3630086,149.1653366,15.00
173.48,16,follower,-35.3630086,149.1653474,15.00
173.97,16,follower,-35.3630086,149.1653582,15.00
174.47,16,follower,-35.3630086,149.1653691,15.00
174.97,16,follower,-35.3630087,149.1653800,15.00
175.47,16,follower,-35.3630087,149.1653894,15.00
175.97,16,follower,-35.3630087,149.1653925,15.00
176.48,16,follower,-35.3630093,149.1653890,15.00
176.98,16,follower,-35.3630132,149.1653841,15.00
177.47,16,follower,-35.3630217,149.1653833,15.00
177.97,16,follower,-35.3630356,149.1653836,15.01
178.47,16,follower,-35.3630522,149.1653836,15.01
178.98,16,follower,-35.3630657,149.1653833,15.00
179.47,16,follower,-35.3630754,149.1653825,15.00
179.97,16,follower,-35.3630846,149.1653817,15.00
180.47,16,follower,-35.3630942,149.1653811,15.00
180.97,16,follower,-35.3631047,149.1653808,15.00
181.48,16,follower,-35.3631143,149.1653807,15.00
181.98,16,follower,-35.3631240,149.1653808,15.00
182.48,16,follower,-35.3631326,149.1653808,15.00
182.97,16,follower,-35.3631421,149.1653808,15.00
183.47,16,follower,-35.3631510,149.1653808,15.00
183.97,16,follower,-35.3631603,149.1653808,15.00
184.48,16,follower,-35.3631689,149.1653808,15.00
184.97,16,follower,-35.3631781,149.1653808,15.00
185.47,16,follower,-35.3631873,149.1653808,15.00
185.97,16,follower,-35.3631964,149.1653808,15.00
186.48,16,follower,-35.3632053,149.1653808,15.00
186.98,16,follower,-35.3632143,149.1653808,15.00
187.48,16,follower,-35.3632233,149.1653808,15.00
187.98,16,follower,-35.3632322,149.1653808,15.00
188.47,16,follower,-35.3632411,149.1653808,15.00
188.98,16,follower,-35.3632499,149.1653808,15.00
189.48,16,follower,-35.3632588,149.1653808,15.00
189.97,16,follower,-35.3632677,149.1653808,15.00
190.47,16,follower,-35.3632758,149.1653808,15.00
190.98,16,follower,-35.3632797,149.1653808,15.00
191.48,16,follower,-35.3632778,149.1653804,15.00
191.98,16,follower,-35.3632735,149.1653766,15.00
192.48,16,follower,-35.3632722,149.1653675,15.00
192.98,16,follower,-35.3632724,149.1653519,15.01
193.47,16,follower,-35.3632724,149.1653319,15.01
193.98,16,follower,-35.3632723,149.1653142,15.01
194.48,16,follower,-35.3632718,149.1653017,15.00
194.98,16,follower,-35.3632711,149.1652903,15.00
195.47,16,follower,-35.3632705,149.1652787,15.00
195.98,16,follower,-35.3632701,149.1652662,15.00
196.48,16,follower,-35.3632700,149.1652539,15.00
196.98,16,follower,-35.3632700,149.1652418,15.00
197.47,16,follower,-35.3632700,149.1652311,15.00
197.98,16,follower,-35.3632700,149.1652194,15.00
198.48,16,follower,-35.3632700,149.1652085,15.00
198.98,16,follower,-35.3632700,149.1651972,15.00
199.48,16,follower,-35.3632700,149.1651866,15.00
199.98,16,follower,-35.3632700,149.1651753,15.00
200.48,16,follower,-35.3632700,149.1651640,15.00
200.98,16,follower,-35.3632700,149.1651530,15.00
201.48,16,follower,-35.3632700,149.1651420,15.00
201.98,16,follower,-35.3632700,149.1651311,15.00
202.48,16,follower,-35.3632700,149.1651201,15.00
202.98,16,follower,-35.3632700,149.1651091,15.00
203.48,16,follower,-35.3632700,149.1650982,15.00
203.98,16,follower,-35.3632700,149.1650872,15.00
204.48,16,follower,-35.3632700,149.1650763,15.00
204.98,16,follower,-35.3632700,149.1650654,15.00
205.48,16,follower,-35.3632700,149.1650551,15.00
205.98,16,follower,-35.3632700,149.1650486,15.00
206.48,16,follower,-35.3632700,149.1650493,15.00
206.98,16,follower,-35.3632699,149.1650533,15.00
207.48,16,follower,-35.3632698,149.1650550,15.00
207.98,16,follower,-35.3632698,149.1650554,15.00
208.48,16,follower,-35.3632698,149.1650556,15.00
208.98,16,follower,-35.3632699,149.1650559,15.00
209.48,16,follower,-35.3632699,149.1650564,15.00
209.98,16,follower,-35.3632700,149.1650568,15.00
210.48,16,follower,-35.3632700,149.1650572,15.00
210.98,16,follower,-35.3632700,149.1650575,15.00
46.95,17,follower,-35.3631509,149.1653434,2.23
47.45,17,follower,-35.3631509,149.1653434,3.39
47.95,17,follower,-35.3631509,149.1653434,4.67
48.45,17,follower,-35.3631509,149.1653434,5.95
48.95,17,follower,-35.3631508,149.1653434,7.19
49.45,17,follower,-35.3631508,149.1653434,8.42
49.95,17,follower,-35.3631508,149.1653434,9.66
50.45,17,follower,-35.3631508,149.1653434,10.90
50.95,17,follower,-35.3631508,149.1653434,12.13
51.45,17,follower,-35.3631508,149.1653434,13.27
51.95,17,follower,-35.3631509,149.1653434,14.64
52.45,17,follower,-35.3631509,149.1653433,16.29
52.95,17,follower,-35.3631509,149.1653433,17.52
53.45,17,follower,-35.3631509,149.1653432,18.37
53.95,17,follower,-35.3631509,149.1653432,18.94
54.45,17,follower,-35.3631509,149.1653432,19.26
54.95,17,follower,-35.3631509,149.1653432,19.34
55.45,17,follower,-35.3631509,149.1653432,19.19
55.95,17,follower,-35.3631509,149.1653432,18.79
56.45,17,follower,-35.3631509,149.1653432,18.13
56.95,17,follower,-35.3631509,149.1653431,17.36
57.45,17,follower,-35.3631509,149.1653431,16.59
57.95,17,follower,-35.3631509,149.1653431,15.86
58.45,17,follower,-35.3631509,149.1653431,15.30
58.95,17,follower,-35.3631509,149.1653431,15.00
59.45,17,follower,-35.3631509,149.1653431,14.95
59.95,17,follower,-35.3631509,149.1653431,15.00
60.45,17,follower,-35.3631509,149.1653431,15.02
60.95,17,follower,-35.3631509,149.1653432,15.02
61.45,17,follower,-35.3631509,149.1653432,15.02
61.95,17,follower,-35.3631509,149.1653432,15.01
62.45,17,follower,-35.3631509,149.1653433,15.01
62.96,17,follower,-35.3631509,149.1653433,15.01
63.45,17,follower,-35.3631509,149.1653433,15.01
63.95,17,follower,-35.3631509,149.1653433,15.01
64.45,17,follower,-35.3631509,149.1653433,15.01
64.95,17,follower,-35.3631509,149.1653433,15.00
65.46,17,follower,-35.3631509,149.1653433,15.00
65.95,17,follower,-35.3631509,149.1653433,15.00
66.45,17,follower,-35.3631509,149.1653433,15.00
66.96,17,follower,-35.3631509,149.1653433,15.00
67.45,17,follower,-35.3631509,149.1653433,15.00
67.96,17,follower,-35.3631509,149.1653433,15.00
68.45,17,follower,-35.3631509,149.1653433,15.00
68.95,17,follower,-35.3631509,149.1653433,15.00
69.45,17,follower,-35.3631509,149.1653433,15.00
69.95,17,follower,-35.3631509,149.1653433,15.00
70.45,17,follower,-35.3631509,149.1653433,15.00
70.96,17,follower,-35.3631509,149.1653433,15.00
71.45,17,follower,-35.3631509,149.1653433,15.00
71.95,17,follower,-35.3631509,149.1653433,15.00
72.46,17,follower,-35.3631509,149.1653433,15.00
72.95,17,follower,-35.3631509,149.1653433,15.00
73.45,17,follower,-35.3631509,149.1653433,15.00
73.96,17,follower,-35.3631509,149.1653433,15.00
74.46,17,follower,-35.3631509,149.1653433,15.00
74.95,17,follower,-35.3631509,149.1653433,15.00
75.46,17,follower,-35.3631509,149.1653433,15.00
75.96,17,follower,-35.3631509,149.1653433,15.00
76.46,17,follower,-35.3631509,149.1653433,15.00
76.95,17,follower,-35.3631509,149.1653433,15.00
77.45,17,follower,-35.3631509,149.1653433,15.00
77.96,17,follower,-35.3631509,149.1653433,15.00
78.45,17,follower,-35.3631509,149.1653432,15.00
78.96,17,follower,-35.3631509,149.1653432,15.00
79.45,17,follower,-35.3631509,149.1653432,15.00
79.96,17,follower,-35.3631509,149.1653432,15.00
80.46,17,follower,-35.3631509,149.1653432,15.00
80.95,17,follower,-35.3631509,149.1653432,15.00
81.46,17,follower,-35.3631509,149.1653432,15.00
81.96,17,follower,-35.3631509,149.1653432,15.00
82.46,17,follower,-35.3631509,149.1653432,15.00
82.96,17,follower,-35.3631509,149.1653432,15.00
83.46,17,follower,-35.3631509,149.1653432,15.00
83.96,17,follower,-35.3631509,149.1653433,15.00
84.46,17,follower,-35.3631509,149.1653433,15.00
84.96,17,follower,-35.3631509,149.1653433,15.00
85.45,17,follower,-35.3631509,149.1653433,15.00
85.96,17,follower,-35.3631509,149.1653433,15.00
86.46,17,follower,-35.3631509,149.1653433,15.00
86.96,17,follower,-35.3631509,149.1653433,15.00
87.46,17,follower,-35.3631509,149.1653433,15.00
87.96,17,follower,-35.3631509,149.1653433,15.00
88.46,17,follower,-35.3631509,149.1653433,15.00
88.96,17,follower,-35.3631509,149.1653433,15.00
89.46,17,follower,-35.3631509,149.1653432,15.00
89.96,17,follower,-35.3631509,149.1653432,15.00
90.46,17,follower,-35.3631509,149.1653432,15.00
90.96,17,follower,-35.3631509,149.1653432,15.00
91.46,17,follower,-35.3631509,149.1653432,15.00
91.96,17,follower,-35.3631509,149.1653432,15.00
92.46,17,follower,-35.3631509,149.1653432,15.00
92.96,17,follower,-35.3631509,149.1653432,15.00
93.46,17,follower,-35.3631509,149.1653432,15.00
93.96,17,follower,-35.3631509,149.1653432,15.00
94.46,17,follower,-35.3631509,149.1653432,15.00
94.96,17,follower,-35.3631509,149.1653432,15.00
95.46,17,follower,-35.3631509,149.1653432,15.00
95.96,17,follower,-35.3631509,149.1653433,15.00
96.46,17,follower,-35.3631509,149.1653433,15.00
96.96,17,follower,-35.3631509,149.1653433,15.00
97.46,17,follower,-35.3631509,149.1653433,15.00
97.96,17,follower,-35.3631509,149.1653433,15.00
98.46,17,follower,-35.3631509,149.1653433,15.00
98.96,17,follower,-35.3631509,149.1653433,15.00
99.46,17,follower,-35.3631509,149.1653433,15.00
99.96,17,follower,-35.3631509,149.1653433,15.00
100.46,17,follower,-35.3631509,149.1653433,15.00
100.96,17,follower,-35.3631509,149.1653433,15.00
101.46,17,follower,-35.3631509,149.1653433,15.00
101.96,17,follower,-35.3631509,149.1653433,15.00
102.46,17,follower,-35.3631509,149.1653433,15.00
102.96,17,follower,-35.3631509,149.1653433,15.00
103.46,17,follower,-35.3631509,149.1653433,15.00
103.96,17,follower,-35.3631509,149.1653433,15.00
104.46,17,follower,-35.3631509,149.1653433,15.00
104.96,17,follower,-35.3631509,149.1653433,15.00
105.46,17,follower,-35.3631509,149.1653433,15.00
105.96,17,follower,-35.3631509,149.1653433,15.00
106.46,17,follower,-35.3631509,149.1653433,15.00
106.96,17,follower,-35.3631509,149.1653433,15.00
107.46,17,follower,-35.3631509,149.1653433,15.00
107.96,17,follower,-35.3631509,149.1653433,15.00
108.46,17,follower,-35.3631509,149.1653433,15.00
108.96,17,follower,-35.3631509,149.1653433,15.00
109.46,17,follower,-35.3631509,149.1653433,15.00
109.96,17,follower,-35.3631509,149.1653433,15.00
110.46,17,follower,-35.3631509,149.1653433,15.00
110.96,17,follower,-35.3631509,149.1653433,15.00
111.46,17,follower,-35.3631509,149.1653433,15.00
111.96,17,follower,-35.3631509,149.1653433,15.00
112.46,17,follower,-35.3631509,149.1653433,15.00
112.96,17,follower,-35.3631509,149.1653433,15.00
113.46,17,follower,-35.3631509,149.1653433,15.00
113.96,17,follower,-35.3631509,149.1653433,15.00
114.46,17,follower,-35.3631509,149.1653433,15.00
114.96,17,follower,-35.3631509,149.1653433,15.00
115.46,17,follower,-35.3631509,149.1653433,15.00
115.96,17,follower,-35.3631509,149.1653433,15.00
116.46,17,follower,-35.3631509,149.1653433,15.00
116.96,17,follower,-35.3631509,149.1653433,15.00
117.46,17,follower,-35.3631509,149.1653433,15.00
117.96,17,follower,-35.3631509,149.1653433,15.00
118.46,17,follower,-35.3631509,149.1653433,15.00
118.96,17,follower,-35.3631509,149.1653433,15.00
119.46,17,follower,-35.3631509,149.1653433,15.00
119.97,17,follower,-35.3631509,149.1653433,15.00
120.46,17,follower,-35.3631509,149.1653433,15.00
120.96,17,follower,-35.3631509,149.1653433,15.00
121.46,17,follower,-35.3631509,149.1653433,15.00
121.96,17,follower,-35.3631509,149.1653433,15.00
122.46,17,follower,-35.3631509,149.1653433,15.00
122.96,17,follower,-35.3631509,149.1653433,15.00
123.46,17,follower,-35.3631509,149.1653433,15.00
123.97,17,follower,-35.3631509,149.1653433,15.00
124.47,17,follower,-35.3631509,149.1653433,15.00
124.96,17,follower,-35.3631509,149.1653433,15.00
125.47,17,follower,-35.3631509,149.1653433,15.00
125.96,17,follower,-35.3631509,149.1653433,15.00
126.46,17,follower,-35.3631509,149.1653433,15.00
126.97,17,follower,-35.3631509,149.1653433,15.00
127.47,17,follower,-35.3631509,149.1653433,15.00
127.97,17,follower,-35.3631509,149.1653433,15.00
128.47,17,follower,-35.3631509,149.1653433,15.00
128.97,17,follower,-35.3631509,149.1653433,15.00
129.47,17,follower,-35.3631509,149.1653433,15.00
129.97,17,follower,-35.3631509,149.1653433,15.00
130.47,17,follower,-35.3631509,149.1653433,15.00
130.96,17,follower,-35.3631509,149.1653433,15.00
131.46,17,follower,-35.3631509,149.1653433,15.00
131.97,17,follower,-35.3631509,149.1653433,15.00
132.46,17,follower,-35.3631509,149.1653433,15.00
132.97,17,follower,-35.3631509,149.1653433,15.00
133.46,17,follower,-35.3631509,149.1653433,15.00
133.96,17,follower,-35.3631509,149.1653433,15.00
134.46,17,follower,-35.3631509,149.1653433,15.00
134.97,17,follower,-35.3631509,149.1653433,15.00
135.46,17,follower,-35.3631509,149.1653433,15.00
135.97,17,follower,-35.3631509,149.1653433,15.00
136.47,17,follower,-35.3631509,149.1653433,15.00
136.96,17,follower,-35.3631509,149.1653433,15.00
137.46,17,follower,-35.3631509,149.1653433,15.00
137.97,17,follower,-35.3631509,149.1653433,15.00
138.47,17,follower,-35.3631509,149.1653433,15.00
138.97,17,follower,-35.3631509,149.1653433,15.00
139.46,17,follower,-35.3631509,149.1653433,15.00
139.97,17,follower,-35.3631509,149.1653433,15.00
140.47,17,follower,-35.3631509,149.1653433,15.00
140.97,17,follower,-35.3631509,149.1653433,15.00
141.47,17,follower,-35.3631509,149.1653433,15.00
141.97,17,follower,-35.3631509,149.1653433,15.00
142.47,17,follower,-35.3631509,149.1653433,15.00
142.97,17,follower,-35.3631509,149.1653433,15.00
143.47,17,follower,-35.3631509,149.1653433,15.00
143.96,17,follower,-35.3631509,149.1653433,15.00
144.47,17,follower,-35.3631509,149.1653433,15.00
144.97,17,follower,-35.3631507,149.1653433,15.00
145.47,17,follower,-35.3631474,149.1653431,15.00
145.97,17,follower,-35.3631382,149.1653429,15.00
146.47,17,follower,-35.3631260,149.1653428,15.00
146.97,17,follower,-35.3631156,149.1653429,15.00
147.47,17,follower,-35.3631064,149.1653429,15.00
147.97,17,follower,-35.3630973,149.1653430,15.00
148.47,17,follower,-35.3630880,149.1653430,15.00
148.97,17,follower,-35.3630786,149.1653430,15.00
149.47,17,follower,-35.3630693,149.1653430,15.00
149.97,17,follower,-35.3630601,149.1653430,15.00
150.47,17,follower,-35.3630510,149.1653430,15.00
150.97,17,follower,-35.3630420,149.1653430,15.00
151.47,17,follower,-35.3630331,149.1653430,15.00
151.97,17,follower,-35.3630242,149.1653430,15.00
152.47,17,follower,-35.3630153,149.1653430,15.00
152.97,17,follower,-35.3630064,149.1653430,15.00
153.47,17,follower,-35.3629975,149.1653430,15.00
153.97,17,follower,-35.3629887,149.1653430,15.00
154.47,17,follower,-35.3629798,149.1653430,15.00
154.97,17,follower,-35.3629710,149.1653430,15.00
155.47,17,follower,-35.3629616,149.1653430,15.00
155.97,17,follower,-35.3629524,149.1653430,15.00
156.47,17,follower,-35.3629433,149.1653430,15.00
156.97,17,follower,-35.3629333,149.1653430,15.00
157.47,17,follower,-35.3629243,149.1653430,15.00
157.97,17,follower,-35.3629150,149.1653430,15.00
158.47,17,follower,-35.3629064,149.1653430,15.00
158.97,17,follower,-35.3628973,149.1653430,15.00
159.47,17,follower,-35.3628885,149.1653430,15.00
159.97,17,follower,-35.3628795,149.1653430,15.00
160.47,17,follower,-35.3628731,149.1653430,15.00
160.97,17,follower,-35.3628726,149.1653431,15.00
161.47,17,follower,-35.3628764,149.1653449,15.00
161.97,17,follower,-35.3628792,149.1653515,15.00
162.47,17,follower,-35.3628791,149.1653643,15.00
162.97,17,follower,-35.3628790,149.1653834,15.01
163.47,17,follower,-35.3628789,149.1654032,15.01
163.97,17,follower,-35.3628791,149.1654175,15.00
164.47,17,follower,-35.3628797,149.1654290,15.00
164.97,17,follower,-35.3628803,149.1654405,15.00
165.47,17,follower,-35.3628807,149.1654521,15.00
165.97,17,follower,-35.3628809,149.1654635,15.00
166.47,17,follower,-35.3628810,149.1654748,15.00
166.97,17,follower,-35.3628810,149.1654859,15.00
167.47,17,follower,-35.3628809,149.1654969,15.00
167.97,17,follower,-35.3628809,149.1655079,15.00
168.48,17,follower,-35.3628809,149.1655188,15.00
168.98,17,follower,-35.3628809,149.1655297,15.00
169.48,17,follower,-35.3628809,149.1655406,15.00
169.97,17,follower,-35.3628809,149.1655516,15.00
170.47,17,follower,-35.3628809,149.1655624,15.00
170.97,17,follower,-35.3628809,149.1655733,15.00
171.47,17,follower,-35.3628809,149.1655842,15.00
171.97,17,follower,-35.3628809,149.1655951,15.00
172.47,17,follower,-35.3628809,149.1656067,15.00
172.98,17,follower,-35.3628809,149.1656188,15.00
173.48,17,follower,-35.3628809,149.1656297,15.00
173.97,17,follower,-35.3628809,149.1656414,15.00
174.48,17,follower,-35.3628809,149.1656522,15.00
174.97,17,follower,-35.3628809,149.1656636,15.00
175.48,17,follower,-35.3628809,149.1656725,15.00
175.98,17,follower,-35.3628811,149.1656748,15.00
176.47,17,follower,-35.3628819,149.1656708,15.00
176.97,17,follower,-35.3628862,149.1656661,15.00
177.47,17,follower,-35.3628950,149.1656657,15.00
177.97,17,follower,-35.3629093,149.1656661,15.01
178.47,17,follower,-35.3629260,149.1656662,15.01
178.98,17,follower,-35.3629395,149.1656659,15.00
179.48,17,follower,-35.3629493,149.1656652,15.00
179.97,17,follower,-35.3629586,149.1656643,15.00
180.48,17,follower,-35.3629681,149.1656638,15.00
180.97,17,follower,-35.3629774,149.1656635,15.00
181.48,17,follower,-35.3629866,149.1656634,15.00
181.98,17,follower,-35.3629958,149.1656635,15.00
182.48,17,follower,-35.3630047,149.1656635,15.00
182.97,17,follower,-35.3630136,149.1656635,15.00
183.47,17,follower,-35.3630224,149.1656635,15.00
183.97,17,follower,-35.3630313,149.1656635,15.00
184.48,17,follower,-35.3630402,149.1656634,15.00
184.98,17,follower,-35.3630491,149.1656634,15.00
185.48,17,follower,-35.3630580,149.1656635,15.00
185.98,17,follower,-35.3630669,149.1656635,15.00
186.48,17,follower,-35.3630758,149.1656635,15.00
186.97,17,follower,-35.3630848,149.1656635,15.00
187.48,17,follower,-35.3630938,149.1656635,15.00
187.98,17,follower,-35.3631027,149.1656635,15.00
188.47,17,follower,-35.3631123,149.1656635,15.00
188.97,17,follower,-35.3631222,149.1656635,15.00
189.48,17,follower,-35.3631311,149.1656635,15.00
189.98,17,follower,-35.3631404,149.1656635,15.00
190.48,17,follower,-35.3631479,149.1656635,15.00
190.98,17,follower,-35.3631511,149.1656633,15.00
191.48,17,follower,-35.3631488,149.1656623,15.00
191.98,17,follower,-35.3631456,149.1656572,15.00
192.48,17,follower,-35.3631450,149.1656462,15.00
192.98,17,follower,-35.3631450,149.1656286,15.01
193.48,17,follower,-35.3631448,149.1656085,15.01
193.98,17,follower,-35.3631444,149.1655931,15.00
194.48,17,follower,-35.3631438,149.1655815,15.00
194.98,17,follower,-35.3631432,149.1655701,15.00
195.48,17,follower,-35.3631427,149.1655585,15.00
195.98,17,follower,-35.3631424,149.1655470,15.00
196.48,17,follower,-35.3631423,149.1655357,15.00
196.98,17,follower,-35.3631423,149.1655245,15.00
197.48,17,follower,-35.3631423,149.1655135,15.00
197.98,17,follower,-35.3631423,149.1655025,15.00
198.48,17,follower,-35.3631423,149.1654916,15.00
198.98,17,follower,-35.3631423,149.1654807,15.00
199.48,17,follower,-35.3631423,149.1654698,15.00
199.98,17,follower,-35.3631423,149.1654589,15.00
200.48,17,follower,-35.3631423,149.1654479,15.00
200.98,17,follower,-35.3631423,149.1654370,15.00
201.48,17,follower,-35.3631423,149.1654260,15.00
201.98,17,follower,-35.3631423,149.1654151,15.00
202.48,17,follower,-35.3631423,149.1654040,15.00
202.98,17,follower,-35.3631423,149.1653930,15.00
203.48,17,follower,-35.3631423,149.1653821,15.00
203.98,17,follower,-35.3631423,149.1653712,15.00
204.48,17,follower,-35.3631423,149.1653603,15.00
204.98,17,follower,-35.3631423,149.1653495,15.00
205.48,17,follower,-35.3631423,149.1653390,15.00
205.98,17,follower,-35.3631423,149.1653317,15.00
206.48,17,follower,-35.3631423,149.1653316,15.00
206.98,17,follower,-35.3631422,149.1653359,15.00
207.48,17,follower,-35.3631421,149.1653379,15.00
207.98,17,follower,-35.3631421,149.1653382,15.00
208.48,17,follower,-35.3631421,149.1653383,15.00
208.98,17,follower,-35.3631422,149.1653386,15.00
209.48,17,follower,-35.3631423,149.1653391,15.00
209.98,17,follower,-35.3631423,149.1653396,15.00
210.48,17,follower,-35.3631424,149.1653400,15.00
210.98,17,follower,-35.3631424,149.1653402,15.00
46.95,18,follower,-35.3634089,149.1652374,2.23
47.45,18,follower,-35.3634089,149.1652374,3.39
47.95,18,follower,-35.3634089,149.1652374,4.67
48.45,18,follower,-35.3634089,149.1652374,5.95
48.95,18,follower,-35.3634089,149.1652374,7.19
49.45,18,follower,-35.3634089,149.1652374,8.42
49.95,18,follower,-35.3634089,149.1652374,9.66
50.45,18,follower,-35.3634089,149.1652374,10.90
50.95,18,follower,-35.3634089,149.1652374,12.13
51.45,18,follower,-35.3634089,149.1652374,13.27
51.95,18,follower,-35.3634089,149.1652374,14.64
52.45,18,follower,-35.3634089,149.1652373,16.28
52.95,18,follower,-35.3634089,149.1652373,17.51
53.45,18,follower,-35.3634089,149.1652373,18.36
53.95,18,follower,-35.3634089,149.1652373,18.93
54.45,18,follower,-35.3634088,149.1652373,19.25
54.95,18,follower,-35.3634088,149.1652372,19.33
55.45,18,follower,-35.3634088,149.1652372,19.18
55.95,18,follower,-35.3634088,149.1652372,18.78
56.45,18,follower,-35.3634088,149.1652372,18.12
56.96,18,follower,-35.3634088,149.1652371,17.34
57.45,18,follower,-35.3634088,149.1652371,16.58
57.95,18,follower,-35.3634088,149.1652371,15.85
58.45,18,follower,-35.3634088,149.1652371,15.29
58.95,18,follower,-35.3634088,149.1652371,15.00
59.45,18,follower,-35.3634088,149.1652371,14.95
59.95,18,follower,-35.3634088,149.1652371,15.00
60.45,18,follower,-35.3634088,149.1652372,15.02
60.95,18,follower,-35.3634088,149.1652372,15.02
61.45,18,follower,-35.3634088,149.1652372,15.02
61.95,18,follower,-35.3634088,149.1652372,15.01
62.45,18,follower,-35.3634088,149.1652373,15.01
62.95,18,follower,-35.3634088,149.1652373,15.01
63.45,18,follower,-35.3634088,149.1652373,15.01
63.95,18,follower,-35.3634088,149.1652373,15.01
64.46,18,follower,-35.3634088,149.1652373,15.01
64.96,18,follower,-35.3634088,149.1652373,15.00
65.45,18,follower,-35.3634088,149.1652373,15.00
65.95,18,follower,-35.3634088,149.1652373,15.00
66.45,18,follower,-35.3634088,149.1652373,15.00
66.95,18,follower,-35.3634088,149.1652372,15.00
67.46,18,follower,-35.3634088,149.1652372,15.00
67.96,18,follower,-35.3634088,149.1652372,15.00
68.46,18,follower,-35.3634088,149.1652372,15.00
68.95,18,follower,-35.3634088,149.1652372,15.00
69.45,18,follower,-35.3634088,149.1652372,15.00
69.96,18,follower,-35.3634088,149.1652373,15.00
70.45,18,follower,-35.3634088,149.1652373,15.00
70.96,18,follower,-35.3634088,149.1652373,15.00
71.45,18,follower,-35.3634088,149.1652373,15.00
71.95,18,follower,-35.3634088,149.1652373,15.00
72.45,18,follower,-35.3634088,149.1652373,15.00
72.95,18,follower,-35.3634088,149.1652373,15.00
73.46,18,follower,-35.3634088,149.1652373,15.00
73.96,18,follower,-35.3634088,149.1652373,15.00
74.45,18,follower,-35.3634088,149.1652373,15.00
74.96,18,follower,-35.3634088,149.1652373,15.00
75.46,18,follower,-35.3634088,149.1652373,15.00
75.96,18,follower,-35.3634088,149.1652373,15.00
76.46,18,follower,-35.3634088,149.1652372,15.00
76.96,18,follower,-35.3634088,149.1652372,15.00
77.45,18,follower,-35.3634088,149.1652372,15.00
77.96,18,follower,-35.3634088,149.1652372,15.00
78.46,18,follower,-35.3634088,149.1652372,15.00
78.96,18,follower,-35.3634088,149.1652372,15.00
79.46,18,follower,-35.3634088,149.1652372,15.00
79.96,18,follower,-35.3634088,149.1652372,15.00
80.45,18,follower,-35.3634088,149.1652372,15.00
80.96,18,follower,-35.3634088,149.1652372,15.00
81.46,18,follower,-35.3634088,149.1652372,15.00
81.95,18,follower,-35.3634088,149.1652373,15.00
82.46,18,follower,-35.3634088,149.1652373,15.00
82.96,18,follower,-35.3634088,149.1652373,15.00
83.45,18,follower,-35.3634088,149.1652373,15.00
83.96,18,follower,-35.3634088,149.1652373,15.00
84.46,18,follower,-35.3634088,149.1652373,15.00
84.96,18,follower,-35.3634088,149.1652373,15.00
85.45,18,follower,-35.3634088,149.1652373,15.00
85.96,18,follower,-35.3634088,149.1652373,15.00
86.46,18,follower,-35.3634088,149.1652373,15.00
86.96,18,follower,-35.3634088,149.1652373,15.00
87.46,18,follower,-35.3634088,149.1652373,15.00
87.96,18,follower,-35.3634088,149.1652373,15.00
88.46,18,follower,-35.3634088,149.1652373,15.00
88.96,18,follower,-35.3634088,149.1652373,15.00
89.46,18,follower,-35.3634088,149.1652372,15.00
89.96,18,follower,-35.3634088,149.1652372,15.00
90.46,18,follower,-35.3634088,149.1652372,15.00
90.96,18,follower,-35.3634088,149.1652372,15.00
91.46,18,follower,-35.3634088,149.1652372,15.00
91.96,18,follower,-35.3634088,149.1652372,15.00
92.46,18,follower,-35.3634088,149.1652372,15.00
92.96,18,follower,-35.3634088,149.1652372,15.00
93.46,18,follower,-35.3634088,149.1652373,15.00
93.96,18,follower,-35.3634088,149.1652373,15.00
94.46,18,follower,-35.3634088,149.1652373,15.00
94.96,18,follower,-35.3634088,149.1652373,15.00
95.46,18,follower,-35.3634088,149.1652373,15.00
95.96,18,follower,-35.3634088,149.1652373,15.00
96.46,18,follower,-35.3634088,149.1652373,15.00
96.96,18,follower,-35.3634088,149.1652373,15.00
97.46,18,follower,-35.3634088,149.1652373,15.00
97.96,18,follower,-35.3634088,149.1652373,15.00
98.46,18,follower,-35.3634088,149.1652373,15.00
98.96,18,follower,-35.3634088,149.1652373,15.00
99.46,18,follower,-35.3634088,149.1652373,15.00
99.96,18,follower,-35.3634088,149.1652373,15.00
100.46,18,follower,-35.3634088,149.1652373,15.00
100.96,18,follower,-35.3634088,149.1652373,15.00
101.46,18,follower,-35.3634088,149.1652373,15.00
101.96,18,follower,-35.3634088,149.1652372,15.00
102.46,18,follower,-35.3634088,149.1652372,15.00
102.96,18,follower,-35.3634088,149.1652372,15.00
103.46,18,follower,-35.3634088,149.1652373,15.00
103.96,18,follower,-35.3634088,149.1652373,15.00
104.46,18,follower,-35.3634088,149.1652373,15.00
104.96,18,follower,-35.3634088,149.1652373,15.00
105.46,18,follower,-35.3634088,149.1652373,15.00
105.96,18,follower,-35.3634088,149.1652373,15.00
106.46,18,follower,-35.3634088,149.1652373,15.00
106.96,18,follower,-35.3634088,149.1652373,15.00
107.46,18,follower,-35.3634088,149.1652373,15.00
107.96,18,follower,-35.3634088,149.1652373,15.00
108.46,18,follower,-35.3634088,149.1652373,15.00
108.96,18,follower,-35.3634088,149.1652373,15.00
109.46,18,follower,-35.3634088,149.1652373,15.00
109.96,18,follower,-35.3634088,149.1652372,15.00
110.46,18,follower,-35.3634088,149.1652372,15.00
110.96,18,follower,-35.3634088,149.1652372,15.00
111.46,18,follower,-35.3634088,149.1652372,15.00
111.96,18,follower,-35.3634088,149.1652373,15.00
112.46,18,follower,-35.3634088,149.1652373,15.00
112.96,18,follower,-35.3634088,149.1652373,15.00
113.46,18,follower,-35.3634088,149.1652373,15.00
113.96,18,follower,-35.3634088,149.1652373,15.00
114.46,18,follower,-35.3634088,149.1652373,15.00
114.96,18,follower,-35.3634088,149.1652373,15.00
115.46,18,follower,-35.3634088,149.1652373,15.00
115.96,18,follower,-35.3634088,149.1652373,15.00
116.46,18,follower,-35.3634088,149.1652373,15.00
116.96,18,follower,-35.3634088,149.1652373,15.00
117.46,18,follower,-35.3634088,149.1652373,15.00
117.96,18,follower,-35.3634088,149.1652373,15.00
118.46,18,follower,-35.3634088,149.1652373,15.00
118.96,18,follower,-35.3634088,149.1652372,15.00
119.46,18,follower,-35.3634088,149.1652372,15.00
119.97,18,follower,-35.3634088,149.1652372,15.00
120.46,18,follower,-35.3634088,149.1652372,15.00
120.96,18,follower,-35.3634088,149.1652373,15.00
121.46,18,follower,-35.3634088,149.1652373,15.00
121.96,18,follower,-35.3634088,149.1652373,15.00
122.46,18,follower,-35.3634088,149.1652373,15.00
122.96,18,follower,-35.3634088,149.1652373,15.00
123.47,18,follower,-35.3634088,149.1652373,15.00
123.97,18,follower,-35.3634088,149.1652373,15.00
124.46,18,follower,-35.3634088,149.1652373,15.00
124.97,18,follower,-35.3634088,149.1652373,15.00
125.47,18,follower,-35.3634088,149.1652373,15.00
125.96,18,follower,-35.3634088,149.1652373,15.00
126.46,18,follower,-35.3634088,149.1652373,15.00
126.97,18,follower,-35.3634088,149.1652373,15.00
127.46,18,follower,-35.3634088,149.1652373,15.00
127.96,18,follower,-35.3634088,149.1652372,15.00
128.46,18,follower,-35.3634088,149.1652372,15.00
128.97,18,follower,-35.3634088,149.1652372,15.00
129.47,18,follower,-35.3634088,149.1652372,15.00
129.96,18,follower,-35.3634088,149.1652373,15.00
130.47,18,follower,-35.3634088,149.1652373,15.00
130.96,18,follower,-35.3634088,149.1652373,15.00
131.47,18,follower,-35.3634088,149.1652373,15.00
131.97,18,follower,-35.3634088,149.1652373,15.00
132.47,18,follower,-35.3634088,149.1652373,15.00
132.97,18,follower,-35.3634088,149.1652373,15.00
133.46,18,follower,-35.3634088,149.1652373,15.00
133.96,18,follower,-35.3634088,149.1652373,15.00
134.47,18,follower,-35.3634088,149.1652373,15.00
134.96,18,follower,-35.3634088,149.1652373,15.00
135.47,18,follower,-35.3634088,149.1652373,15.00
135.96,18,follower,-35.3634088,149.1652372,15.00
136.47,18,follower,-35.3634088,149.1652372,15.00
136.97,18,follower,-35.3634088,149.1652372,15.00
137.46,18,follower,-35.3634088,149.1652372,15.00
137.97,18,follower,-35.3634088,149.1652372,15.00
138.47,18,follower,-35.3634088,149.1652373,15.00
138.96,18,follower,-35.3634088,149.1652373,15.00
139.47,18,follower,-35.3634088,149.1652373,15.00
139.97,18,follower,-35.3634088,149.1652373,15.00
140.47,18,follower,-35.3634088,149.1652373,15.00
140.97,18,follower,-35.3634088,149.1652373,15.00
141.47,18,follower,-35.3634088,149.1652373,15.00
141.97,18,follower,-35.3634088,149.1652373,15.00
142.46,18,follower,-35.3634088,149.1652373,15.00
142.97,18,follower,-35.3634088,149.1652373,15.00
143.47,18,follower,-35.3634088,149.1652373,15.00
143.97,18,follower,-35.3634088,149.1652373,15.00
144.47,18,follower,-35.3634088,149.1652373,15.00
144.97,18,follower,-35.3634086,149.1652372,15.00
145.47,18,follower,-35.3634051,149.1652370,15.00
145.97,18,follower,-35.3633956,149.1652369,15.00
146.47,18,follower,-35.3633836,149.1652369,15.00
146.97,18,follower,-35.3633735,149.1652369,15.00
147.47,18,follower,-35.3633643,149.1652370,15.00
147.96,18,follower,-35.3633552,149.1652370,15.00
148.47,18,follower,-35.3633460,149.1652370,15.00
148.97,18,follower,-35.3633366,149.1652370,15.00
149.47,18,follower,-35.3633273,149.1652370,15.00
149.97,18,follower,-35.3633180,149.1652370,15.00
150.47,18,follower,-35.3633089,149.1652370,15.00
150.97,18,follower,-35.3632999,149.1652370,15.00
151.47,18,follower,-35.3632910,149.1652370,15.00
151.97,18,follower,-35.3632821,149.1652370,15.00
152.47,18,follower,-35.3632731,149.1652370,15.00
152.97,18,follower,-35.3632642,149.1652370,15.00
153.47,18,follower,-35.3632552,149.1652370,15.00
153.97,18,follower,-35.3632463,149.1652370,15.00
154.47,18,follower,-35.3632375,149.1652370,15.00
154.97,18,follower,-35.3632287,149.1652370,15.00
155.47,18,follower,-35.3632198,149.1652370,15.00
155.97,18,follower,-35.3632110,149.1652370,15.00
156.47,18,follower,-35.3632021,149.1652370,15.00
156.97,18,follower,-35.3631924,149.1652370,15.00
157.47,18,follower,-35.3631827,149.1652370,15.00
157.97,18,follower,-35.3631732,149.1652369,15.00
158.47,18,follower,-35.3631647,149.1652369,15.00
158.97,18,follower,-35.3631552,149.1652369,15.00
159.47,18,follower,-35.3631465,149.1652369,15.00
159.97,18,follower,-35.3631374,149.1652369,15.00
160.47,18,follower,-35.3631309,149.1652370,15.00
160.97,18,follower,-35.3631304,149.1652371,15.00
161.47,18,follower,-35.3631343,149.1652387,15.00
161.97,18,follower,-35.3631373,149.1652451,15.00
162.47,18,follower,-35.3631373,149.1652573,15.00
162.97,18,follower,-35.3631370,149.1652761,15.01
163.47,18,follower,-35.3631368,149.1652963,15.01
163.97,18,follower,-35.3631371,149.1653113,15.00
164.47,18,follower,-35.3631375,149.1653230,15.00
164.97,18,follower,-35.3631381,149.1653345,15.00
165.47,18,follower,-35.3631386,149.1653460,15.00
165.97,18,follower,-35.3631388,149.1653575,15.00
166.47,18,follower,-35.3631389,149.1653688,15.00
166.97,18,follower,-35.3631388,149.1653799,15.00
167.47,18,follower,-35.3631388,149.1653909,15.00
167.97,18,follower,-35.3631388,149.1654019,15.00
168.47,18,follower,-35.3631388,149.1654128,15.00
168.97,18,follower,-35.3631388,149.1654236,15.00
169.47,18,follower,-35.3631388,149.1654346,15.00
169.97,18,follower,-35.3631388,149.1654454,15.00
170.47,18,follower,-35.3631388,149.1654562,15.00
170.97,18,follower,-35.3631388,149.1654671,15.00
171.47,18,follower,-35.3631388,149.1654781,15.00
171.97,18,follower,-35.3631388,149.1654890,15.00
172.47,18,follower,-35.3631388,149.1655007,15.00
172.97,18,follower,-35.3631388,149.1655127,15.00
173.47,18,follower,-35.3631388,149.1655237,15.00
173.97,18,follower,-35.3631388,149.1655351,15.00
174.48,18,follower,-35.3631388,149.1655456,15.00
174.98,18,follower,-35.3631388,149.1655573,15.00
175.47,18,follower,-35.3631388,149.1655665,15.00
175.97,18,follower,-35.3631390,149.1655690,15.00
176.47,18,follower,-35.3631397,149.1655651,15.00
176.97,18,follower,-35.3631438,149.1655604,15.00
177.48,18,follower,-35.3631525,149.1655598,15.00
177.98,18,follower,-35.3631666,149.1655603,15.01
178.48,18,follower,-35.3631835,149.1655603,15.01
178.98,18,follower,-35.3631975,149.1655599,15.00
179.48,18,follower,-35.3632074,149.1655592,15.00
179.98,18,follower,-35.3632168,149.1655583,15.00
180.47,18,follower,-35.3632263,149.1655577,15.00
180.97,18,follower,-35.3632357,149.1655574,15.00
181.47,18,follower,-35.3632450,149.1655574,15.00
181.97,18,follower,-35.3632542,149.1655574,15.00
182.48,18,follower,-35.3632632,149.1655574,15.00
182.97,18,follower,-35.3632720,149.1655575,15.00
183.48,18,follower,-35.3632809,149.1655575,15.00
183.98,18,follower,-35.3632897,149.1655575,15.00
184.48,18,follower,-35.3632986,149.1655575,15.00
184.97,18,follower,-35.3633075,149.1655575,15.00
185.47,18,follower,-35.3633165,149.1655575,15.00
185.98,18,follower,-35.3633254,149.1655575,15.00
186.48,18,follower,-35.3633342,149.1655575,15.00
186.98,18,follower,-35.3633431,149.1655575,15.00
187.47,18,follower,-35.3633521,149.1655575,15.00
187.98,18,follower,-35.3633610,149.1655575,15.00
188.47,18,follower,-35.3633699,149.1655575,15.00
188.98,18,follower,-35.3633787,149.1655575,15.00
189.47,18,follower,-35.3633876,149.1655575,15.00
189.98,18,follower,-35.3633973,149.1655575,15.00
190.48,18,follower,-35.3634051,149.1655575,15.00
190.98,18,follower,-35.3634080,149.1655565,15.00
191.48,18,follower,-35.3634060,149.1655528,15.00
191.97,18,follower,-35.3634027,149.1655442,15.00
192.47,18,follower,-35.3634019,149.1655296,15.01
192.98,18,follower,-35.3634021,149.1655118,15.01
193.48,18,follower,-35.3634022,149.1654974,15.00
193.97,18,follower,-35.3634019,149.1654862,15.00
194.48,18,follower,-35.3634014,149.1654763,15.00
194.98,18,follower,-35.3634009,149.1654649,15.00
195.48,18,follower,-35.3634006,149.1654527,15.00
195.98,18,follower,-35.3634004,149.1654408,15.00
196.48,18,follower,-35.3634004,149.1654294,15.00
196.98,18,follower,-35.3634004,149.1654183,15.00
197.48,18,follower,-35.3634004,149.1654073,15.00
197.98,18,follower,-35.3634004,149.1653963,15.00
198.48,18,follower,-35.3634004,149.1653854,15.00
198.98,18,follower,-35.3634003,149.1653744,15.00
199.48,18,follower,-35.3634003,149.1653635,15.00
199.97,18,follower,-35.3634003,149.1653527,15.00
200.48,18,follower,-35.3634003,149.1653418,15.00
200.98,18,follower,-35.3634003,149.1653310,15.00
201.48,18,follower,-35.3634003,149.1653202,15.00
201.98,18,follower,-35.3634003,149.1653094,15.00
202.48,18,follower,-35.3634003,149.1652984,15.00
202.98,18,follower,-35.3634003,149.1652875,15.00
203.48,18,follower,-35.3634003,149.1652766,15.00
203.98,18,follower,-35.3634003,149.1652648,15.00
204.48,18,follower,-35.3634003,149.1652531,15.00
204.98,18,follower,-35.3634003,149.1652416,15.00
205.48,18,follower,-35.3634003,149.1652316,15.00
205.98,18,follower,-35.3634002,149.1652252,15.00
206.48,18,follower,-35.3634001,149.1652260,15.00
206.98,18,follower,-35.3634000,149.1652303,15.00
207.48,18,follower,-35.3633999,149.1652320,15.00
207.98,18,follower,-35.3633999,149.1652322,15.00
208.48,18,follower,-35.3634000,149.1652323,15.00
208.98,18,follower,-35.3634001,149.1652326,15.00
209.48,18,follower,-35.3634002,149.1652331,15.00
209.98,18,follower,-35.3634002,149.1652336,15.00
210.48,18,follower,-35.3634003,149.1652340,15.00
210.98,18,follower,-35.3634003,149.1652342,15.00
46.95,19,follower,-35.3631528,149.1650980,2.23
47.45,19,follower,-35.3631528,149.1650980,3.39
47.95,19,follower,-35.3631528,149.1650980,4.67
48.45,19,follower,-35.3631528,149.1650980,5.95
48.95,19,follower,-35.3631527,149.1650980,7.19
49.45,19,follower,-35.3631527,149.1650980,8.42
49.95,19,follower,-35.3631527,149.1650980,9.66
50.46,19,follower,-35.3631527,149.1650980,10.90
50.95,19,follower,-35.3631527,149.1650980,12.13
51.45,19,follower,-35.3631527,149.1650980,13.27
51.95,19,follower,-35.3631528,149.1650980,14.65
52.46,19,follower,-35.3631528,149.1650980,16.29
52.95,19,follower,-35.3631528,149.1650979,17.52
53.45,19,follower,-35.3631528,149.1650979,18.37
53.95,19,follower,-35.3631528,149.1650980,18.93
54.45,19,follower,-35.3631528,149.1650980,19.26
54.96,19,follower,-35.3631528,149.1650980,19.34
55.46,19,follower,-35.3631528,149.1650979,19.18
55.95,19,follower,-35.3631528,149.1650979,18.79
56.45,19,follower,-35.3631528,149.1650979,18.12
56.95,19,follower,-35.3631528,149.1650978,17.34
57.45,19,follower,-35.3631528,149.1650978,16.58
57.95,19,follower,-35.3631528,149.1650978,15.86
58.46,19,follower,-35.3631528,149.1650978,15.29
58.96,19,follower,-35.3631528,149.1650978,15.00
59.45,19,follower,-35.3631528,149.1650978,14.95
59.95,19,follower,-35.3631528,149.1650978,15.00
60.45,19,follower,-35.3631528,149.1650978,15.02
60.95,19,follower,-35.3631528,149.1650979,15.02
61.46,19,follower,-35.3631528,149.1650979,15.02
61.95,19,follower,-35.3631528,149.1650979,15.01
62.45,19,follower,-35.3631528,149.1650980,15.01
62.96,19,follower,-35.3631528,149.1650980,15.01
63.45,19,follower,-35.3631528,149.1650980,15.01
63.96,19,follower,-35.3631528,149.1650980,15.01
64.45,19,follower,-35.3631528,149.1650980,15.01
64.95,19,follower,-35.3631528,149.1650980,15.00
65.45,19,follower,-35.3631528,149.1650980,15.00
65.95,19,follower,-35.3631528,149.1650980,15.00
66.46,19,follower,-35.3631528,149.1650980,15.00
66.95,19,follower,-35.3631528,149.1650979,15.00
67.46,19,follower,-35.3631528,149.1650979,15.00
67.96,19,follower,-35.3631528,149.1650979,15.00
68.45,19,follower,-35.3631528,149.1650979,15.00
68.95,19,follower,-35.3631528,149.1650979,15.00
69.46,19,follower,-35.3631528,149.1650979,15.00
69.95,19,follower,-35.3631528,149.1650979,15.00
70.45,19,follower,-35.3631528,149.1650980,15.00
70.96,19,follower,-35.3631528,149.1650980,15.00
71.46,19,follower,-35.3631528,149.1650980,15.00
71.95,19,follower,-35.3631528,149.1650980,15.00
72.45,19,follower,-35.3631528,149.1650980,15.00
72.96,19,follower,-35.3631528,149.1650980,15.00
73.46,19,follower,-35.3631528,149.1650980,15.00
73.96,19,follower,-35.3631528,149.1650980,15.00
74.46,19,follower,-35.3631528,149.1650980,15.00
74.96,19,follower,-35.3631528,149.1650979,15.00
75.46,19,follower,-35.3631528,149.1650979,15.00
75.96,19,follower,-35.3631528,149.1650979,15.00
76.46,19,follower,-35.3631528,149.1650979,15.00
76.96,19,follower,-35.3631528,149.1650979,15.00
77.46,19,follower,-35.3631528,149.1650979,15.00
77.96,19,follower,-35.3631528,149.1650979,15.00
78.46,19,follower,-35.3631528,149.1650979,15.00
78.95,19,follower,-35.3631528,149.1650979,15.00
79.46,19,follower,-35.3631528,149.1650979,15.00
79.96,19,follower,-35.3631528,149.1650979,15.00
80.46,19,follower,-35.3631528,149.1650979,15.00
80.96,19,follower,-35.3631528,149.1650979,15.00
81.46,19,follower,-35.3631528,149.1650979,15.00
81.96,19,follower,-35.3631528,149.1650979,15.00
82.46,19,follower,-35.3631528,149.1650979,15.00
82.96,19,follower,-35.3631528,149.1650979,15.00
83.46,19,follower,-35.3631528,149.1650979,15.00
83.96,19,follower,-35.3631528,149.1650979,15.00
84.46,19,follower,-35.3631528,149.1650979,15.00
84.96,19,follower,-35.3631528,149.1650979,15.00
85.46,19,follower,-35.3631528,149.1650979,15.00
85.96,19,follower,-35.3631528,149.1650980,15.00
86.46,19,follower,-35.3631528,149.1650980,15.00
86.96,19,follower,-35.3631528,149.1650980,15.00
87.46,19,follower,-35.3631528,149.1650980,15.00
87.96,19,follower,-35.3631528,149.1650980,15.00
88.46,19,follower,-35.3631528,149.1650980,15.00
88.96,19,follower,-35.3631528,149.1650980,15.00
89.46,19,follower,-35.3631528,149.1650979,15.00
89.96,19,follower,-35.3631528,149.1650979,15.00
90.46,19,follower,-35.3631528,149.1650979,15.00
90.96,19,follower,-35.3631528,149.1650979,15.00
91.46,19,follower,-35.3631528,149.1650979,15.00
91.96,19,follower,-35.3631528,149.1650979,15.00
92.46,19,follower,-35.3631528,149.1650979,15.00
92.96,19,follower,-35.3631528,149.1650979,15.00
93.46,19,follower,-35.3631528,149.1650980,15.00
93.96,19,follower,-35.3631528,149.1650980,15.00
94.46,19,follower,-35.3631528,149.1650980,15.00
94.96,19,follower,-35.3631528,149.1650980,15.00
95.46,19,follower,-35.3631528,149.1650980,15.00
95.96,19,follower,-35.3631528,149.1650980,15.00
96.46,19,follower,-35.3631528,149.1650980,15.00
96.96,19,follower,-35.3631528,149.1650980,15.00
97.46,19,follower,-35.3631528,149.1650980,15.00
97.96,19,follower,-35.3631528,149.1650980,15.00
98.46,19,follower,-35.3631528,149.1650980,15.00
98.96,19,follower,-35.3631528,149.1650980,15.00
99.46,19,follower,-35.3631528,149.1650980,15.00
99.96,19,follower,-35.3631528,149.1650980,15.00
100.46,19,follower,-35.3631528,149.1650980,15.00
100.96,19,follower,-35.3631528,149.1650980,15.00
101.46,19,follower,-35.3631528,149.1650980,15.00
101.96,19,follower,-35.3631528,149.1650979,15.00
102.46,19,follower,-35.3631528,149.1650979,15.00
102.96,19,follower,-35.3631528,149.1650979,15.00
103.46,19,follower,-35.3631528,149.1650979,15.00
103.96,19,follower,-35.3631528,149.1650980,15.00
104.46,19,follower,-35.3631528,149.1650980,15.00
104.96,19,follower,-35.3631528,149.1650980,15.00
105.46,19,follower,-35.3631528,149.1650980,15.00
105.96,19,follower,-35.3631528,149.1650980,15.00
106.46,19,follower,-35.3631528,149.1650980,15.00
106.96,19,follower,-35.3631528,149.1650980,15.00
107.46,19,follower,-35.3631528,149.1650980,15.00
107.96,19,follower,-35.3631528,149.1650980,15.00
108.46,19,follower,-35.3631528,149.1650980,15.00
108.96,19,follower,-35.3631528,149.1650980,15.00
109.46,19,follower,-35.3631528,149.1650980,15.00
109.97,19,follower,-35.3631528,149.1650980,15.00
110.46,19,follower,-35.3631528,149.1650980,15.00
110.96,19,follower,-35.3631528,149.1650979,15.00
111.46,19,follower,-35.3631528,149.1650979,15.00
111.96,19,follower,-35.3631528,149.1650979,15.00
112.46,19,follower,-35.3631528,149.1650979,15.00
112.96,19,follower,-35.3631528,149.1650980,15.00
113.46,19,follower,-35.3631528,149.1650980,15.00
113.96,19,follower,-35.3631528,149.1650980,15.00
114.46,19,follower,-35.3631528,149.1650980,15.00
114.96,19,follower,-35.3631528,149.1650980,15.00
115.46,19,follower,-35.3631528,149.1650980,15.00
115.96,19,follower,-35.3631528,149.1650980,15.00
116.46,19,follower,-35.3631528,149.1650980,15.00
116.96,19,follower,-35.3631528,149.1650980,15.00
117.47,19,follower,-35.3631528,149.1650980,15.00
117.96,19,follower,-35.3631528,149.1650980,15.00
118.46,19,follower,-35.3631528,149.1650980,15.00
118.97,19,follower,-35.3631528,149.1650980,15.00
119.46,19,follower,-35.3631528,149.1650980,15.00
119.97,19,follower,-35.3631528,149.1650979,15.00
120.46,19,follower,-35.3631528,149.1650979,15.00
120.96,19,follower,-35.3631528,149.1650979,15.00
121.46,19,follower,-35.3631528,149.1650979,15.00
121.97,19,follower,-35.3631528,149.1650979,15.00
122.47,19,follower,-35.3631528,149.1650980,15.00
122.97,19,follower,-35.3631528,149.1650980,15.00
123.47,19,follower,-35.3631528,149.1650980,15.00
123.96,19,follower,-35.3631528,149.1650980,15.00
124.46,19,follower,-35.3631528,149.1650980,15.00
124.96,19,follower,-35.3631528,149.1650980,15.00
125.46,19,follower,-35.3631528,149.1650980,15.00
125.96,19,follower,-35.3631528,149.1650980,15.00
126.47,19,follower,-35.3631528,149.1650980,15.00
126.97,19,follower,-35.3631528,149.1650980,15.00
127.47,19,follower,-35.3631528,149.1650980,15.00
127.97,19,follower,-35.3631528,149.1650980,15.00
128.47,19,follower,-35.3631528,149.1650980,15.00
128.97,19,follower,-35.3631528,149.1650979,15.00
129.47,19,follower,-35.3631528,149.1650979,15.00
129.97,19,follower,-35.3631528,149.1650979,15.00
130.46,19,follower,-35.3631528,149.1650979,15.00
130.97,19,follower,-35.3631528,149.1650979,15.00
131.46,19,follower,-35.3631528,149.1650980,15.00
131.97,19,follower,-35.3631528,149.1650980,15.00
132.47,19,follower,-35.3631528,149.1650980,15.00
132.96,19,follower,-35.3631528,149.1650980,15.00
133.47,19,follower,-35.3631528,149.1650980,15.00
133.96,19,follower,-35.3631528,149.1650980,15.00
134.47,19,follower,-35.3631528,149.1650980,15.00
134.97,19,follower,-35.3631528,149.1650980,15.00
135.47,19,follower,-35.3631528,149.1650980,15.00
135.97,19,follower,-35.3631528,149.1650980,15.00
136.47,19,follower,-35.3631528,149.1650980,15.00
136.97,19,follower,-35.3631528,149.1650980,15.00
137.47,19,follower,-35.3631528,149.1650980,15.00
137.97,19,follower,-35.3631528,149.1650979,15.00
138.47,19,follower,-35.3631528,149.1650979,15.00
138.97,19,follower,-35.3631528,149.1650979,15.00
139.47,19,follower,-35.3631528,149.1650979,15.00
139.97,19,follower,-35.3631528,149.1650980,15.00
140.47,19,follower,-35.3631528,149.1650980,15.00
140.97,19,follower,-35.3631528,149.1650980,15.00
141.47,19,follower,-35.3631528,149.1650980,15.00
141.97,19,follower,-35.3631528,149.1650980,15.00
142.47,19,follower,-35.3631528,149.1650980,15.00
142.97,19,follower,-35.3631528,149.1650980,15.00
143.47,19,follower,-35.3631528,149.1650980,15.00
143.97,19,follower,-35.3631528,149.1650980,15.00
144.47,19,follower,-35.3631528,149.1650980,15.00
144.97,19,follower,-35.3631527,149.1650979,15.00
145.47,19,follower,-35.3631497,149.1650977,15.00
145.97,19,follower,-35.3631407,149.1650976,15.00
146.47,19,follower,-35.3631287,149.1650975,15.00
146.97,19,follower,-35.3631184,149.1650975,15.00
147.47,19,follower,-35.3631092,149.1650976,15.00
147.97,19,follower,-35.3631001,149.1650977,15.00
148.47,19,follower,-35.3630909,149.1650978,15.00
148.97,19,follower,-35.3630816,149.1650978,15.00
149.47,19,follower,-35.3630723,149.1650978,15.00
149.97,19,follower,-35.3630630,149.1650978,15.00
150.47,19,follower,-35.3630539,149.1650978,15.00
150.97,19,follower,-35.3630449,149.1650978,15.00
151.47,19,follower,-35.3630359,149.1650978,15.00
151.97,19,follower,-35.3630270,149.1650977,15.00
152.47,19,follower,-35.3630178,149.1650977,15.00
152.97,19,follower,-35.3630078,149.1650977,15.00
153.47,19,follower,-35.3629986,149.1650977,15.00
153.97,19,follower,-35.3629893,149.1650977,15.00
154.47,19,follower,-35.3629809,149.1650977,15.00
154.97,19,follower,-35.3629714,149.1650976,15.00
155.47,19,follower,-35.3629625,149.1650976,15.00
155.97,19,follower,-35.3629532,149.1650976,15.00
156.47,19,follower,-35.3629439,149.1650976,15.00
156.97,19,follower,-35.3629348,149.1650976,15.00
157.47,19,follower,-35.3629258,149.1650976,15.00
157.97,19,follower,-35.3629169,149.1650976,15.00
158.47,19,follower,-35.3629081,149.1650976,15.00
158.98,19,follower,-35.3628992,149.1650976,15.00
159.47,19,follower,-35.3628904,149.1650976,15.00
159.97,19,follower,-35.3628817,149.1650976,15.00
160.47,19,follower,-35.3628749,149.1650977,15.00
160.97,19,follower,-35.3628738,149.1650977,15.00
161.47,19,follower,-35.3628774,149.1650991,15.00
161.97,19,follower,-35.3628807,149.1651050,15.00
162.48,19,follower,-35.3628809,149.1651168,15.00
162.97,19,follower,-35.3628807,149.1651353,15.01
163.47,19,follower,-35.3628808,149.1651555,15.01
163.97,19,follower,-35.3628810,149.1651707,15.00
164.47,19,follower,-35.3628816,149.1651825,15.00
164.98,19,follower,-35.3628822,149.1651939,15.00
165.47,19,follower,-35.3628826,149.1652054,15.00
165.98,19,follower,-35.3628829,149.1652167,15.00
166.47,19,follower,-35.3628829,149.1652280,15.00
166.97,19,follower,-35.3628829,149.1652392,15.00
167.47,19,follower,-35.3628829,149.1652502,15.00
167.98,19,follower,-35.3628829,149.1652612,15.00
168.47,19,follower,-35.3628829,149.1652730,15.00
168.98,19,follower,-35.3628829,149.1652851,15.00
169.47,19,follower,-35.3628829,149.1652960,15.00
169.98,19,follower,-35.3628829,149.1653074,15.00
170.48,19,follower,-35.3628829,149.1653179,15.00
170.97,19,follower,-35.3628828,149.1653297,15.00
171.47,19,follower,-35.3628828,149.1653405,15.00
171.98,19,follower,-35.3628828,149.1653520,15.00
172.47,19,follower,-35.3628828,149.1653633,15.00
172.98,19,follower,-35.3628828,149.1653744,15.00
173.48,19,follower,-35.3628828,149.1653853,15.00
173.97,19,follower,-35.3628828,149.1653962,15.00
174.48,19,follower,-35.3628828,149.1654072,15.00
174.97,19,follower,-35.3628829,149.1654181,15.00
175.48,19,follower,-35.3628828,149.1654272,15.00
175.98,19,follower,-35.3628829,149.1654298,15.00
176.48,19,follower,-35.3628837,149.1654259,15.00
176.97,19,follower,-35.3628880,149.1654213,15.00
177.48,19,follower,-35.3628968,149.1654207,15.00
177.97,19,follower,-35.3629111,149.1654210,15.01
178.48,19,follower,-35.3629275,149.1654210,15.01
178.97,19,follower,-35.3629404,149.1654207,15.00
179.48,19,follower,-35.3629500,149.1654199,15.00
179.98,19,follower,-35.3629593,149.1654190,15.00
180.47,19,follower,-35.3629688,149.1654184,15.00
180.97,19,follower,-35.3629782,149.1654182,15.00
181.48,19,follower,-35.3629875,149.1654181,15.00
181.98,19,follower,-35.3629967,149.1654181,15.00
182.48,19,follower,-35.3630057,149.1654182,15.00
182.97,19,follower,-35.3630145,149.1654182,15.00
183.48,19,follower,-35.3630241,149.1654182,15.00
183.98,19,follower,-35.3630342,149.1654182,15.00
184.48,19,follower,-35.3630432,149.1654182,15.00
184.98,19,follower,-35.3630523,149.1654182,15.00
185.48,19,follower,-35.3630607,149.1654182,15.00
185.98,19,follower,-35.3630702,149.1654182,15.00
186.48,19,follower,-35.3630791,149.1654182,15.00
186.98,19,follower,-35.3630885,149.1654182,15.00
187.48,19,follower,-35.3630971,149.1654182,15.00
187.98,19,follower,-35.3631063,149.1654182,15.00
188.48,19,follower,-35.3631156,149.1654182,15.00
188.98,19,follower,-35.3631247,149.1654182,15.00
189.48,19,follower,-35.3631337,149.1654182,15.00
189.98,19,follower,-35.3631425,149.1654182,15.00
190.48,19,follower,-35.3631505,149.1654182,15.00
190.98,19,follower,-35.3631539,149.1654182,15.00
191.48,19,follower,-35.3631517,149.1654177,15.00
191.98,19,follower,-35.3631475,149.1654136,15.00
192.48,19,follower,-35.3631463,149.1654041,15.00
192.98,19,follower,-35.3631466,149.1653881,15.01
193.48,19,follower,-35.3631466,149.1653679,15.01
193.98,19,follower,-35.3631465,149.1653505,15.00
194.48,19,follower,-35.3631459,149.1653381,15.00
194.98,19,follower,-35.3631452,149.1653266,15.00
195.48,19,follower,-35.3631447,149.1653149,15.00
195.98,19,follower,-35.3631443,149.1653033,15.00
196.48,19,follower,-35.3631442,149.1652920,15.00
196.98,19,follower,-35.3631442,149.1652808,15.00
197.48,19,follower,-35.3631442,149.1652699,15.00
197.98,19,follower,-35.3631442,149.1652589,15.00
198.48,19,follower,-35.3631442,149.1652472,15.00
198.98,19,follower,-35.3631442,149.1652352,15.00
199.48,19,follower,-35.3631442,149.1652243,15.00
199.98,19,follower,-35.3631442,149.1652125,15.00
200.48,19,follower,-35.3631442,149.1652017,15.00
200.98,19,follower,-35.3631442,149.1651903,15.00
201.48,19,follower,-35.3631442,149.1651797,15.00
201.98,19,follower,-35.3631442,149.1651684,15.00
202.48,19,follower,-35.3631443,149.1651577,15.00
202.98,19,follower,-35.3631443,149.1651463,15.00
203.48,19,follower,-35.3631443,149.1651350,15.00
203.98,19,follower,-35.3631443,149.1651239,15.00
204.48,19,follower,-35.3631443,149.1651129,15.00
204.98,19,follower,-35.3631443,149.1651020,15.00
205.48,19,follower,-35.3631443,149.1650917,15.00
205.98,19,follower,-35.3631443,149.1650858,15.00
206.48,19,follower,-35.3631442,149.1650871,15.00
206.98,19,follower,-35.3631440,149.1650909,15.00
207.48,19,follower,-35.3631439,149.1650925,15.00
207.98,19,follower,-35.3631439,149.1650928,15.00
208.48,19,follower,-35.3631440,149.1650930,15.00
208.98,19,follower,-35.3631441,149.1650933,15.00
209.48,19,follower,-35.3631442,149.1650938,15.00
209.98,19,follower,-35.3631442,149.1650943,15.00
210.48,19,follower,-35.3631443,149.1650947,15.00
210.98,19,follower,-35.3631443,149.1650949,15.00
46.95,20,follower,-35.3632681,149.1654217,2.23
47.45,20,follower,-35.3632681,149.1654217,3.39
47.95,20,follower,-35.3632681,149.1654217,4.67
48.45,20,follower,-35.3632681,149.1654217,5.95
48.95,20,follower,-35.3632681,149.1654217,7.19
49.45,20,follower,-35.3632681,149.1654217,8.42
49.95,20,follower,-35.3632681,149.1654217,9.66
50.45,20,follower,-35.3632681,149.1654217,10.90
50.95,20,follower,-35.3632681,149.1654217,12.13
51.46,20,follower,-35.3632681,149.1654217,13.29
51.95,20,follower,-35.3632681,149.1654217,14.76
52.45,20,follower,-35.3632681,149.1654216,16.51
52.95,20,follower,-35.3632681,149.1654216,17.80
53.45,20,follower,-35.3632681,149.1654215,18.67
53.95,20,follower,-35.3632681,149.1654215,19.26
54.45,20,follower,-35.3632681,149.1654215,19.62
54.96,20,follower,-35.3632681,149.1654215,19.73
55.45,20,follower,-35.3632680,149.1654215,19.61
55.95,20,follower,-35.3632680,149.1654215,19.24
56.45,20,follower,-35.3632680,149.1654215,18.61
56.95,20,follower,-35.3632680,149.1654215,17.84
57.46,20,follower,-35.3632680,149.1654215,17.07
57.95,20,follower,-35.3632680,149.1654215,16.32
58.45,20,follower,-35.3632680,149.1654215,15.64
58.95,20,follower,-35.3632680,149.1654215,15.16
59.45,20,follower,-35.3632680,149.1654215,14.96
59.95,20,follower,-35.3632680,149.1654215,14.97
60.45,20,follower,-35.3632680,149.1654215,15.01
60.95,20,follower,-35.3632680,149.1654215,15.03
61.45,20,follower,-35.3632680,149.1654215,15.02
61.95,20,follower,-35.3632680,149.1654215,15.02
62.46,20,follower,-35.3632680,149.1654216,15.01
62.95,20,follower,-35.3632680,149.1654216,15.01
63.45,20,follower,-35.3632680,149.1654216,15.01
63.95,20,follower,-35.3632680,149.1654216,15.01
64.45,20,follower,-35.3632680,149.1654216,15.01
64.96,20,follower,-35.3632680,149.1654216,15.00
65.46,20,follower,-35.3632680,149.1654216,15.00
65.96,20,follower,-35.3632680,149.1654215,15.00
66.46,20,follower,-35.3632680,149.1654215,15.00
66.95,20,follower,-35.3632680,149.1654215,15.00
67.45,20,follower,-35.3632680,149.1654215,15.00
67.96,20,follower,-35.3632680,149.1654215,15.00
68.46,20,follower,-35.3632680,149.1654215,15.00
68.96,20,follower,-35.3632680,149.1654215,15.00
69.46,20,follower,-35.3632681,149.1654215,15.00
69.95,20,follower,-35.3632681,149.1654215,15.00
70.45,20,follower,-35.3632681,149.1654216,15.00
70.96,20,follower,-35.3632681,149.1654216,15.00
71.46,20,follower,-35.3632681,149.1654216,15.00
71.95,20,follower,-35.3632681,149.1654216,15.00
72.46,20,follower,-35.3632681,149.1654216,15.00
72.96,20,follower,-35.3632681,149.1654216,15.00
73.45,20,follower,-35.3632681,149.1654216,15.00
73.95,20,follower,-35.3632681,149.1654216,15.00
74.45,20,follower,-35.3632681,149.1654216,15.00
74.95,20,follower,-35.3632681,149.1654216,15.00
75.46,20,follower,-35.3632680,149.1654215,15.00
75.96,20,follower,-35.3632680,149.1654215,15.00
76.46,20,follower,-35.3632680,149.1654215,15.00
76.96,20,follower,-35.3632680,149.1654215,15.00
77.46,20,follower,-35.3632680,149.1654215,15.00
77.96,20,follower,-35.3632681,149.1654215,15.00
78.46,20,follower,-35.3632681,149.1654215,15.00
78.95,20,follower,-35.3632681,149.1654215,15.00
79.46,20,follower,-35.3632681,149.1654215,15.00
79.96,20,follower,-35.3632681,149.1654215,15.00
80.46,20,follower,-35.3632681,149.1654215,15.00
80.96,20,follower,-35.3632681,149.1654215,15.00
81.45,20,follower,-35.3632681,149.1654215,15.00
81.96,20,follower,-35.3632681,149.1654215,15.00
82.46,20,follower,-35.3632681,149.1654215,15.00
82.96,20,follower,-35.3632681,149.1654216,15.00
83.46,20,follower,-35.3632681,149.1654216,15.00
83.96,20,follower,-35.3632680,149.1654216,15.00
84.46,20,follower,-35.3632680,149.1654216,15.00
84.96,20,follower,-35.3632680,149.1654216,15.00
85.46,20,follower,-35.3632680,149.1654216,15.00
85.96,20,follower,-35.3632680,149.1654216,15.00
86.46,20,follower,-35.3632681,149.1654216,15.00
86.96,20,follower,-35.3632681,149.1654216,15.00
87.46,20,follower,-35.3632681,149.1654216,15.00
87.96,20,follower,-35.3632681,149.1654216,15.00
88.46,20,follower,-35.3632681,149.1654215,15.00
88.96,20,follower,-35.3632681,149.1654215,15.00
89.46,20,follower,-35.3632681,149.1654215,15.00
89.96,20,follower,-35.3632681,149.1654215,15.00
90.46,20,follower,-35.3632681,149.1654215,15.00
90.96,20,follower,-35.3632681,149.1654215,15.00
91.46,20,follower,-35.3632681,149.1654215,15.00
91.96,20,follower,-35.3632681,149.1654215,15.00
92.46,20,follower,-35.3632681,149.1654215,15.00
92.96,20,follower,-35.3632681,149.1654215,15.00
93.46,20,follower,-35.3632681,149.1654216,15.00
93.96,20,follower,-35.3632681,149.1654216,15.00
94.46,20,follower,-35.3632681,149.1654216,15.00
94.96,20,follower,-35.3632681,149.1654216,15.00
95.46,20,follower,-35.3632680,149.1654216,15.00
95.96,20,follower,-35.3632680,149.1654216,15.00
96.46,20,follower,-35.3632680,149.1654216,15.00
96.96,20,follower,-35.3632680,149.1654216,15.00
97.46,20,follower,-35.3632680,149.1654216,15.00
97.96,20,follower,-35.3632680,149.1654216,15.00
98.46,20,follower,-35.3632680,149.1654216,15.00
98.96,20,follower,-35.3632680,149.1654216,15.00
99.46,20,follower,-35.3632680,149.1654216,15.00
99.96,20,follower,-35.3632680,149.1654216,15.00
100.46,20,follower,-35.3632680,149.1654216,15.00
100.96,20,follower,-35.3632680,149.1654216,15.00
101.46,20,follower,-35.3632680,149.1654216,15.00
101.96,20,follower,-35.3632680,149.1654216,15.00
102.46,20,follower,-35.3632680,149.1654216,15.00
102.96,20,follower,-35.3632680,149.1654216,15.00
103.46,20,follower,-35.3632680,149.1654216,15.00
103.96,20,follower,-35.3632680,149.1654216,15.00
104.46,20,follower,-35.3632680,149.1654216,15.00
104.96,20,follower,-35.3632680,149.1654216,15.00
105.46,20,follower,-35.3632680,149.1654216,15.00
105.96,20,follower,-35.3632680,149.1654216,15.00
106.46,20,follower,-35.3632680,149.1654216,15.00
106.96,20,follower,-35.3632680,149.1654216,15.00
107.46,20,follower,-35.3632680,149.1654216,15.00
107.96,20,follower,-35.3632680,149.1654216,15.00
108.46,20,follower,-35.3632680,149.1654216,15.00
108.96,20,follower,-35.3632680,149.1654216,15.00
109.46,20,follower,-35.3632680,149.1654216,15.00
109.96,20,follower,-35.3632680,149.1654216,15.00
110.47,20,follower,-35.3632680,149.1654216,15.00
110.96,20,follower,-35.3632680,149.1654216,15.00
111.46,20,follower,-35.3632680,149.1654216,15.00
111.96,20,follower,-35.3632680,149.1654216,15.00
112.46,20,follower,-35.3632680,149.1654216,15.00
112.97,20,follower,-35.3632680,149.1654216,15.00
113.47,20,follower,-35.3632680,149.1654216,15.00
113.97,20,follower,-35.3632680,149.1654216,15.00
114.47,20,follower,-35.3632680,149.1654216,15.00
114.96,20,follower,-35.3632680,149.1654216,15.00
115.47,20,follower,-35.3632680,149.1654216,15.00
115.96,20,follower,-35.3632680,149.1654216,15.00
116.46,20,follower,-35.3632680,149.1654216,15.00
116.97,20,follower,-35.3632680,149.1654216,15.00
117.47,20,follower,-35.3632680,149.1654216,15.00
117.97,20,follower,-35.3632680,149.1654216,15.00
118.46,20,follower,-35.3632680,149.1654216,15.00
118.96,20,follower,-35.3632680,149.1654216,15.00
119.46,20,follower,-35.3632680,149.1654216,15.00
119.96,20,follower,-35.3632680,149.1654216,15.00
120.46,20,follower,-35.3632680,149.1654216,15.00
120.97,20,follower,-35.3632681,149.1654216,15.00
121.47,20,follower,-35.3632680,149.1654216,15.00
121.97,20,follower,-35.3632680,149.1654216,15.00
122.46,20,follower,-35.3632680,149.1654216,15.00
122.97,20,follower,-35.3632680,149.1654216,15.00
123.47,20,follower,-35.3632680,149.1654216,15.00
123.96,20,follower,-35.3632680,149.1654216,15.00
124.46,20,follower,-35.3632680,149.1654216,15.00
124.97,20,follower,-35.3632680,149.1654216,15.00
125.47,20,follower,-35.3632680,149.1654216,15.00
125.97,20,follower,-35.3632680,149.1654216,15.00
126.47,20,follower,-35.3632680,149.1654216,15.00
126.97,20,follower,-35.3632680,149.1654216,15.00
127.47,20,follower,-35.3632680,149.1654216,15.00
127.97,20,follower,-35.3632680,149.1654216,15.00
128.47,20,follower,-35.3632680,149.1654216,15.00
128.96,20,follower,-35.3632680,149.1654216,15.00
129.47,20,follower,-35.3632680,149.1654216,15.00
129.97,20,follower,-35.3632680,149.1654216,15.00
130.47,20,follower,-35.3632680,149.1654216,15.00
130.97,20,follower,-35.3632680,149.1654216,15.00
131.47,20,follower,-35.3632680,149.1654216,15.00
131.96,20,follower,-35.3632680,149.1654216,15.00
132.47,20,follower,-35.3632680,149.1654216,15.00
132.97,20,follower,-35.3632680,149.1654216,15.00
133.47,20,follower,-35.3632680,149.1654216,15.00
133.96,20,follower,-35.3632680,149.1654216,15.00
134.47,20,follower,-35.3632680,149.1654216,15.00
134.97,20,follower,-35.3632680,149.1654216,15.00
135.47,20,follower,-35.3632680,149.1654216,15.00
135.97,20,follower,-35.3632680,149.1654216,15.00
136.46,20,follower,-35.3632680,149.1654216,15.00
136.97,20,follower,-35.3632680,149.1654216,15.00
137.47,20,follower,-35.3632680,149.1654216,15.00
137.97,20,follower,-35.3632680,149.1654216,15.00
138.47,20,follower,-35.3632680,149.1654216,15.00
138.97,20,follower,-35.3632680,149.1654216,15.00
139.47,20,follower,-35.3632680,149.1654216,15.00
139.97,20,follower,-35.3632680,149.1654216,15.00
140.47,20,follower,-35.3632680,149.1654216,15.00
140.97,20,follower,-35.3632680,149.1654216,15.00
141.47,20,follower,-35.3632680,149.1654216,15.00
141.97,20,follower,-35.3632680,149.1654216,15.00
142.47,20,follower,-35.3632680,149.1654216,15.00
142.97,20,follower,-35.3632680,149.1654216,15.00
143.47,20,follower,-35.3632680,149.1654216,15.00
143.97,20,follower,-35.3632680,149.1654216,15.00
144.47,20,follower,-35.3632680,149.1654216,15.00
144.97,20,follower,-35.3632678,149.1654215,15.00
145.47,20,follower,-35.3632643,149.1654214,15.00
145.97,20,follower,-35.3632550,149.1654213,15.00
146.47,20,follower,-35.3632427,149.1654212,15.00
146.97,20,follower,-35.3632323,149.1654212,15.00
147.47,20,follower,-35.3632232,149.1654213,15.00
147.97,20,follower,-35.3632141,149.1654213,15.00
148.47,20,follower,-35.3632049,149.1654213,15.00
148.97,20,follower,-35.3631955,149.1654213,15.00
149.47,20,follower,-35.3631862,149.1654213,15.00
149.97,20,follower,-35.3631770,149.1654213,15.00
150.47,20,follower,-35.3631679,149.1654213,15.00
150.97,20,follower,-35.3631589,149.1654213,15.00
151.47,20,follower,-35.3631500,149.1654213,15.00
151.97,20,follower,-35.3631412,149.1654213,15.00
152.47,20,follower,-35.3631323,149.1654213,15.00
152.97,20,follower,-35.3631234,149.1654213,15.00
153.47,20,follower,-35.3631145,149.1654213,15.00
153.97,20,follower,-35.3631056,149.1654213,15.00
154.47,20,follower,-35.3630967,149.1654213,15.00
154.97,20,follower,-35.3630878,149.1654213,15.00
155.47,20,follower,-35.3630790,149.1654213,15.00
155.97,20,follower,-35.3630701,149.1654213,15.00
156.47,20,follower,-35.3630606,149.1654213,15.00
156.97,20,follower,-35.3630508,149.1654213,15.00
157.47,20,follower,-35.3630418,149.1654213,15.00
157.97,20,follower,-35.3630325,149.1654213,15.00
158.47,20,follower,-35.3630240,149.1654213,15.00
158.97,20,follower,-35.3630144,149.1654213,15.00
159.47,20,follower,-35.3630055,149.1654213,15.00
159.97,20,follower,-35.3629964,149.1654213,15.00
160.47,20,follower,-35.3629901,149.1654213,15.00
160.97,20,follower,-35.3629897,149.1654213,15.00
161.47,20,follower,-35.3629936,149.1654230,15.00
161.97,20,follower,-35.3629966,149.1654294,15.00
162.47,20,follower,-35.3629965,149.1654418,15.00
162.97,20,follower,-35.3629962,149.1654607,15.01
163.47,20,follower,-35.3629960,149.1654809,15.01
163.98,20,follower,-35.3629962,149.1654959,15.00
164.47,20,follower,-35.3629967,149.1655075,15.00
164.97,20,follower,-35.3629973,149.1655189,15.00
165.48,20,follower,-35.3629978,149.1655304,15.00
165.97,20,follower,-35.3629981,149.1655418,15.00
166.47,20,follower,-35.3629981,149.1655531,15.00
166.97,20,follower,-35.3629981,149.1655642,15.00
167.47,20,follower,-35.3629981,149.1655752,15.00
167.97,20,follower,-35.3629981,149.1655861,15.00
168.48,20,follower,-35.3629981,149.1655969,15.00
168.97,20,follower,-35.3629981,149.1656078,15.00
169.47,20,follower,-35.3629981,149.1656187,15.00
169.97,20,follower,-35.3629981,149.1656297,15.00
170.47,20,follower,-35.3629980,149.1656406,15.00
170.97,20,follower,-35.3629980,149.1656516,15.00
171.47,20,follower,-35.3629980,149.1656625,15.00
171.97,20,follower,-35.3629980,149.1656734,15.00
172.48,20,follower,-35.3629980,149.1656851,15.00
172.97,20,follower,-35.3629980,149.1656972,15.00
173.47,20,follower,-35.3629980,149.1657080,15.00
173.98,20,follower,-35.3629980,149.1657196,15.00
174.48,20,follower,-35.3629980,149.1657304,15.00
174.97,20,follower,-35.3629980,149.1657418,15.00
175.48,20,follower,-35.3629981,149.1657507,15.00
175.97,20,follower,-35.3629982,149.1657530,15.00
176.47,20,follower,-35.3629990,149.1657489,15.00
176.98,20,follower,-35.3630033,149.1657443,15.00
177.48,20,follower,-35.3630121,149.1657439,15.00
177.98,20,follower,-35.3630263,149.1657444,15.01
178.48,20,follower,-35.3630431,149.1657445,15.01
178.97,20,follower,-35.3630566,149.1657442,15.00
179.48,20,follower,-35.3630664,149.1657435,15.00
179.97,20,follower,-35.3630757,149.1657427,15.00
180.47,20,follower,-35.3630852,149.1657421,15.00
180.98,20,follower,-35.3630945,149.1657418,15.00
181.48,20,follower,-35.3631038,149.1657417,15.00
181.98,20,follower,-35.3631129,149.1657417,15.00
182.48,20,follower,-35.3631218,149.1657417,15.00
182.98,20,follower,-35.3631307,149.1657418,15.00
183.48,20,follower,-35.3631395,149.1657418,15.00
183.98,20,follower,-35.3631484,149.1657418,15.00
184.48,20,follower,-35.3631572,149.1657418,15.00
184.97,20,follower,-35.3631661,149.1657418,15.00
185.47,20,follower,-35.3631750,149.1657418,15.00
185.97,20,follower,-35.3631839,149.1657418,15.00
186.47,20,follower,-35.3631929,149.1657418,15.00
186.98,20,follower,-35.3632018,149.1657418,15.00
187.48,20,follower,-35.3632108,149.1657418,15.00
187.98,20,follower,-35.3632204,149.1657418,15.00
188.47,20,follower,-35.3632300,149.1657418,15.00
188.97,20,follower,-35.3632395,149.1657418,15.00
189.48,20,follower,-35.3632481,149.1657419,15.00
189.98,20,follower,-35.3632573,149.1657419,15.00
190.48,20,follower,-35.3632649,149.1657418,15.00
190.98,20,follower,-35.3632683,149.1657417,15.00
191.48,20,follower,-35.3632661,149.1657407,15.00
191.98,20,follower,-35.3632627,149.1657359,15.00
192.48,20,follower,-35.3632621,149.1657253,15.00
192.98,20,follower,-35.3632621,149.1657079,15.01
193.48,20,follower,-35.3632619,149.1656878,15.01
193.98,20,follower,-35.3632616,149.1656719,15.00
194.48,20,follower,-35.3632610,149.1656602,15.00
194.98,20,follower,-35.3632603,149.1656488,15.00
195.48,20,follower,-35.3632598,149.1656372,15.00
195.97,20,follower,-35.3632595,149.1656256,15.00
196.48,20,follower,-35.3632594,149.1656142,15.00
196.98,20,follower,-35.3632594,149.1656030,15.00
197.48,20,follower,-35.3632594,149.1655920,15.00
197.98,20,follower,-35.3632594,149.1655811,15.00
198.48,20,follower,-35.3632594,149.1655702,15.00
198.98,20,follower,-35.3632594,149.1655594,15.00
199.48,20,follower,-35.3632595,149.1655486,15.00
199.98,20,follower,-35.3632595,149.1655377,15.00
200.48,20,follower,-35.3632595,149.1655268,15.00
200.98,20,follower,-35.3632595,149.1655159,15.00
201.48,20,follower,-35.3632595,149.1655051,15.00
201.98,20,follower,-35.3632595,149.1654941,15.00
202.48,20,follower,-35.3632595,149.1654832,15.00
202.98,20,follower,-35.3632595,149.1654722,15.00
203.48,20,follower,-35.3632595,149.1654605,15.00
203.98,20,follower,-35.3632595,149.1654480,15.00
204.48,20,follower,-35.3632595,149.1654369,15.00
204.98,20,follower,-35.3632595,149.1654255,15.00
205.48,20,follower,-35.3632595,149.1654154,15.00
205.98,20,follower,-35.3632595,149.1654094,15.00
206.48,20,follower,-35.3632594,149.1654106,15.00
206.98,20,follower,-35.3632592,149.1654145,15.00
207.48,20,follower,-35.3632591,149.1654160,15.00
207.98,20,follower,-35.3632592,149.1654164,15.00
208.48,20,follower,-35.3632592,149.1654166,15.00
208.98,20,follower,-35.3632593,149.1654169,15.00
209.48,20,follower,-35.3632594,149.1654174,15.00
209.98,20,follower,-35.3632594,149.1654179,15.00
210.48,20,follower,-35.3632595,149.1654183,15.00
210.98,20,follower,-35.3632595,149.1654185,15.00
46.95,21,follower,-35.3633638,149.1650785,2.23
47.45,21,follower,-35.3633638,149.1650785,3.39
47.95,21,follower,-35.3633638,149.1650785,4.67
48.45,21,follower,-35.3633638,149.1650785,5.95
48.95,21,follower,-35.3633637,149.1650785,7.19
49.45,21,follower,-35.3633637,149.1650785,8.42
49.95,21,follower,-35.3633637,149.1650785,9.66
50.45,21,follower,-35.3633637,149.1650785,10.90
50.95,21,follower,-35.3633637,149.1650785,12.13
51.45,21,follower,-35.3633637,149.1650785,13.28
51.95,21,follower,-35.3633637,149.1650785,14.67
52.45,21,follower,-35.3633637,149.1650785,16.32
52.95,21,follower,-35.3633637,149.1650785,17.55
53.45,21,follower,-35.3633637,149.1650785,18.40
53.95,21,follower,-35.3633637,149.1650785,18.97
54.45,21,follower,-35.3633637,149.1650785,19.29
54.95,21,follower,-35.3633637,149.1650785,19.37
55.45,21,follower,-35.3633637,149.1650785,19.22
55.96,21,follower,-35.3633637,149.1650785,18.82
56.45,21,follower,-35.3633637,149.1650785,18.16
56.95,21,follower,-35.3633637,149.1650785,17.38
57.46,21,follower,-35.3633637,149.1650785,16.62
57.95,21,follower,-35.3633637,149.1650785,15.89
58.45,21,follower,-35.3633637,149.1650785,15.32
58.95,21,follower,-35.3633637,149.1650785,15.01
59.46,21,follower,-35.3633637,149.1650785,14.95
59.95,21,follower,-35.3633637,149.1650785,15.00
60.46,21,follower,-35.3633637,149.1650785,15.02
60.95,21,follower,-35.3633637,149.1650785,15.02
61.46,21,follower,-35.3633637,149.1650785,15.02
61.95,21,follower,-35.3633637,149.1650785,15.02
62.45,21,follower,-35.3633637,149.1650786,15.01
62.95,21,follower,-35.3633637,149.1650786,15.01
63.46,21,follower,-35.3633637,149.1650786,15.01
63.96,21,follower,-35.3633637,149.1650786,15.01
64.45,21,follower,-35.3633637,149.1650786,15.01
64.95,21,follower,-35.3633637,149.1650786,15.00
65.46,21,follower,-35.3633637,149.1650786,15.00
65.96,21,follower,-35.3633637,149.1650786,15.00
66.46,21,follower,-35.3633637,149.1650786,15.00
66.95,21,follower,-35.3633637,149.1650786,15.00
67.46,21,follower,-35.3633637,149.1650786,15.00
67.95,21,follower,-35.3633637,149.1650786,15.00
68.45,21,follower,-35.3633637,149.1650786,15.00
68.96,21,follower,-35.3633637,149.1650786,15.00
69.45,21,follower,-35.3633637,149.1650786,15.00
69.96,21,follower,-35.3633637,149.1650786,15.00
70.45,21,follower,-35.3633637,149.1650786,15.00
70.96,21,follower,-35.3633637,149.1650786,15.00
71.45,21,follower,-35.3633637,149.1650786,15.00
71.96,21,follower,-35.3633637,149.1650786,15.00
72.46,21,follower,-35.3633637,149.1650786,15.00
72.96,21,follower,-35.3633637,149.1650786,15.00
73.45,21,follower,-35.3633637,149.1650786,15.00
73.96,21,follower,-35.3633637,149.1650786,15.00
74.46,21,follower,-35.3633637,149.1650786,15.00
74.96,21,follower,-35.3633637,149.1650786,15.00
75.46,21,follower,-35.3633637,149.1650786,15.00
75.96,21,follower,-35.3633637,149.1650786,15.00
76.45,21,follower,-35.3633637,149.1650786,15.00
76.96,21,follower,-35.3633637,149.1650786,15.00
77.46,21,follower,-35.3633637,149.1650786,15.00
77.96,21,follower,-35.3633637,149.1650786,15.00
78.46,21,follower,-35.3633637,149.1650785,15.00
78.95,21,follower,-35.3633637,149.1650785,15.00
79.45,21,follower,-35.3633637,149.1650785,15.00
79.96,21,follower,-35.3633637,149.1650785,15.00
80.46,21,follower,-35.3633637,149.1650785,15.00
80.96,21,follower,-35.3633637,149.1650785,15.00
81.46,21,follower,-35.3633637,149.1650785,15.00
81.96,21,follower,-35.3633637,149.1650785,15.00
82.45,21,follower,-35.3633637,149.1650785,15.00
82.96,21,follower,-35.3633637,149.1650785,15.00
83.46,21,follower,-35.3633637,149.1650785,15.00
83.96,21,follower,-35.3633637,149.1650786,15.00
84.46,21,follower,-35.3633637,149.1650786,15.00
84.96,21,follower,-35.3633637,149.1650786,15.00
85.46,21,follower,-35.3633637,149.1650786,15.00
85.96,21,follower,-35.3633637,149.1650786,15.00
86.46,21,follower,-35.3633637,149.1650786,15.00
86.96,21,follower,-35.3633637,149.1650786,15.00
87.46,21,follower,-35.3633637,149.1650786,15.00
87.96,21,follower,-35.3633637,149.1650786,15.00
88.46,21,follower,-35.3633637,149.1650786,15.00
88.96,21,follower,-35.3633637,149.1650786,15.00
89.46,21,follower,-35.3633637,149.1650786,15.00
89.96,21,follower,-35.3633637,149.1650786,15.00
90.46,21,follower,-35.3633637,149.1650786,15.00
90.96,21,follower,-35.3633637,149.1650786,15.00
91.46,21,follower,-35.3633637,149.1650785,15.00
91.96,21,follower,-35.3633637,149.1650785,15.00
92.46,21,follower,-35.3633637,149.1650785,15.00
92.96,21,follower,-35.3633637,149.1650785,15.00
93.46,21,follower,-35.3633637,149.1650785,15.00
93.96,21,follower,-35.3633637,149.1650785,15.00
94.46,21,follower,-35.3633637,149.1650785,15.00
94.96,21,follower,-35.3633637,149.1650785,15.00
95.46,21,follower,-35.3633637,149.1650785,15.00
95.96,21,follower,-35.3633637,149.1650785,15.00
96.46,21,follower,-35.3633637,149.1650785,15.00
96.96,21,follower,-35.3633637,149.1650785,15.00
97.46,21,follower,-35.3633637,149.1650785,15.00
97.96,21,follower,-35.3633637,149.1650785,15.00
98.46,21,follower,-35.3633637,149.1650785,15.00
98.96,21,follower,-35.3633637,149.1650785,15.00
99.46,21,follower,-35.3633637,149.1650786,15.00
99.96,21,follower,-35.3633637,149.1650786,15.00
100.46,21,follower,-35.3633637,149.1650786,15.00
100.96,21,follower,-35.3633637,149.1650785,15.00
101.46,21,follower,-35.3633637,149.1650785,15.00
101.96,21,follower,-35.3633637,149.1650785,15.00
102.46,21,follower,-35.3633637,149.1650785,15.00
102.96,21,follower,-35.3633637,149.1650785,15.00
103.46,21,follower,-35.3633637,149.1650785,15.00
103.96,21,follower,-35.3633637,149.1650785,15.00
104.46,21,follower,-35.3633637,149.1650785,15.00
104.96,21,follower,-35.3633637,149.1650785,15.00
105.46,21,follower,-35.3633637,149.1650785,15.00
105.96,21,follower,-35.3633637,149.1650785,15.00
106.46,21,follower,-35.3633637,149.1650785,15.00
106.96,21,follower,-35.3633637,149.1650785,15.00
107.46,21,follower,-35.3633637,149.1650785,15.00
107.96,21,follower,-35.3633637,149.1650785,15.00
108.46,21,follower,-35.3633637,149.1650785,15.00
108.96,21,follower,-35.3633637,149.1650785,15.00
109.46,21,follower,-35.3633637,149.1650785,15.00
109.97,21,follower,-35.3633637,149.1650785,15.00
110.46,21,follower,-35.3633637,149.1650785,15.00
110.97,21,follower,-35.3633637,149.1650785,15.00
111.46,21,follower,-35.3633637,149.1650785,15.00
111.96,21,follower,-35.3633637,149.1650785,15.00
112.46,21,follower,-35.3633637,149.1650785,15.00
112.96,21,follower,-35.3633637,149.1650785,15.00
113.46,21,follower,-35.3633637,149.1650785,15.00
113.97,21,follower,-35.3633637,149.1650785,15.00
114.47,21,follower,-35.3633637,149.1650785,15.00
114.97,21,follower,-35.3633637,149.1650785,15.00
115.47,21,follower,-35.3633637,149.1650785,15.00
115.96,21,follower,-35.3633637,149.1650785,15.00
116.47,21,follower,-35.3633637,149.1650785,15.00
116.97,21,follower,-35.3633637,149.1650785,15.00
117.46,21,follower,-35.3633637,149.1650785,15.00
117.96,21,follower,-35.3633637,149.1650785,15.00
118.46,21,follower,-35.3633637,149.1650785,15.00
118.97,21,follower,-35.3633637,149.1650786,15.00
119.46,21,follower,-35.3633637,149.1650785,15.00
119.96,21,follower,-35.3633637,149.1650785,15.00
120.46,21,follower,-35.3633637,149.1650785,15.00
120.97,21,follower,-35.3633637,149.1650785,15.00
121.47,21,follower,-35.3633637,149.1650785,15.00
121.97,21,follower,-35.3633637,149.1650785,15.00
122.46,21,follower,-35.3633637,149.1650785,15.00
122.96,21,follower,-35.3633637,149.1650785,15.00
123.47,21,follower,-35.3633637,149.1650785,15.00
123.96,21,follower,-35.3633637,149.1650785,15.00
124.46,21,follower,-35.3633637,149.1650785,15.00
124.96,21,follower,-35.3633637,149.1650785,15.00
125.47,21,follower,-35.3633637,149.1650785,15.00
125.96,21,follower,-35.3633637,149.1650785,15.00
126.47,21,follower,-35.3633637,149.1650785,15.00
126.97,21,follower,-35.3633637,149.1650785,15.00
127.47,21,follower,-35.3633637,149.1650785,15.00
127.97,21,follower,-35.3633637,149.1650785,15.00
128.47,21,follower,-35.3633637,149.1650785,15.00
128.96,21,follower,-35.3633637,149.1650785,15.00
129.47,21,follower,-35.3633637,149.1650785,15.00
129.97,21,follower,-35.3633637,149.1650785,15.00
130.47,21,follower,-35.3633637,149.1650785,15.00
130.96,21,follower,-35.3633637,149.1650785,15.00
131.47,21,follower,-35.3633637,149.1650785,15.00
131.97,21,follower,-35.3633637,149.1650785,15.00
132.47,21,follower,-35.3633637,149.1650785,15.00
132.97,21,follower,-35.3633637,149.1650785,15.00
133.47,21,follower,-35.3633637,149.1650785,15.00
133.97,21,follower,-35.3633637,149.1650785,15.00
134.46,21,follower,-35.3633637,149.1650785,15.00
134.97,21,follower,-35.3633637,149.1650785,15.00
135.47,21,follower,-35.3633637,149.1650785,15.00
135.97,21,follower,-35.3633637,149.1650785,15.00
136.46,21,follower,-35.3633637,149.1650785,15.00
136.96,21,follower,-35.3633637,149.1650785,15.00
137.47,21,follower,-35.3633637,149.1650785,15.00
137.97,21,follower,-35.3633637,149.1650785,15.00
138.47,21,follower,-35.3633637,149.1650785,15.00
138.97,21,follower,-35.3633637,149.1650785,15.00
139.47,21,follower,-35.3633637,149.1650785,15.00
139.97,21,follower,-35.3633637,149.1650785,15.00
140.47,21,follower,-35.3633637,149.1650785,15.00
140.97,21,follower,-35.3633637,149.1650785,15.00
141.47,21,follower,-35.3633637,149.1650785,15.00
141.97,21,follower,-35.3633637,149.1650785,15.00
142.47,21,follower,-35.3633637,149.1650785,15.00
142.97,21,follower,-35.3633637,149.1650785,15.00
143.47,21,follower,-35.3633637,149.1650785,15.00
143.97,21,follower,-35.3633637,149.1650785,15.00
144.47,21,follower,-35.3633637,149.1650785,15.00
144.97,21,follower,-35.3633635,149.1650785,15.00
145.47,21,follower,-35.3633600,149.1650784,15.00
145.97,21,follower,-35.3633506,149.1650782,15.00
146.47,21,follower,-35.3633385,149.1650782,15.00
146.97,21,follower,-35.3633283,149.1650782,15.00
147.47,21,follower,-35.3633191,149.1650783,15.00
147.97,21,follower,-35.3633100,149.1650783,15.00
148.47,21,follower,-35.3633008,149.1650783,15.00
148.97,21,follower,-35.3632914,149.1650783,15.00
149.47,21,follower,-35.3632820,149.1650783,15.00
149.97,21,follower,-35.3632728,149.1650783,15.00
150.47,21,follower,-35.3632637,149.1650783,15.00
150.97,21,follower,-35.3632546,149.1650783,15.00
151.47,21,follower,-35.3632457,149.1650783,15.00
151.97,21,follower,-35.3632367,149.1650783,15.00
152.47,21,follower,-35.3632278,149.1650783,15.00
152.97,21,follower,-35.3632188,149.1650783,15.00
153.47,21,follower,-35.3632098,149.1650783,15.00
153.97,21,follower,-35.3632008,149.1650783,15.00
154.47,21,follower,-35.3631919,149.1650783,15.00
154.97,21,follower,-35.3631830,149.1650783,15.00
155.47,21,follower,-35.3631742,149.1650783,15.00
155.97,21,follower,-35.3631653,149.1650783,15.00
156.47,21,follower,-35.3631564,149.1650783,15.00
156.97,21,follower,-35.3631475,149.1650783,15.00
157.47,21,follower,-35.3631386,149.1650783,15.00
157.97,21,follower,-35.3631298,149.1650783,15.00
158.47,21,follower,-35.3631209,149.1650783,15.00
158.97,21,follower,-35.3631121,149.1650783,15.00
159.47,21,follower,-35.3631030,149.1650783,15.00
159.97,21,follower,-35.3630930,149.1650783,15.00
160.47,21,follower,-35.3630858,149.1650783,15.00
160.97,21,follower,-35.3630848,149.1650783,15.00
161.47,21,follower,-35.3630884,149.1650796,15.00
161.97,21,follower,-35.3630918,149.1650854,15.00
162.47,21,follower,-35.3630920,149.1650970,15.00
162.97,21,follower,-35.3630917,149.1651152,15.01
163.47,21,follower,-35.3630917,149.1651350,15.01
163.97,21,follower,-35.3630919,149.1651510,15.00
164.47,21,follower,-35.3630927,149.1651628,15.00
164.97,21,follower,-35.3630934,149.1651750,15.00
165.47,21,follower,-35.3630938,149.1651874,15.00
165.97,21,follower,-35.3630939,149.1651994,15.00
166.48,21,follower,-35.3630939,149.1652111,15.00
166.97,21,follower,-35.3630939,149.1652224,15.00
167.47,21,follower,-35.3630938,149.1652334,15.00
167.98,21,follower,-35.3630938,149.1652443,15.00
168.47,21,follower,-35.3630938,149.1652551,15.00
168.97,21,follower,-35.3630938,149.1652659,15.00
169.47,21,follower,-35.3630938,149.1652768,15.00
169.97,21,follower,-35.3630938,149.1652877,15.00
170.47,21,follower,-35.3630937,149.1652986,15.00
170.97,21,follower,-35.3630937,149.1653095,15.00
171.48,21,follower,-35.3630937,149.1653205,15.00
171.97,21,follower,-35.3630937,149.1653314,15.00
172.47,21,follower,-35.3630937,149.1653423,15.00
172.97,21,follower,-35.3630937,149.1653532,15.00
173.48,21,follower,-35.3630937,149.1653641,15.00
173.97,21,follower,-35.3630937,149.1653749,15.00
174.48,21,follower,-35.3630937,149.1653858,15.00
174.98,21,follower,-35.3630937,149.1653967,15.00
175.48,21,follower,-35.3630937,149.1654065,15.00
175.98,21,follower,-35.3630938,149.1654105,15.00
176.48,21,follower,-35.3630943,149.1654076,15.00
176.97,21,follower,-35.3630980,149.1654029,15.00
177.48,21,follower,-35.3631063,149.1654018,15.00
177.97,21,follower,-35.3631200,149.1654018,15.01
178.48,21,follower,-35.3631366,149.1654017,15.01
178.97,21,follower,-35.3631506,149.1654012,15.00
179.48,21,follower,-35.3631603,149.1654004,15.00
179.97,21,follower,-35.3631704,149.1653995,15.00
180.48,21,follower,-35.3631804,149.1653990,15.00
180.98,21,follower,-35.3631905,149.1653988,15.00
181.48,21,follower,-35.3631993,149.1653987,15.00
181.98,21,follower,-35.3632088,149.1653988,15.00
182.47,21,follower,-35.3632183,149.1653988,15.00
182.98,21,follower,-35.3632275,149.1653988,15.00
183.48,21,follower,-35.3632365,149.1653988,15.00
183.98,21,follower,-35.3632454,149.1653988,15.00
184.48,21,follower,-35.3632543,149.1653988,15.00
184.98,21,follower,-35.3632631,149.1653988,15.00
185.48,21,follower,-35.3632720,149.1653988,15.00
185.98,21,follower,-35.3632808,149.1653988,15.00
186.48,21,follower,-35.3632897,149.1653988,15.00
186.98,21,follower,-35.3632986,149.1653988,15.00
187.48,21,follower,-35.3633076,149.1653988,15.00
187.98,21,follower,-35.3633165,149.1653988,15.00
188.48,21,follower,-35.3633254,149.1653988,15.00
188.98,21,follower,-35.3633343,149.1653988,15.00
189.48,21,follower,-35.3633432,149.1653988,15.00
189.98,21,follower,-35.3633521,149.1653988,15.00
190.48,21,follower,-35.3633603,149.1653988,15.00
190.98,21,follower,-35.3633647,149.1653988,15.00
191.48,21,follower,-35.3633631,149.1653984,15.00
191.98,21,follower,-35.3633588,149.1653950,15.00
192.48,21,follower,-35.3633573,149.1653863,15.00
192.98,21,follower,-35.3633575,149.1653712,15.00
193.48,21,follower,-35.3633575,149.1653508,15.01
193.98,21,follower,-35.3633573,149.1653314,15.01
194.48,21,follower,-35.3633568,149.1653177,15.00
194.98,21,follower,-35.3633561,149.1653057,15.00
195.48,21,follower,-35.3633555,149.1652949,15.00
195.98,21,follower,-35.3633552,149.1652832,15.00
196.48,21,follower,-35.3633551,149.1652714,15.00
196.98,21,follower,-35.3633551,149.1652596,15.00
197.48,21,follower,-35.3633551,149.1652482,15.00
197.98,21,follower,-35.3633551,149.1652371,15.00
198.48,21,follower,-35.3633551,149.1652261,15.00
198.98,21,follower,-35.3633551,149.1652152,15.00
199.48,21,follower,-35.3633551,149.1652043,15.00
199.98,21,follower,-35.3633551,149.1651935,15.00
200.48,21,follower,-35.3633551,149.1651826,15.00
200.98,21,follower,-35.3633551,149.1651718,15.00
201.48,21,follower,-35.3633551,149.1651608,15.00
201.98,21,follower,-35.3633551,149.1651499,15.00
202.48,21,follower,-35.3633551,149.1651389,15.00
202.98,21,follower,-35.3633551,149.1651279,15.00
203.48,21,follower,-35.3633551,149.1651170,15.00
203.98,21,follower,-35.3633551,149.1651062,15.00
204.48,21,follower,-35.3633551,149.1650955,15.00
204.98,21,follower,-35.3633551,149.1650847,15.00
205.48,21,follower,-35.3633551,149.1650744,15.00
205.98,21,follower,-35.3633551,149.1650684,15.00
206.48,21,follower,-35.3633551,149.1650690,15.00
206.98,21,follower,-35.3633550,149.1650716,15.00
207.48,21,follower,-35.3633549,149.1650730,15.00
207.98,21,follower,-35.3633549,149.1650734,15.00
208.48,21,follower,-35.3633550,149.1650736,15.00
208.98,21,follower,-35.3633550,149.1650739,15.00
209.48,21,follower,-35.3633550,149.1650744,15.00
209.98,21,follower,-35.3633551,149.1650749,15.00
210.48,21,follower,-35.3633551,149.1650752,15.00
210.98,21,follower,-35.3633551,149.1650755,15.00
46.95,22,follower,-35.3630977,149.1652568,2.23
47.45,22,follower,-35.3630977,149.1652568,3.39
47.95,22,follower,-35.3630977,149.1652567,4.67
48.45,22,follower,-35.3630977,149.1652567,5.95
48.96,22,follower,-35.3630977,149.1652567,7.19
49.45,22,follower,-35.3630977,149.1652567,8.42
49.95,22,follower,-35.3630977,149.1652567,9.66
50.45,22,follower,-35.3630977,149.1652567,10.90
50.95,22,follower,-35.3630977,149.1652568,12.13
51.45,22,follower,-35.3630978,149.1652568,13.29
51.95,22,follower,-35.3630978,149.1652568,14.72
52.45,22,follower,-35.3630978,149.1652568,16.43
52.95,22,follower,-35.3630978,149.1652567,17.70
53.45,22,follower,-35.3630978,149.1652566,18.57
53.95,22,follower,-35.3630977,149.1652566,19.16
54.46,22,follower,-35.3630977,149.1652566,19.50
54.96,22,follower,-35.3630977,149.1652566,19.61
55.45,22,follower,-35.3630977,149.1652566,19.48
55.95,22,follower,-35.3630977,149.1652566,19.10
56.46,22,follower,-35.3630977,149.1652566,18.47
56.96,22,follower,-35.3630977,149.1652566,17.69
57.45,22,follower,-35.3630977,149.1652566,16.92
57.95,22,follower,-35.3630977,149.1652566,16.18
58.46,22,follower,-35.3630977,149.1652566,15.52
58.95,22,follower,-35.3630977,149.1652566,15.10
59.46,22,follower,-35.3630977,149.1652566,14.95
59.95,22,follower,-35.3630977,149.1652566,14.98
60.46,22,follower,-35.3630977,149.1652566,15.02
60.95,22,follower,-35.3630977,149.1652566,15.03
61.46,22,follower,-35.3630977,149.1652566,15.02
61.95,22,follower,-35.3630977,149.1652566,15.02
62.45,22,follower,-35.3630977,149.1652567,15.01
62.96,22,follower,-35.3630977,149.1652567,15.01
63.45,22,follower,-35.3630977,149.1652567,15.01
63.95,22,follower,-35.3630977,149.1652567,15.01
64.46,22,follower,-35.3630977,149.1652567,15.01
64.96,22,follower,-35.3630977,149.1652567,15.00
65.45,22,follower,-35.3630977,149.1652567,15.00
65.96,22,follower,-35.3630977,149.1652567,15.00
66.46,22,follower,-35.3630977,149.1652567,15.00
66.96,22,follower,-35.3630977,149.1652567,15.00
67.46,22,follower,-35.3630977,149.1652567,15.00
67.95,22,follower,-35.3630977,149.1652567,15.00
68.45,22,follower,-35.3630977,149.1652567,15.00
68.95,22,follower,-35.3630977,149.1652567,15.00
69.46,22,follower,-35.3630978,149.1652567,15.00
69.96,22,follower,-35.3630978,149.1652567,15.00
70.45,22,follower,-35.3630978,149.1652567,15.00
70.95,22,follower,-35.3630978,149.1652567,15.00
71.46,22,follower,-35.3630978,149.1652567,15.00
71.96,22,follower,-35.3630978,149.1652567,15.00
72.46,22,follower,-35.3630978,149.1652567,15.00
72.96,22,follower,-35.3630978,149.1652567,15.00
73.46,22,follower,-35.3630978,149.1652567,15.00
73.96,22,follower,-35.3630978,149.1652567,15.00
74.46,22,follower,-35.3630978,149.1652567,15.00
74.96,22,follower,-35.3630977,149.1652567,15.00
75.45,22,follower,-35.3630977,149.1652567,15.00
75.96,22,follower,-35.3630977,149.1652567,15.00
76.46,22,follower,-35.3630977,149.1652567,15.00
76.96,22,follower,-35.3630977,149.1652567,15.00
77.46,22,follower,-35.3630977,149.1652567,15.00
77.96,22,follower,-35.3630978,149.1652567,15.00
78.46,22,follower,-35.3630978,149.1652567,15.00
78.96,22,follower,-35.3630978,149.1652566,15.00
79.46,22,follower,-35.3630978,149.1652566,15.00
79.96,22,follower,-35.3630978,149.1652566,15.00
80.46,22,follower,-35.3630978,149.1652566,15.00
80.96,22,follower,-35.3630978,149.1652566,15.00
81.46,22,follower,-35.3630978,149.1652566,15.00
81.96,22,follower,-35.3630978,149.1652566,15.00
82.46,22,follower,-35.3630978,149.1652566,15.00
82.96,22,follower,-35.3630978,149.1652566,15.00
83.46,22,follower,-35.3630978,149.1652566,15.00
83.96,22,follower,-35.3630977,149.1652566,15.00
84.46,22,follower,-35.3630977,149.1652566,15.00
84.96,22,follower,-35.3630977,149.1652567,15.00
85.46,22,follower,-35.3630977,149.1652567,15.00
85.96,22,follower,-35.3630977,149.1652567,15.00
86.46,22,follower,-35.3630978,149.1652567,15.00
86.96,22,follower,-35.3630978,149.1652567,15.00
87.46,22,follower,-35.3630978,149.1652567,15.00
87.96,22,follower,-35.3630978,149.1652567,15.00
88.46,22,follower,-35.3630978,149.1652567,15.00
88.96,22,follower,-35.3630978,149.1652567,15.00
89.46,22,follower,-35.3630978,149.1652567,15.00
89.96,22,follower,-35.3630978,149.1652567,15.00
90.46,22,follower,-35.3630978,149.1652567,15.00
90.96,22,follower,-35.3630978,149.1652567,15.00
91.46,22,follower,-35.3630978,149.1652567,15.00
91.96,22,follower,-35.3630978,149.1652566,15.00
92.46,22,follower,-35.3630978,149.1652566,15.00
92.96,22,follower,-35.3630978,149.1652566,15.00
93.46,22,follower,-35.3630978,149.1652566,15.00
93.96,22,follower,-35.3630978,149.1652566,15.00
94.46,22,follower,-35.3630978,149.1652566,15.00
94.96,22,follower,-35.3630978,149.1652566,15.00
95.46,22,follower,-35.3630977,149.1652566,15.00
95.96,22,follower,-35.3630977,149.1652566,15.00
96.46,22,follower,-35.3630977,149.1652566,15.00
96.96,22,follower,-35.3630977,149.1652566,15.00
97.46,22,follower,-35.3630977,149.1652566,15.00
97.96,22,follower,-35.3630977,149.1652566,15.00
98.46,22,follower,-35.3630978,149.1652566,15.00
98.96,22,follower,-35.3630977,149.1652566,15.00
99.46,22,follower,-35.3630977,149.1652566,15.00
99.96,22,follower,-35.3630977,149.1652566,15.00
100.46,22,follower,-35.3630977,149.1652567,15.00
100.96,22,follower,-35.3630977,149.1652566,15.00
101.46,22,follower,-35.3630977,149.1652566,15.00
101.96,22,follower,-35.3630977,149.1652566,15.00
102.46,22,follower,-35.3630977,149.1652566,15.00
102.96,22,follower,-35.3630977,149.1652566,15.00
103.46,22,follower,-35.3630977,149.1652566,15.00
103.96,22,follower,-35.3630977,149.1652566,15.00
104.46,22,follower,-35.3630977,149.1652566,15.00
104.96,22,follower,-35.3630977,149.1652566,15.00
105.47,22,follower,-35.3630977,149.1652566,15.00
105.96,22,follower,-35.3630977,149.1652566,15.00
106.46,22,follower,-35.3630977,149.1652566,15.00
106.96,22,follower,-35.3630977,149.1652566,15.00
107.46,22,follower,-35.3630977,149.1652566,15.00
107.96,22,follower,-35.3630977,149.1652566,15.00
108.46,22,follower,-35.3630977,149.1652566,15.00
108.96,22,follower,-35.3630977,149.1652566,15.00
109.47,22,follower,-35.3630977,149.1652566,15.00
109.96,22,follower,-35.3630977,149.1652566,15.00
110.46,22,follower,-35.3630977,149.1652566,15.00
110.96,22,follower,-35.3630977,149.1652566,15.00
111.46,22,follower,-35.3630977,149.1652566,15.00
111.96,22,follower,-35.3630977,149.1652566,15.00
112.46,22,follower,-35.3630977,149.1652566,15.00
112.96,22,follower,-35.3630977,149.1652566,15.00
113.46,22,follower,-35.3630977,149.1652566,15.00
113.96,22,follower,-35.3630977,149.1652566,15.00
114.47,22,follower,-35.3630977,149.1652566,15.00
114.96,22,follower,-35.3630977,149.1652566,15.00
115.46,22,follower,-35.3630977,149.1652566,15.00
115.97,22,follower,-35.3630977,149.1652566,15.00
116.46,22,follower,-35.3630977,149.1652566,15.00
116.97,22,follower,-35.3630977,149.1652566,15.00
117.46,22,follower,-35.3630977,149.1652566,15.00
117.97,22,follower,-35.3630977,149.1652567,15.00
118.47,22,follower,-35.3630977,149.1652567,15.00
118.97,22,follower,-35.3630977,149.1652566,15.00
119.47,22,follower,-35.3630977,149.1652566,15.00
119.96,22,follower,-35.3630977,149.1652566,15.00
120.47,22,follower,-35.3630978,149.1652566,15.00
120.96,22,follower,-35.3630977,149.1652566,15.00
121.47,22,follower,-35.3630977,149.1652566,15.00
121.97,22,follower,-35.3630977,149.1652566,15.00
122.46,22,follower,-35.3630977,149.1652566,15.00
122.96,22,follower,-35.3630977,149.1652566,15.00
123.46,22,follower,-35.3630977,149.1652566,15.00
123.97,22,follower,-35.3630977,149.1652566,15.00
124.46,22,follower,-35.3630977,149.1652566,15.00
124.96,22,follower,-35.3630977,149.1652566,15.00
125.46,22,follower,-35.3630977,149.1652566,15.00
125.97,22,follower,-35.3630977,149.1652566,15.00
126.47,22,follower,-35.3630977,149.1652566,15.00
126.96,22,follower,-35.3630977,149.1652566,15.00
127.47,22,follower,-35.3630977,149.1652566,15.00
127.96,22,follower,-35.3630977,149.1652566,15.00
128.47,22,follower,-35.3630977,149.1652566,15.00
128.97,22,follower,-35.3630977,149.1652566,15.00
129.47,22,follower,-35.3630977,149.1652566,15.00
129.97,22,follower,-35.3630977,149.1652566,15.00
130.46,22,follower,-35.3630977,149.1652566,15.00
130.97,22,follower,-35.3630977,149.1652566,15.00
131.47,22,follower,-35.3630978,149.1652566,15.00
131.96,22,follower,-35.3630977,149.1652566,15.00
132.47,22,follower,-35.3630977,149.1652566,15.00
132.97,22,follower,-35.3630977,149.1652566,15.00
133.46,22,follower,-35.3630977,149.1652566,15.00
133.97,22,follower,-35.3630977,149.1652566,15.00
134.47,22,follower,-35.3630977,149.1652566,15.00
134.97,22,follower,-35.3630977,149.1652566,15.00
135.46,22,follower,-35.3630977,149.1652566,15.00
135.97,22,follower,-35.3630977,149.1652566,15.00
136.47,22,follower,-35.3630977,149.1652566,15.00
136.97,22,follower,-35.3630977,149.1652566,15.00
137.47,22,follower,-35.3630977,149.1652566,15.00
137.97,22,follower,-35.3630977,149.1652566,15.00
138.47,22,follower,-35.3630977,149.1652566,15.00
138.97,22,follower,-35.3630977,149.1652566,15.00
139.47,22,follower,-35.3630977,149.1652566,15.00
139.97,22,follower,-35.3630977,149.1652566,15.00
140.47,22,follower,-35.3630977,149.1652566,15.00
140.97,22,follower,-35.3630977,149.1652566,15.00
141.47,22,follower,-35.3630977,149.1652566,15.00
141.97,22,follower,-35.3630978,149.1652566,15.00
142.47,22,follower,-35.3630978,149.1652566,15.00
142.97,22,follower,-35.3630978,149.1652566,15.00
143.47,22,follower,-35.3630978,149.1652566,15.00
143.97,22,follower,-35.3630978,149.1652566,15.00
144.47,22,follower,-35.3630978,149.1652566,15.00
144.97,22,follower,-35.3630975,149.1652566,15.00
145.47,22,follower,-35.3630939,149.1652564,15.00
145.97,22,follower,-35.3630843,149.1652563,15.00
146.47,22,follower,-35.3630724,149.1652563,15.00
146.97,22,follower,-35.3630622,149.1652563,15.00
147.47,22,follower,-35.3630531,149.1652563,15.00
147.97,22,follower,-35.3630440,149.1652564,15.00
148.47,22,follower,-35.3630346,149.1652564,15.00
148.97,22,follower,-35.3630253,149.1652565,15.00
149.47,22,follower,-35.3630160,149.1652565,15.00
149.97,22,follower,-35.3630068,149.1652565,15.00
150.47,22,follower,-35.3629977,149.1652565,15.00
150.97,22,follower,-35.3629886,149.1652564,15.00
151.47,22,follower,-35.3629797,149.1652564,15.00
151.97,22,follower,-35.3629709,149.1652563,15.00
152.47,22,follower,-35.3629620,149.1652563,15.00
152.97,22,follower,-35.3629531,149.1652563,15.00
153.47,22,follower,-35.3629442,149.1652563,15.00
153.97,22,follower,-35.3629353,149.1652563,15.00
154.47,22,follower,-35.3629264,149.1652563,15.00
154.97,22,follower,-35.3629176,149.1652563,15.00
155.47,22,follower,-35.3629087,149.1652564,15.00
155.97,22,follower,-35.3628998,149.1652564,15.00
156.47,22,follower,-35.3628903,149.1652564,15.00
156.97,22,follower,-35.3628810,149.1652564,15.00
157.47,22,follower,-35.3628719,149.1652564,15.00
157.98,22,follower,-35.3628623,149.1652564,15.00
158.47,22,follower,-35.3628536,149.1652564,15.00
158.98,22,follower,-35.3628441,149.1652564,15.00
159.48,22,follower,-35.3628353,149.1652564,15.00
159.97,22,follower,-35.3628262,149.1652563,15.00
160.47,22,follower,-35.3628198,149.1652563,15.00
160.97,22,follower,-35.3628194,149.1652564,15.00
161.48,22,follower,-35.3628231,149.1652584,15.00
161.97,22,follower,-35.3628258,149.1652651,15.00
162.47,22,follower,-35.3628258,149.1652780,15.00
162.97,22,follower,-35.3628257,149.1652973,15.01
163.48,22,follower,-35.3628257,149.1653170,15.01
163.97,22,follower,-35.3628259,149.1653312,15.00
164.47,22,follower,-35.3628265,149.1653428,15.00
164.97,22,follower,-35.3628271,149.1653542,15.00
165.48,22,follower,-35.3628275,149.1653658,15.00
165.97,22,follower,-35.3628278,149.1653772,15.00
166.48,22,follower,-35.3628278,149.1653885,15.00
166.98,22,follower,-35.3628277,149.1653996,15.00
167.47,22,follower,-35.3628277,149.1654106,15.00
167.98,22,follower,-35.3628277,149.1654215,15.00
168.47,22,follower,-35.3628277,149.1654324,15.00
168.98,22,follower,-35.3628277,149.1654433,15.00
169.48,22,follower,-35.3628277,149.1654542,15.00
169.97,22,follower,-35.3628277,149.1654651,15.00
170.47,22,follower,-35.3628277,149.1654760,15.00
170.97,22,follower,-35.3628277,149.1654869,15.00
171.47,22,follower,-35.3628277,149.1654978,15.00
171.98,22,follower,-35.3628277,149.1655086,15.00
172.47,22,follower,-35.3628277,149.1655198,15.00
172.97,22,follower,-35.3628277,149.1655319,15.00
173.48,22,follower,-35.3628277,149.1655431,15.00
173.97,22,follower,-35.3628277,149.1655549,15.00
174.47,22,follower,-35.3628277,149.1655656,15.00
174.98,22,follower,-35.3628277,149.1655770,15.00
175.48,22,follower,-35.3628278,149.1655859,15.00
175.98,22,follower,-35.3628279,149.1655881,15.00
176.47,22,follower,-35.3628287,149.1655841,15.00
176.98,22,follower,-35.3628330,149.1655795,15.00
177.48,22,follower,-35.3628418,149.1655791,15.00
177.97,22,follower,-35.3628561,149.1655796,15.01
178.48,22,follower,-35.3628728,149.1655796,15.01
178.98,22,follower,-35.3628864,149.1655793,15.00
179.48,22,follower,-35.3628961,149.1655786,15.00
179.98,22,follower,-35.3629054,149.1655778,15.00
180.47,22,follower,-35.3629149,149.1655772,15.00
180.98,22,follower,-35.3629243,149.1655769,15.00
181.47,22,follower,-35.3629336,149.1655768,15.00
181.98,22,follower,-35.3629427,149.1655768,15.00
182.48,22,follower,-35.3629517,149.1655768,15.00
182.97,22,follower,-35.3629606,149.1655768,15.00
183.47,22,follower,-35.3629695,149.1655769,15.00
183.98,22,follower,-35.3629784,149.1655769,15.00
184.48,22,follower,-35.3629873,149.1655768,15.00
184.98,22,follower,-35.3629962,149.1655769,15.00
185.48,22,follower,-35.3630051,149.1655769,15.00
185.98,22,follower,-35.3630140,149.1655769,15.00
186.48,22,follower,-35.3630229,149.1655769,15.00
186.98,22,follower,-35.3630318,149.1655769,15.00
187.48,22,follower,-35.3630407,149.1655769,15.00
187.97,22,follower,-35.3630496,149.1655769,15.00
188.48,22,follower,-35.3630591,149.1655769,15.00
188.98,22,follower,-35.3630689,149.1655769,15.00
189.48,22,follower,-35.3630780,149.1655769,15.00
189.98,22,follower,-35.3630872,149.1655769,15.00
190.48,22,follower,-35.3630947,149.1655769,15.00
190.98,22,follower,-35.3630979,149.1655767,15.00
191.48,22,follower,-35.3630957,149.1655757,15.00
191.98,22,follower,-35.3630924,149.1655707,15.00
192.48,22,follower,-35.3630918,149.1655598,15.00
192.98,22,follower,-35.3630918,149.1655422,15.01
193.48,22,follower,-35.3630916,149.1655223,15.01
193.98,22,follower,-35.3630913,149.1655068,15.00
194.48,22,follower,-35.3630906,149.1654952,15.00
194.98,22,follower,-35.3630900,149.1654838,15.00
195.48,22,follower,-35.3630894,149.1654723,15.00
195.98,22,follower,-35.3630892,149.1654608,15.00
196.48,22,follower,-35.3630891,149.1654494,15.00
196.98,22,follower,-35.3630891,149.1654382,15.00
197.48,22,follower,-35.3630891,149.1654272,15.00
197.98,22,follower,-35.3630891,149.1654163,15.00
198.48,22,follower,-35.3630891,149.1654053,15.00
198.98,22,follower,-35.3630891,149.1653944,15.00
199.48,22,follower,-35.3630892,149.1653835,15.00
199.98,22,follower,-35.3630892,149.1653726,15.00
200.48,22,follower,-35.3630892,149.1653617,15.00
200.98,22,follower,-35.3630892,149.1653507,15.00
201.48,22,follower,-35.3630892,149.1653399,15.00
201.98,22,follower,-35.3630892,149.1653289,15.00
202.48,22,follower,-35.3630892,149.1653179,15.00
202.98,22,follower,-35.3630892,149.1653069,15.00
203.48,22,follower,-35.3630892,149.1652959,15.00
203.98,22,follower,-35.3630892,149.1652850,15.00
204.48,22,follower,-35.3630892,149.1652741,15.00
204.98,22,follower,-35.3630892,149.1652633,15.00
205.48,22,follower,-35.3630892,149.1652522,15.00
205.98,22,follower,-35.3630892,149.1652445,15.00
206.48,22,follower,-35.3630891,149.1652444,15.00
206.98,22,follower,-35.3630890,149.1652489,15.00
207.48,22,follower,-35.3630888,149.1652513,15.00
207.98,22,follower,-35.3630888,149.1652516,15.00
208.48,22,follower,-35.3630888,149.1652517,15.00
208.98,22,follower,-35.3630889,149.1652520,15.00
209.48,22,follower,-35.3630890,149.1652525,15.00
209.98,22,follower,-35.3630891,149.1652530,15.00
210.48,22,follower,-35.3630892,149.1652534,15.00
210.98,22,follower,-35.3630892,149.1652536,15.00
46.95,23,follower,-35.3633992,149.1653479,2.23
47.45,23,follower,-35.3633992,149.1653479,3.39
47.95,23,follower,-35.3633992,149.1653479,4.67
48.45,23,follower,-35.3633992,149.1653479,5.95
48.95,23,follower,-35.3633992,149.1653479,7.19
49.45,23,follower,-35.3633992,149.1653479,8.42
49.95,23,follower,-35.3633992,149.1653479,9.66
50.45,23,follower,-35.3633992,149.1653479,10.90
50.96,23,follower,-35.3633992,149.1653479,12.13
51.45,23,follower,-35.3633992,149.1653479,13.27
51.95,23,follower,-35.3633992,149.1653479,14.66
52.45,23,follower,-35.3633992,149.1653478,16.35
52.95,23,follower,-35.3633992,149.1653478,17.62
53.45,23,follower,-35.3633992,149.1653477,18.49
53.95,23,follower,-35.3633992,149.1653477,19.08
54.45,23,follower,-35.3633992,149.1653477,19.43
54.96,23,follower,-35.3633991,149.1653477,19.53
55.45,23,follower,-35.3633991,149.1653477,19.40
55.95,23,follower,-35.3633991,149.1653477,19.03
56.45,23,follower,-35.3633991,149.1653477,18.39
56.96,23,follower,-35.3633991,149.1653477,17.61
57.45,23,follower,-35.3633991,149.1653477,16.84
57.95,23,follower,-35.3633991,149.1653477,16.10
58.45,23,follower,-35.3633991,149.1653477,15.46
58.95,23,follower,-35.3633991,149.1653477,15.07
59.46,23,follower,-35.3633991,149.1653477,14.95
59.96,23,follower,-35.3633991,149.1653477,14.98
60.46,23,follower,-35.3633991,149.1653477,15.02
60.95,23,follower,-35.3633991,149.1653477,15.03
61.46,23,follower,-35.3633991,149.1653477,15.02
61.96,23,follower,-35.3633991,149.1653477,15.02
62.46,23,follower,-35.3633991,149.1653477,15.01
62.95,23,follower,-35.3633991,149.1653477,15.01
63.45,23,follower,-35.3633991,149.1653478,15.01
63.96,23,follower,-35.3633991,149.1653478,15.01
64.46,23,follower,-35.3633991,149.1653478,15.01
64.95,23,follower,-35.3633991,149.1653478,15.00
65.46,23,follower,-35.3633991,149.1653478,15.00
65.96,23,follower,-35.3633991,149.1653478,15.00
66.46,23,follower,-35.3633991,149.1653477,15.00
66.96,23,follower,-35.3633991,149.1653477,15.00
67.46,23,follower,-35.3633991,149.1653477,15.00
67.95,23,follower,-35.3633991,149.1653477,15.00
68.46,23,follower,-35.3633991,149.1653477,15.00
68.95,23,follower,-35.3633991,149.1653477,15.00
69.46,23,follower,-35.3633991,149.1653477,15.00
69.96,23,follower,-35.3633991,149.1653477,15.00
70.46,23,follower,-35.3633991,149.1653478,15.00
70.96,23,follower,-35.3633991,149.1653478,15.00
71.46,23,follower,-35.3633991,149.1653478,15.00
71.96,23,follower,-35.3633991,149.1653478,15.00
72.46,23,follower,-35.3633991,149.1653478,15.00
72.95,23,follower,-35.3633991,149.1653478,15.00
73.46,23,follower,-35.3633991,149.1653478,15.00
73.96,23,follower,-35.3633991,149.1653478,15.00
74.46,23,follower,-35.3633991,149.1653478,15.00
74.96,23,follower,-35.3633991,149.1653478,15.00
75.46,23,follower,-35.3633991,149.1653477,15.00
75.96,23,follower,-35.3633991,149.1653477,15.00
76.46,23,follower,-35.3633991,149.1653477,15.00
76.96,23,follower,-35.3633991,149.1653477,15.00
77.46,23,follower,-35.3633991,149.1653477,15.00
77.96,23,follower,-35.3633991,149.1653477,15.00
78.46,23,follower,-35.3633991,149.1653477,15.00
78.96,23,follower,-35.3633991,149.1653477,15.00
79.46,23,follower,-35.3633991,149.1653477,15.00
79.96,23,follower,-35.3633991,149.1653477,15.00
80.46,23,follower,-35.3633991,149.1653477,15.00
80.96,23,follower,-35.3633991,149.1653477,15.00
81.46,23,follower,-35.3633991,149.1653477,15.00
81.96,23,follower,-35.3633991,149.1653477,15.00
82.46,23,follower,-35.3633991,149.1653477,15.00
82.96,23,follower,-35.3633991,149.1653478,15.00
83.46,23,follower,-35.3633991,149.1653478,15.00
83.96,23,follower,-35.3633991,149.1653478,15.00
84.46,23,follower,-35.3633991,149.1653478,15.00
84.96,23,follower,-35.3633991,149.1653478,15.00
85.46,23,follower,-35.3633991,149.1653478,15.00
85.96,23,follower,-35.3633991,149.1653478,15.00
86.46,23,follower,-35.3633991,149.1653478,15.00
86.96,23,follower,-35.3633991,149.1653478,15.00
87.46,23,follower,-35.3633991,149.1653478,15.00
87.96,23,follower,-35.3633991,149.1653478,15.00
88.46,23,follower,-35.3633991,149.1653477,15.00
88.96,23,follower,-35.3633991,149.1653477,15.00
89.46,23,follower,-35.3633991,149.1653477,15.00
89.96,23,follower,-35.3633991,149.1653477,15.00
90.46,23,follower,-35.3633991,149.1653477,15.00
90.96,23,follower,-35.3633991,149.1653477,15.00
91.46,23,follower,-35.3633991,149.1653477,15.00
91.96,23,follower,-35.3633991,149.1653477,15.00
92.46,23,follower,-35.3633991,149.1653477,15.00
92.96,23,follower,-35.3633991,149.1653477,15.00
93.46,23,follower,-35.3633991,149.1653477,15.00
93.96,23,follower,-35.3633991,149.1653477,15.00
94.46,23,follower,-35.3633991,149.1653477,15.00
94.96,23,follower,-35.3633991,149.1653477,15.00
95.46,23,follower,-35.3633991,149.1653477,15.00
95.96,23,follower,-35.3633991,149.1653478,15.00
96.46,23,follower,-35.3633991,149.1653478,15.00
96.96,23,follower,-35.3633991,149.1653478,15.00
97.46,23,follower,-35.3633991,149.1653478,15.00
97.96,23,follower,-35.3633991,149.1653478,15.00
98.46,23,follower,-35.3633991,149.1653478,15.00
98.96,23,follower,-35.3633991,149.1653478,15.00
99.46,23,follower,-35.3633991,149.1653478,15.00
99.96,23,follower,-35.3633991,149.1653478,15.00
100.46,23,follower,-35.3633991,149.1653478,15.00
100.96,23,follower,-35.3633991,149.1653477,15.00
101.46,23,follower,-35.3633991,149.1653477,15.00
101.96,23,follower,-35.3633991,149.1653477,15.00
102.46,23,follower,-35.3633991,149.1653477,15.00
102.96,23,follower,-35.3633991,149.1653477,15.00
103.46,23,follower,-35.3633991,149.1653477,15.00
103.96,23,follower,-35.3633991,149.1653477,15.00
104.46,23,follower,-35.3633991,149.1653477,15.00
104.96,23,follower,-35.3633991,149.1653478,15.00
105.46,23,follower,-35.3633991,149.1653478,15.00
105.96,23,follower,-35.3633991,149.1653478,15.00
106.46,23,follower,-35.3633991,149.1653478,15.00
106.96,23,follower,-35.3633991,149.1653478,15.00
107.46,23,follower,-35.3633991,149.1653478,15.00
107.96,23,follower,-35.3633991,149.1653478,15.00
108.46,23,follower,-35.3633991,149.1653478,15.00
108.96,23,follower,-35.3633991,149.1653478,15.00
109.46,23,follower,-35.3633991,149.1653478,15.00
109.96,23,follower,-35.3633991,149.1653478,15.00
110.46,23,follower,-35.3633991,149.1653478,15.00
110.96,23,follower,-35.3633991,149.1653478,15.00
111.47,23,follower,-35.3633991,149.1653478,15.00
111.96,23,follower,-35.3633991,149.1653478,15.00
112.46,23,follower,-35.3633991,149.1653478,15.00
112.96,23,follower,-35.3633991,149.1653478,15.00
113.47,23,follower,-35.3633991,149.1653478,15.00
113.96,23,follower,-35.3633991,149.1653478,15.00
114.46,23,follower,-35.3633991,149.1653478,15.00
114.96,23,follower,-35.3633991,149.1653478,15.00
115.47,23,follower,-35.3633991,149.1653478,15.00
115.96,23,follower,-35.3633991,149.1653478,15.00
116.46,23,follower,-35.3633991,149.1653478,15.00
116.97,23,follower,-35.3633991,149.1653478,15.00
117.46,23,follower,-35.3633991,149.1653478,15.00
117.96,23,follower,-35.3633991,149.1653478,15.00
118.46,23,follower,-35.3633991,149.1653478,15.00
118.97,23,follower,-35.3633991,149.1653478,15.00
119.46,23,follower,-35.3633991,149.1653478,15.00
119.97,23,follower,-35.3633991,149.1653478,15.00
120.47,23,follower,-35.3633991,149.1653478,15.00
120.96,23,follower,-35.3633991,149.1653478,15.00
121.47,23,follower,-35.3633991,149.1653478,15.00
121.96,23,follower,-35.3633991,149.1653478,15.00
122.46,23,follower,-35.3633991,149.1653478,15.00
122.96,23,follower,-35.3633991,149.1653478,15.00
123.46,23,follower,-35.3633991,149.1653478,15.00
123.97,23,follower,-35.3633991,149.1653478,15.00
124.47,23,follower,-35.3633991,149.1653478,15.00
124.97,23,follower,-35.3633991,149.1653478,15.00
125.47,23,follower,-35.3633991,149.1653478,15.00
125.97,23,follower,-35.3633991,149.1653478,15.00
126.46,23,follower,-35.3633991,149.1653478,15.00
126.97,23,follower,-35.3633991,149.1653478,15.00
127.47,23,follower,-35.3633991,149.1653478,15.00
127.97,23,follower,-35.3633991,149.1653478,15.00
128.46,23,follower,-35.3633991,149.1653478,15.00
128.97,23,follower,-35.3633991,149.1653478,15.00
129.46,23,follower,-35.3633991,149.1653478,15.00
129.97,23,follower,-35.3633991,149.1653478,15.00
130.47,23,follower,-35.3633991,149.1653478,15.00
130.97,23,follower,-35.3633991,149.1653478,15.00
131.47,23,follower,-35.3633991,149.1653478,15.00
131.97,23,follower,-35.3633991,149.1653478,15.00
132.47,23,follower,-35.3633991,149.1653478,15.00
132.97,23,follower,-35.3633991,149.1653478,15.00
133.47,23,follower,-35.3633991,149.1653478,15.00
133.97,23,follower,-35.3633991,149.1653478,15.00
134.47,23,follower,-35.3633991,149.1653478,15.00
134.96,23,follower,-35.3633991,149.1653478,15.00
135.47,23,follower,-35.3633991,149.1653478,15.00
135.97,23,follower,-35.3633991,149.1653478,15.00
136.47,23,follower,-35.3633991,149.1653478,15.00
136.97,23,follower,-35.3633991,149.1653478,15.00
137.47,23,follower,-35.3633991,149.1653478,15.00
137.97,23,follower,-35.3633991,149.1653478,15.00
138.47,23,follower,-35.3633991,149.1653478,15.00
138.97,23,follower,-35.3633991,149.1653478,15.00
139.47,23,follower,-35.3633991,149.1653478,15.00
139.97,23,follower,-35.3633991,149.1653478,15.00
140.47,23,follower,-35.3633991,149.1653478,15.00
140.97,23,follower,-35.3633991,149.1653478,15.00
141.47,23,follower,-35.3633991,149.1653478,15.00
141.97,23,follower,-35.3633991,149.1653478,15.00
142.47,23,follower,-35.3633991,149.1653478,15.00
142.97,23,follower,-35.3633991,149.1653478,15.00
143.47,23,follower,-35.3633991,149.1653478,15.00
143.97,23,follower,-35.3633991,149.1653478,15.00
144.47,23,follower,-35.3633991,149.1653478,15.00
144.97,23,follower,-35.3633989,149.1653477,15.00
145.47,23,follower,-35.3633953,149.1653475,15.00
145.97,23,follower,-35.3633857,149.1653474,15.00
146.47,23,follower,-35.3633737,149.1653473,15.00
146.97,23,follower,-35.3633636,149.1653474,15.00
147.47,23,follower,-35.3633545,149.1653474,15.00
147.97,23,follower,-35.3633454,149.1653475,15.00
148.47,23,follower,-35.3633361,149.1653475,15.00
148.97,23,follower,-35.3633268,149.1653475,15.00
149.47,23,follower,-35.3633175,149.1653475,15.00
149.97,23,follower,-35.3633083,149.1653475,15.00
150.47,23,follower,-35.3632992,149.1653475,15.00
150.97,23,follower,-35.3632902,149.1653475,15.00
151.47,23,follower,-35.3632814,149.1653475,15.00
151.97,23,follower,-35.3632726,149.1653475,15.00
152.47,23,follower,-35.3632637,149.1653475,15.00
152.97,23,follower,-35.3632547,149.1653475,15.00
153.47,23,follower,-35.3632458,149.1653475,15.00
153.97,23,follower,-35.3632369,149.1653475,15.00
154.47,23,follower,-35.3632280,149.1653475,15.00
154.97,23,follower,-35.3632192,149.1653475,15.00
155.47,23,follower,-35.3632103,149.1653475,15.00
155.97,23,follower,-35.3632014,149.1653475,15.00
156.47,23,follower,-35.3631918,149.1653475,15.00
156.97,23,follower,-35.3631818,149.1653475,15.00
157.47,23,follower,-35.3631728,149.1653475,15.00
157.97,23,follower,-35.3631635,149.1653474,15.00
158.47,23,follower,-35.3631550,149.1653474,15.00
158.97,23,follower,-35.3631455,149.1653474,15.00
159.47,23,follower,-35.3631366,149.1653474,15.00
159.97,23,follower,-35.3631276,149.1653474,15.00
160.47,23,follower,-35.3631212,149.1653475,15.00
160.97,23,follower,-35.3631208,149.1653476,15.00
161.47,23,follower,-35.3631246,149.1653494,15.00
161.97,23,follower,-35.3631273,149.1653560,15.00
162.47,23,follower,-35.3631273,149.1653688,15.00
162.97,23,follower,-35.3631272,149.1653880,15.01
163.47,23,follower,-35.3631271,149.1654079,15.01
163.97,23,follower,-35.3631273,149.1654222,15.00
164.48,23,follower,-35.3631279,149.1654338,15.00
164.97,23,follower,-35.3631285,149.1654453,15.00
165.47,23,follower,-35.3631289,149.1654568,15.00
165.97,23,follower,-35.3631292,149.1654682,15.00
166.47,23,follower,-35.3631292,149.1654795,15.00
166.98,23,follower,-35.3631291,149.1654906,15.00
167.47,23,follower,-35.3631291,149.1655016,15.00
167.97,23,follower,-35.3631291,149.1655124,15.00
168.48,23,follower,-35.3631291,149.1655233,15.00
168.97,23,follower,-35.3631291,149.1655341,15.00
169.47,23,follower,-35.3631291,149.1655450,15.00
169.97,23,follower,-35.3631291,149.1655559,15.00
170.47,23,follower,-35.3631291,149.1655668,15.00
170.97,23,follower,-35.3631291,149.1655776,15.00
171.47,23,follower,-35.3631291,149.1655886,15.00
171.98,23,follower,-35.3631291,149.1655995,15.00
172.47,23,follower,-35.3631291,149.1656112,15.00
172.98,23,follower,-35.3631291,149.1656225,15.00
173.48,23,follower,-35.3631291,149.1656335,15.00
173.97,23,follower,-35.3631291,149.1656457,15.00
174.47,23,follower,-35.3631291,149.1656566,15.00
174.98,23,follower,-35.3631291,149.1656681,15.00
175.48,23,follower,-35.3631291,149.1656770,15.00
175.98,23,follower,-35.3631292,149.1656793,15.00
176.48,23,follower,-35.3631300,149.1656752,15.00
176.98,23,follower,-35.3631343,149.1656706,15.00
177.48,23,follower,-35.3631431,149.1656702,15.00
177.97,23,follower,-35.3631573,149.1656707,15.01
178.47,23,follower,-35.3631741,149.1656708,15.01
178.98,23,follower,-35.3631878,149.1656705,15.00
179.48,23,follower,-35.3631976,149.1656697,15.00
179.97,23,follower,-35.3632069,149.1656689,15.00
180.48,23,follower,-35.3632163,149.1656683,15.00
180.97,23,follower,-35.3632257,149.1656680,15.00
181.48,23,follower,-35.3632350,149.1656679,15.00
181.98,23,follower,-35.3632440,149.1656679,15.00
182.47,23,follower,-35.3632529,149.1656679,15.00
182.97,23,follower,-35.3632618,149.1656679,15.00
183.47,23,follower,-35.3632707,149.1656680,15.00
183.98,23,follower,-35.3632795,149.1656680,15.00
184.48,23,follower,-35.3632883,149.1656680,15.00
184.97,23,follower,-35.3632972,149.1656680,15.00
185.48,23,follower,-35.3633061,149.1656680,15.00
185.98,23,follower,-35.3633150,149.1656680,15.00
186.47,23,follower,-35.3633239,149.1656680,15.00
186.98,23,follower,-35.3633328,149.1656680,15.00
187.48,23,follower,-35.3633418,149.1656680,15.00
187.98,23,follower,-35.3633515,149.1656680,15.00
188.48,23,follower,-35.3633611,149.1656680,15.00
188.98,23,follower,-35.3633706,149.1656680,15.00
189.48,23,follower,-35.3633792,149.1656680,15.00
189.98,23,follower,-35.3633885,149.1656680,15.00
190.48,23,follower,-35.3633960,149.1656680,15.00
190.98,23,follower,-35.3633993,149.1656678,15.00
191.48,23,follower,-35.3633972,149.1656668,15.00
191.98,23,follower,-35.3633939,149.1656619,15.00
192.48,23,follower,-35.3633933,149.1656510,15.00
192.98,23,follower,-35.3633932,149.1656335,15.01
193.48,23,follower,-35.3633930,149.1656134,15.01
193.98,23,follower,-35.3633926,149.1655980,15.00
194.48,23,follower,-35.3633920,149.1655863,15.00
194.98,23,follower,-35.3633914,149.1655749,15.00
195.48,23,follower,-35.3633908,149.1655633,15.00
195.98,23,follower,-35.3633906,149.1655517,15.00
196.48,23,follower,-35.3633905,149.1655403,15.00
196.98,23,follower,-35.3633905,149.1655291,15.00
197.48,23,follower,-35.3633905,149.1655181,15.00
197.98,23,follower,-35.3633905,149.1655072,15.00
198.48,23,follower,-35.3633905,149.1654963,15.00
198.98,23,follower,-35.3633905,149.1654854,15.00
199.48,23,follower,-35.3633905,149.1654744,15.00
199.98,23,follower,-35.3633905,149.1654635,15.00
200.48,23,follower,-35.3633905,149.1654526,15.00
200.98,23,follower,-35.3633905,149.1654418,15.00
201.48,23,follower,-35.3633906,149.1654309,15.00
201.98,23,follower,-35.3633906,149.1654199,15.00
202.48,23,follower,-35.3633906,149.1654089,15.00
202.98,23,follower,-35.3633906,149.1653979,15.00
203.48,23,follower,-35.3633906,149.1653870,15.00
203.98,23,follower,-35.3633906,149.1653761,15.00
204.48,23,follower,-35.3633906,149.1653653,15.00
204.98,23,follower,-35.3633906,149.1653544,15.00
205.48,23,follower,-35.3633906,149.1653433,15.00
205.98,23,follower,-35.3633905,149.1653357,15.00
206.48,23,follower,-35.3633905,149.1653355,15.00
206.98,23,follower,-35.3633903,149.1653400,15.00
207.48,23,follower,-35.3633902,149.1653424,15.00
207.98,23,follower,-35.3633902,149.1653427,15.00
208.48,23,follower,-35.3633902,149.1653428,15.00
208.98,23,follower,-35.3633904,149.1653431,15.00
209.48,23,follower,-35.3633905,149.1653436,15.00
209.98,23,follower,-35.3633905,149.1653441,15.00
210.48,23,follower,-35.3633906,149.1653445,15.00
210.98,23,follower,-35.3633906,149.1653448,15.00
46.95,24,follower,-35.3632230,149.1650237,2.23
47.46,24,follower,-35.3632230,149.1650237,3.39
47.95,24,follower,-35.3632230,149.1650236,4.67
48.45,24,follower,-35.3632230,149.1650236,5.95
48.95,24,follower,-35.3632230,149.1650236,7.19
49.45,24,follower,-35.3632230,149.1650236,8.42
49.95,24,follower,-35.3632230,149.1650236,9.66
50.46,24,follower,-35.3632230,149.1650236,10.90
50.96,24,follower,-35.3632230,149.1650237,12.13
51.46,24,follower,-35.3632230,149.1650237,13.27
51.96,24,follower,-35.3632231,149.1650237,14.60
52.45,24,follower,-35.3632231,149.1650237,16.23
52.95,24,follower,-35.3632231,149.1650236,17.48
53.45,24,follower,-35.3632230,149.1650236,18.34
53.95,24,follower,-35.3632230,149.1650236,18.91
54.46,24,follower,-35.3632230,149.1650236,19.24
54.96,24,follower,-35.3632230,149.1650236,19.33
55.45,24,follower,-35.3632230,149.1650236,19.19
55.96,24,follower,-35.3632230,149.1650236,18.80
56.46,24,follower,-35.3632230,149.1650236,18.14
56.96,24,follower,-35.3632230,149.1650236,17.37
57.45,24,follower,-35.3632230,149.1650236,16.60
57.96,24,follower,-35.3632230,149.1650236,15.87
58.46,24,follower,-35.3632230,149.1650236,15.30
58.96,24,follower,-35.3632230,149.1650236,15.00
59.46,24,follower,-35.3632230,149.1650236,14.95
59.96,24,follower,-35.3632230,149.1650236,15.00
60.46,24,follower,-35.3632230,149.1650236,15.02
60.96,24,follower,-35.3632230,149.1650236,15.02
61.46,24,follower,-35.3632230,149.1650236,15.02
61.96,24,follower,-35.3632230,149.1650236,15.01
62.46,24,follower,-35.3632230,149.1650236,15.01
62.95,24,follower,-35.3632230,149.1650237,15.01
63.46,24,follower,-35.3632230,149.1650237,15.01
63.96,24,follower,-35.3632230,149.1650237,15.01
64.46,24,follower,-35.3632230,149.1650237,15.01
64.96,24,follower,-35.3632230,149.1650237,15.00
65.46,24,follower,-35.3632230,149.1650237,15.00
65.96,24,follower,-35.3632230,149.1650237,15.00
66.46,24,follower,-35.3632230,149.1650237,15.00
66.96,24,follower,-35.3632230,149.1650236,15.00
67.46,24,follower,-35.3632230,149.1650236,15.00
67.96,24,follower,-35.3632230,149.1650236,15.00
68.46,24,follower,-35.3632230,149.1650236,15.00
68.96,24,follower,-35.3632230,149.1650236,15.00
69.46,24,follower,-35.3632231,149.1650236,15.00
69.96,24,follower,-35.3632231,149.1650236,15.00
70.46,24,follower,-35.3632231,149.1650236,15.00
70.96,24,follower,-35.3632231,149.1650237,15.00
71.46,24,follower,-35.3632231,149.1650237,15.00
71.96,24,follower,-35.3632231,149.1650237,15.00
72.46,24,follower,-35.3632231,149.1650237,15.00
72.96,24,follower,-35.3632231,149.1650237,15.00
73.46,24,follower,-35.3632231,149.1650237,15.00
73.96,24,follower,-35.3632231,149.1650237,15.00
74.46,24,follower,-35.3632231,149.1650237,15.00
74.96,24,follower,-35.3632230,149.1650237,15.00
75.46,24,follower,-35.3632230,149.1650237,15.00
75.96,24,follower,-35.3632230,149.1650236,15.00
76.46,24,follower,-35.3632230,149.1650236,15.00
76.96,24,follower,-35.3632230,149.1650236,15.00
77.46,24,follower,-35.3632231,149.1650236,15.00
77.96,24,follower,-35.3632231,149.1650236,15.00
78.46,24,follower,-35.3632231,149.1650236,15.00
78.96,24,follower,-35.3632231,149.1650236,15.00
79.46,24,follower,-35.3632231,149.1650236,15.00
79.96,24,follower,-35.3632231,149.1650236,15.00
80.46,24,follower,-35.3632231,149.1650236,15.00
80.96,24,follower,-35.3632231,149.1650236,15.00
81.46,24,follower,-35.3632231,149.1650236,15.00
81.96,24,follower,-35.3632231,149.1650236,15.00
82.46,24,follower,-35.3632231,149.1650236,15.00
82.96,24,follower,-35.3632231,149.1650237,15.00
83.46,24,follower,-35.3632231,149.1650237,15.00
83.96,24,follower,-35.3632231,149.1650237,15.00
84.46,24,follower,-35.3632231,149.1650237,15.00
84.96,24,follower,-35.3632231,149.1650237,15.00
85.46,24,follower,-35.3632231,149.1650237,15.00
85.96,24,follower,-35.3632231,149.1650237,15.00
86.46,24,follower,-35.3632231,149.1650237,15.00
86.96,24,follower,-35.3632231,149.1650237,15.00
87.46,24,follower,-35.3632231,149.1650237,15.00
87.96,24,follower,-35.3632230,149.1650237,15.00
88.46,24,follower,-35.3632230,149.1650237,15.00
88.96,24,follower,-35.3632230,149.1650236,15.00
89.46,24,follower,-35.3632230,149.1650236,15.00
89.96,24,follower,-35.3632230,149.1650236,15.00
90.46,24,follower,-35.3632231,149.1650236,15.00
90.96,24,follower,-35.3632231,149.1650236,15.00
91.46,24,follower,-35.3632231,149.1650236,15.00
91.96,24,follower,-35.3632231,149.1650236,15.00
92.46,24,follower,-35.3632231,149.1650236,15.00
92.96,24,follower,-35.3632231,149.1650236,15.00
93.46,24,follower,-35.3632231,149.1650236,15.00
93.96,24,follower,-35.3632231,149.1650236,15.00
94.46,24,follower,-35.3632231,149.1650236,15.00
94.96,24,follower,-35.3632231,149.1650236,15.00
95.46,24,follower,-35.3632231,149.1650236,15.00
95.96,24,follower,-35.3632231,149.1650236,15.00
96.47,24,follower,-35.3632231,149.1650236,15.00
96.96,24,follower,-35.3632231,149.1650237,15.00
97.46,24,follower,-35.3632231,149.1650237,15.00
97.96,24,follower,-35.3632231,149.1650237,15.00
98.46,24,follower,-35.3632231,149.1650237,15.00
98.96,24,follower,-35.3632230,149.1650237,15.00
99.47,24,follower,-35.3632230,149.1650237,15.00
99.96,24,follower,-35.3632230,149.1650237,15.00
100.46,24,follower,-35.3632230,149.1650237,15.00
100.96,24,follower,-35.3632230,149.1650237,15.00
101.47,24,follower,-35.3632230,149.1650237,15.00
101.96,24,follower,-35.3632230,149.1650236,15.00
102.46,24,follower,-35.3632230,149.1650236,15.00
102.96,24,follower,-35.3632230,149.1650236,15.00
103.46,24,follower,-35.3632230,149.1650236,15.00
103.97,24,follower,-35.3632230,149.1650236,15.00
104.47,24,follower,-35.3632230,149.1650236,15.00
104.96,24,follower,-35.3632230,149.1650236,15.00
105.46,24,follower,-35.3632230,149.1650236,15.00
105.96,24,follower,-35.3632230,149.1650236,15.00
106.46,24,follower,-35.3632230,149.1650236,15.00
106.96,24,follower,-35.3632230,149.1650237,15.00
107.46,24,follower,-35.3632230,149.1650237,15.00
107.96,24,follower,-35.3632230,149.1650237,15.00
108.46,24,follower,-35.3632230,149.1650237,15.00
108.96,24,follower,-35.3632230,149.1650237,15.00
109.47,24,follower,-35.3632230,149.1650237,15.00
109.97,24,follower,-35.3632230,149.1650237,15.00
110.46,24,follower,-35.3632230,149.1650237,15.00
110.96,24,follower,-35.3632230,149.1650237,15.00
111.46,24,follower,-35.3632230,149.1650237,15.00
111.97,24,follower,-35.3632230,149.1650237,15.00
112.47,24,follower,-35.3632230,149.1650237,15.00
112.96,24,follower,-35.3632230,149.1650237,15.00
113.47,24,follower,-35.3632231,149.1650237,15.00
113.96,24,follower,-35.3632230,149.1650237,15.00
114.47,24,follower,-35.3632230,149.1650237,15.00
114.97,24,follower,-35.3632230,149.1650237,15.00
115.47,24,follower,-35.3632230,149.1650237,15.00
115.97,24,follower,-35.3632230,149.1650237,15.00
116.47,24,follower,-35.3632230,149.1650237,15.00
116.97,24,follower,-35.3632230,149.1650237,15.00
117.46,24,follower,-35.3632230,149.1650237,15.00
117.96,24,follower,-35.3632230,149.1650237,15.00
118.47,24,follower,-35.3632230,149.1650237,15.00
118.97,24,follower,-35.3632230,149.1650237,15.00
119.47,24,follower,-35.3632230,149.1650237,15.00
119.96,24,follower,-35.3632230,149.1650237,15.00
120.46,24,follower,-35.3632230,149.1650237,15.00
120.97,24,follower,-35.3632230,149.1650237,15.00
121.47,24,follower,-35.3632230,149.1650237,15.00
121.97,24,follower,-35.3632230,149.1650237,15.00
122.47,24,follower,-35.3632230,149.1650237,15.00
122.97,24,follower,-35.3632230,149.1650237,15.00
123.47,24,follower,-35.3632230,149.1650237,15.00
123.97,24,follower,-35.3632230,149.1650237,15.00
124.47,24,follower,-35.3632231,149.1650237,15.00
124.96,24,follower,-35.3632231,149.1650237,15.00
125.47,24,follower,-35.3632230,149.1650237,15.00
125.97,24,follower,-35.3632230,149.1650237,15.00
126.47,24,follower,-35.3632230,149.1650237,15.00
126.97,24,follower,-35.3632230,149.1650237,15.00
127.47,24,follower,-35.3632230,149.1650237,15.00
127.97,24,follower,-35.3632230,149.1650237,15.00
128.47,24,follower,-35.3632230,149.1650237,15.00
128.97,24,follower,-35.3632230,149.1650237,15.00
129.47,24,follower,-35.3632230,149.1650237,15.00
129.97,24,follower,-35.3632230,149.1650237,15.00
130.47,24,follower,-35.3632230,149.1650237,15.00
130.97,24,follower,-35.3632230,149.1650237,15.00
131.47,24,follower,-35.3632230,149.1650237,15.00
131.97,24,follower,-35.3632230,149.1650237,15.00
132.47,24,follower,-35.3632230,149.1650237,15.00
132.97,24,follower,-35.3632230,149.1650237,15.00
133.47,24,follower,-35.3632230,149.1650237,15.00
133.97,24,follower,-35.3632230,149.1650237,15.00
134.47,24,follower,-35.3632230,149.1650237,15.00
134.97,24,follower,-35.3632230,149.1650237,15.00
135.47,24,follower,-35.3632230,149.1650237,15.00
135.97,24,follower,-35.3632230,149.1650237,15.00
136.47,24,follower,-35.3632230,149.1650237,15.00
136.97,24,follower,-35.3632230,149.1650237,15.00
137.47,24,follower,-35.3632230,149.1650237,15.00
137.97,24,follower,-35.3632230,149.1650237,15.00
138.47,24,follower,-35.3632230,149.1650237,15.00
138.97,24,follower,-35.3632230,149.1650237,15.00
139.47,24,follower,-35.3632230,149.1650237,15.00
139.97,24,follower,-35.3632230,149.1650237,15.00
140.47,24,follower,-35.3632230,149.1650237,15.00
140.97,24,follower,-35.3632230,149.1650237,15.00
141.47,24,follower,-35.3632230,149.1650237,15.00
141.97,24,follower,-35.3632230,149.1650237,15.00
142.47,24,follower,-35.3632230,149.1650237,15.00
142.97,24,follower,-35.3632230,149.1650237,15.00
143.47,24,follower,-35.3632230,149.1650237,15.00
143.97,24,follower,-35.3632230,149.1650237,15.00
144.47,24,follower,-35.3632230,149.1650237,15.00
144.97,24,follower,-35.3632229,149.1650237,15.00
145.47,24,follower,-35.3632203,149.1650235,15.00
145.97,24,follower,-35.3632118,149.1650233,15.00
146.48,24,follower,-35.3631998,149.1650232,15.00
146.97,24,follower,-35.3631893,149.1650233,15.00
147.47,24,follower,-35.3631801,149.1650233,15.00
147.97,24,follower,-35.3631709,149.1650234,15.00
148.47,24,follower,-35.3631617,149.1650234,15.00
148.97,24,follower,-35.3631523,149.1650234,15.00
149.47,24,follower,-35.3631424,149.1650234,15.00
149.97,24,follower,-35.3631322,149.1650234,15.00
150.47,24,follower,-35.3631230,149.1650234,15.00
150.98,24,follower,-35.3631135,149.1650234,15.00
151.47,24,follower,-35.3631049,149.1650234,15.00
151.97,24,follower,-35.3630957,149.1650234,15.00
152.47,24,follower,-35.3630871,149.1650234,15.00
152.98,24,follower,-35.3630775,149.1650234,15.00
153.47,24,follower,-35.3630686,149.1650234,15.00
153.97,24,follower,-35.3630593,149.1650234,15.00
154.47,24,follower,-35.3630500,149.1650234,15.00
154.98,24,follower,-35.3630409,149.1650234,15.00
155.47,24,follower,-35.3630320,149.1650234,15.00
155.97,24,follower,-35.3630231,149.1650234,15.00
156.47,24,follower,-35.3630141,149.1650234,15.00
156.97,24,follower,-35.3630052,149.1650234,15.00
157.47,24,follower,-35.3629963,149.1650234,15.00
157.98,24,follower,-35.3629875,149.1650234,15.00
158.47,24,follower,-35.3629786,149.1650234,15.00
158.98,24,follower,-35.3629698,149.1650234,15.00
159.47,24,follower,-35.3629610,149.1650234,15.00
159.98,24,follower,-35.3629523,149.1650234,15.00
160.47,24,follower,-35.3629453,149.1650234,15.00
160.98,24,follower,-35.3629440,149.1650234,15.00
161.48,24,follower,-35.3629475,149.1650246,15.00
161.97,24,follower,-35.3629509,149.1650303,15.00
162.47,24,follower,-35.3629512,149.1650419,15.00
162.98,24,follower,-35.3629510,149.1650601,15.01
163.47,24,follower,-35.3629510,149.1650804,15.01
163.97,24,follower,-35.3629512,149.1650959,15.00
164.48,24,follower,-35.3629517,149.1651077,15.00
164.98,24,follower,-35.3629523,149.1651191,15.00
165.48,24,follower,-35.3629528,149.1651315,15.00
165.98,24,follower,-35.3629530,149.1651442,15.00
166.47,24,follower,-35.3629531,149.1651554,15.00
166.97,24,follower,-35.3629531,149.1651671,15.00
167.48,24,follower,-35.3629531,149.1651776,15.00
167.97,24,follower,-35.3629531,149.1651894,15.00
168.47,24,follower,-35.3629531,149.1652003,15.00
168.97,24,follower,-35.3629531,149.1652118,15.00
169.48,24,follower,-35.3629531,149.1652224,15.00
169.98,24,follower,-35.3629531,149.1652336,15.00
170.48,24,follower,-35.3629530,149.1652442,15.00
170.98,24,follower,-35.3629530,149.1652555,15.00
171.48,24,follower,-35.3629530,149.1652668,15.00
171.98,24,follower,-35.3629530,149.1652779,15.00
172.48,24,follower,-35.3629530,149.1652889,15.00
172.98,24,follower,-35.3629530,149.1652998,15.00
173.48,24,follower,-35.3629530,149.1653107,15.00
173.98,24,follower,-35.3629530,149.1653216,15.00
174.48,24,follower,-35.3629531,149.1653326,15.00
174.98,24,follower,-35.3629531,149.1653435,15.00
175.48,24,follower,-35.3629531,149.1653528,15.00
175.98,24,follower,-35.3629531,149.1653555,15.00
176.48,24,follower,-35.3629539,149.1653517,15.00
176.98,24,follower,-35.3629580,149.1653470,15.00
177.48,24,follower,-35.3629667,149.1653464,15.00
177.98,24,follower,-35.3629808,149.1653467,15.01
178.48,24,follower,-35.3629974,149.1653467,15.01
178.98,24,follower,-35.3630106,149.1653464,15.00
179.48,24,follower,-35.3630203,149.1653456,15.00
179.98,24,follower,-35.3630295,149.1653447,15.00
180.48,24,follower,-35.3630389,149.1653442,15.00
180.98,24,follower,-35.3630482,149.1653439,15.00
181.48,24,follower,-35.3630574,149.1653438,15.00
181.98,24,follower,-35.3630666,149.1653438,15.00
182.48,24,follower,-35.3630756,149.1653438,15.00
182.98,24,follower,-35.3630852,149.1653439,15.00
183.48,24,follower,-35.3630947,149.1653439,15.00
183.98,24,follower,-35.3631046,149.1653439,15.00
184.48,24,follower,-35.3631133,149.1653439,15.00
184.98,24,follower,-35.3631223,149.1653439,15.00
185.48,24,follower,-35.3631308,149.1653439,15.00
185.98,24,follower,-35.3631403,149.1653439,15.00
186.48,24,follower,-35.3631492,149.1653439,15.00
186.98,24,follower,-35.3631585,149.1653439,15.00
187.48,24,follower,-35.3631672,149.1653439,15.00
187.98,24,follower,-35.3631764,149.1653439,15.00
188.48,24,follower,-35.3631856,149.1653439,15.00
188.98,24,follower,-35.3631947,149.1653439,15.00
189.48,24,follower,-35.3632037,149.1653439,15.00
189.98,24,follower,-35.3632125,149.1653439,15.00
190.48,24,follower,-35.3632205,149.1653439,15.00
190.98,24,follower,-35.3632241,149.1653439,15.00
191.48,24,follower,-35.3632219,149.1653433,15.00
191.98,24,follower,-35.3632177,149.1653393,15.00
192.48,24,follower,-35.3632165,149.1653299,15.00
192.98,24,follower,-35.3632168,149.1653140,15.01
193.48,24,follower,-35.3632168,149.1652939,15.01
193.98,24,follower,-35.3632167,149.1652766,15.00
194.48,24,follower,-35.3632161,149.1652642,15.00
194.98,24,follower,-35.3632154,149.1652527,15.00
195.48,24,follower,-35.3632149,149.1652411,15.00
195.98,24,follower,-35.3632145,149.1652294,15.00
196.48,24,follower,-35.3632144,149.1652179,15.00
196.98,24,follower,-35.3632144,149.1652067,15.00
197.48,24,follower,-35.3632143,149.1651957,15.00
197.98,24,follower,-35.3632143,149.1651847,15.00
198.48,24,follower,-35.3632144,149.1651729,15.00
198.98,24,follower,-35.3632145,149.1651609,15.00
199.48,24,follower,-35.3632145,149.1651501,15.00
199.98,24,follower,-35.3632145,149.1651383,15.00
200.48,24,follower,-35.3632145,149.1651275,15.00
200.98,24,follower,-35.3632145,149.1651162,15.00
201.48,24,follower,-35.3632145,149.1651056,15.00
201.98,24,follower,-35.3632145,149.1650942,15.00
202.48,24,follower,-35.3632145,149.1650835,15.00
202.98,24,follower,-35.3632145,149.1650722,15.00
203.48,24,follower,-35.3632145,149.1650608,15.00
203.98,24,follower,-35.3632145,149.1650496,15.00
204.48,24,follower,-35.3632145,149.1650386,15.00
204.99,24,follower,-35.3632145,149.1650277,15.00
205.48,24,follower,-35.3632145,149.1650174,15.00
205.98,24,follower,-35.3632145,149.1650114,15.00
206.48,24,follower,-35.3632144,149.1650127,15.00
206.98,24,follower,-35.3632142,149.1650166,15.00
207.48,24,follower,-35.3632141,149.1650182,15.00
207.98,24,follower,-35.3632142,149.1650185,15.00
208.48,24,follower,-35.3632142,149.1650187,15.00
208.98,24,follower,-35.3632143,149.1650190,15.00
209.48,24,follower,-35.3632143,149.1650195,15.00
209.98,24,follower,-35.3632144,149.1650200,15.00
210.48,24,follower,-35.3632145,149.1650204,15.00
210.98,24,follower,-35.3632145,149.1650206,15.00
93.38,25,follower,-35.3631733,149.1654171,2.23
93.88,25,follower,-35.3631733,149.1654171,3.39
94.38,25,follower,-35.3631733,149.1654171,4.67
94.88,25,follower,-35.3631733,149.1654171,5.95
95.38,25,follower,-35.3631733,149.1654171,7.19
95.88,25,follower,-35.3631733,149.1654171,8.42
96.38,25,follower,-35.3631733,149.1654171,9.66
96.88,25,follower,-35.3631733,149.1654171,10.90
97.38,25,follower,-35.3631733,149.1654171,12.13
97.88,25,follower,-35.3631733,149.1654171,13.22
98.38,25,follower,-35.3631733,149.1654171,14.08
98.88,25,follower,-35.3631734,149.1654171,14.67
99.38,25,follower,-35.3631734,149.1654171,15.01
99.88,25,follower,-35.3631734,149.1654171,15.10
100.38,25,follower,-35.3631734,149.1654171,15.00
100.88,25,follower,-35.3631734,149.1654171,14.95
101.38,25,follower,-35.3631734,149.1654171,14.96
101.88,25,follower,-35.3631734,149.1654170,14.96
102.38,25,follower,-35.3631734,149.1654170,14.97
102.88,25,follower,-35.3631734,149.1654170,14.98
103.38,25,follower,-35.3631733,149.1654169,14.98
103.88,25,follower,-35.3631733,149.1654169,14.98
104.38,25,follower,-35.3631733,149.1654168,14.99
104.88,25,follower,-35.3631733,149.1654168,14.99
105.38,25,follower,-35.3631733,149.1654168,14.99
105.89,25,follower,-35.3631733,149.1654169,14.99
106.39,25,follower,-35.3631733,149.1654169,14.99
106.88,25,follower,-35.3631733,149.1654169,14.99
107.38,25,follower,-35.3631733,149.1654170,15.00
107.88,25,follower,-35.3631733,149.1654170,15.00
108.38,25,follower,-35.3631733,149.1654169,15.00
108.88,25,follower,-35.3631733,149.1654169,15.00
109.38,25,follower,-35.3631733,149.1654169,15.00
109.88,25,follower,-35.3631733,149.1654169,15.00
110.38,25,follower,-35.3631733,149.1654170,15.00
110.89,25,follower,-35.3631733,149.1654170,15.00
111.38,25,follower,-35.3631733,149.1654170,15.00
111.88,25,follower,-35.3631733,149.1654170,15.00
112.38,25,follower,-35.3631733,149.1654170,15.00
112.88,25,follower,-35.3631733,149.1654170,15.00
113.39,25,follower,-35.3631733,149.1654170,15.00
113.89,25,follower,-35.3631733,149.1654170,15.00
114.39,25,follower,-35.3631733,149.1654170,15.00
114.88,25,follower,-35.3631733,149.1654170,15.00
115.39,25,follower,-35.3631733,149.1654170,15.00
115.89,25,follower,-35.3631733,149.1654170,15.00
116.39,25,follower,-35.3631733,149.1654170,15.00
116.89,25,follower,-35.3631733,149.1654170,15.00
117.39,25,follower,-35.3631733,149.1654170,15.00
117.89,25,follower,-35.3631733,149.1654170,15.00
118.39,25,follower,-35.3631733,149.1654170,15.00
118.89,25,follower,-35.3631733,149.1654170,15.00
119.39,25,follower,-35.3631733,149.1654170,15.00
119.89,25,follower,-35.3631733,149.1654170,15.00
120.38,25,follower,-35.3631733,149.1654170,15.00
120.88,25,follower,-35.3631733,149.1654170,15.00
121.39,25,follower,-35.3631733,149.1654170,15.00
121.89,25,follower,-35.3631733,149.1654170,15.00
122.39,25,follower,-35.3631733,149.1654170,15.00
122.89,25,follower,-35.3631733,149.1654170,15.00
123.39,25,follower,-35.3631733,149.1654170,15.00
123.89,25,follower,-35.3631733,149.1654170,15.00
124.39,25,follower,-35.3631733,149.1654170,15.00
124.89,25,follower,-35.3631733,149.1654170,15.00
125.39,25,follower,-35.3631733,149.1654170,15.00
125.89,25,follower,-35.3631733,149.1654170,15.00
126.39,25,follower,-35.3631733,149.1654170,15.00
126.89,25,follower,-35.3631733,149.1654170,15.00
127.39,25,follower,-35.3631733,149.1654170,15.00
127.89,25,follower,-35.3631733,149.1654170,15.00
128.39,25,follower,-35.3631733,149.1654170,15.00
128.89,25,follower,-35.3631734,149.1654170,15.00
129.39,25,follower,-35.3631733,149.1654170,15.00
129.89,25,follower,-35.3631733,149.1654170,15.00
130.39,25,follower,-35.3631733,149.1654170,15.00
130.89,25,follower,-35.3631733,149.1654170,15.00
131.39,25,follower,-35.3631733,149.1654170,15.00
131.89,25,follower,-35.3631733,149.1654170,15.00
132.39,25,follower,-35.3631733,149.1654170,15.00
132.89,25,follower,-35.3631733,149.1654170,15.00
133.39,25,follower,-35.3631733,149.1654170,15.00
133.89,25,follower,-35.3631733,149.1654170,15.00
134.39,25,follower,-35.3631733,149.1654170,15.00
134.89,25,follower,-35.3631733,149.1654170,15.00
135.39,25,follower,-35.3631733,149.1654170,15.00
135.89,25,follower,-35.3631733,149.1654170,15.00
136.39,25,follower,-35.3631733,149.1654170,15.00
136.89,25,follower,-35.3631733,149.1654170,15.00
137.39,25,follower,-35.3631733,149.1654170,15.00
137.89,25,follower,-35.3631733,149.1654170,15.00
138.39,25,follower,-35.3631733,149.1654170,15.00
138.89,25,follower,-35.3631733,149.1654170,15.00
139.39,25,follower,-35.3631733,149.1654170,15.00
139.89,25,follower,-35.3631733,149.1654170,15.00
140.39,25,follower,-35.3631733,149.1654170,15.00
140.89,25,follower,-35.3631733,149.1654170,15.00
141.39,25,follower,-35.3631733,149.1654170,15.00
141.89,25,follower,-35.3631733,149.1654170,15.00
142.39,25,follower,-35.3631733,149.1654170,15.00
142.89,25,follower,-35.3631733,149.1654170,15.00
143.39,25,follower,-35.3631733,149.1654170,15.00
143.89,25,follower,-35.3631733,149.1654170,15.00
144.39,25,follower,-35.3631733,149.1654170,15.00
144.89,25,follower,-35.3631732,149.1654170,15.00
145.39,25,follower,-35.3631705,149.1654168,15.00
145.89,25,follower,-35.3631619,149.1654166,15.00
146.39,25,follower,-35.3631499,149.1654165,15.00
146.89,25,follower,-35.3631395,149.1654165,15.00
147.39,25,follower,-35.3631303,149.1654166,15.00
147.89,25,follower,-35.3631213,149.1654167,15.00
148.39,25,follower,-35.3631121,149.1654167,15.00
148.89,25,follower,-35.3631027,149.1654167,15.00
149.39,25,follower,-35.3630934,149.1654167,15.00
149.89,25,follower,-35.3630842,149.1654167,15.00
150.39,25,follower,-35.3630751,149.1654167,15.00
150.89,25,follower,-35.3630662,149.1654167,15.00
151.39,25,follower,-35.3630573,149.1654167,15.00
151.89,25,follower,-35.3630484,149.1654167,15.00
152.39,25,follower,-35.3630395,149.1654167,15.00
152.89,25,follower,-35.3630306,149.1654167,15.00
153.39,25,follower,-35.3630216,149.1654167,15.00
153.89,25,follower,-35.3630127,149.1654167,15.00
154.39,25,follower,-35.3630034,149.1654167,15.00
154.89,25,follower,-35.3629935,149.1654167,15.00
155.39,25,follower,-35.3629846,149.1654167,15.00
155.89,25,follower,-35.3629751,149.1654167,15.00
156.39,25,follower,-35.3629666,149.1654167,15.00
156.89,25,follower,-35.3629570,149.1654167,15.00
157.39,25,follower,-35.3629479,149.1654167,15.00
157.89,25,follower,-35.3629387,149.1654167,15.00
158.39,25,follower,-35.3629301,149.1654167,15.00
158.89,25,follower,-35.3629210,149.1654167,15.00
159.40,25,follower,-35.3629122,149.1654167,15.00
159.90,25,follower,-35.3629031,149.1654167,15.00
160.39,25,follower,-35.3628961,149.1654167,15.00
160.89,25,follower,-35.3628948,149.1654167,15.00
161.40,25,follower,-35.3628983,149.1654180,15.00
161.89,25,follower,-35.3629016,149.1654237,15.00
162.39,25,follower,-35.3629018,149.1654353,15.00
162.89,25,follower,-35.3629014,149.1654535,15.01
163.39,25,follower,-35.3629012,149.1654737,15.01
163.89,25,follower,-35.3629014,149.1654889,15.00
164.39,25,follower,-35.3629019,149.1655006,15.00
164.89,25,follower,-35.3629025,149.1655120,15.00
165.39,25,follower,-35.3629031,149.1655236,15.00
165.90,25,follower,-35.3629033,149.1655351,15.00
166.40,25,follower,-35.3629034,149.1655465,15.00
166.90,25,follower,-35.3629034,149.1655577,15.00
167.39,25,follower,-35.3629034,149.1655687,15.00
167.89,25,follower,-35.3629034,149.1655796,15.00
168.40,25,follower,-35.3629034,149.1655904,15.00
168.90,25,follower,-35.3629034,149.1656012,15.00
169.40,25,follower,-35.3629034,149.1656121,15.00
169.89,25,follower,-35.3629034,149.1656230,15.00
170.40,25,follower,-35.3629033,149.1656340,15.00
170.90,25,follower,-35.3629033,149.1656449,15.00
171.39,25,follower,-35.3629033,149.1656559,15.00
171.89,25,follower,-35.3629033,149.1656677,15.00
172.40,25,follower,-35.3629033,149.1656795,15.00
172.89,25,follower,-35.3629033,149.1656913,15.00
173.40,25,follower,-35.3629033,149.1657017,15.00
173.89,25,follower,-35.3629033,149.1657133,15.00
174.40,25,follower,-35.3629033,149.1657242,15.00
174.89,25,follower,-35.3629033,149.1657355,15.00
175.40,25,follower,-35.3629034,149.1657450,15.00
175.89,25,follower,-35.3629035,149.1657485,15.00
176.40,25,follower,-35.3629040,149.1657451,15.00
176.90,25,follower,-35.3629076,149.1657400,15.00
177.40,25,follower,-35.3629155,149.1657391,15.00
177.89,25,follower,-35.3629288,149.1657397,15.01
178.40,25,follower,-35.3629456,149.1657400,15.01
178.89,25,follower,-35.3629599,149.1657398,15.00
179.40,25,follower,-35.3629701,149.1657391,15.00
179.90,25,follower,-35.3629796,149.1657382,15.00
180.40,25,follower,-35.3629891,149.1657376,15.00
180.90,25,follower,-35.3629986,149.1657372,15.00
181.40,25,follower,-35.3630078,149.1657371,15.00
181.90,25,follower,-35.3630169,149.1657371,15.00
182.40,25,follower,-35.3630260,149.1657371,15.00
182.90,25,follower,-35.3630350,149.1657371,15.00
183.40,25,follower,-35.3630438,149.1657372,15.00
183.90,25,follower,-35.3630527,149.1657372,15.00
184.40,25,follower,-35.3630616,149.1657372,15.00
184.90,25,follower,-35.3630705,149.1657372,15.00
185.40,25,follower,-35.3630795,149.1657372,15.00
185.90,25,follower,-35.3630884,149.1657372,15.00
186.40,25,follower,-35.3630974,149.1657372,15.00
186.90,25,follower,-35.3631063,149.1657372,15.00
187.40,25,follower,-35.3631152,149.1657372,15.00
187.90,25,follower,-35.3631242,149.1657372,15.00
188.40,25,follower,-35.3631331,149.1657372,15.00
188.90,25,follower,-35.3631419,149.1657372,15.00
189.40,25,follower,-35.3631508,149.1657372,15.00
189.90,25,follower,-35.3631597,149.1657372,15.00
190.40,25,follower,-35.3631682,149.1657372,15.00
190.90,25,follower,-35.3631732,149.1657371,15.00
191.40,25,follower,-35.3631723,149.1657365,15.00
191.90,25,follower,-35.3631688,149.1657327,15.00
192.40,25,follower,-35.3631676,149.1657234,15.00
192.90,25,follower,-35.3631674,149.1657070,15.01
193.40,25,follower,-35.3631673,149.1656865,15.01
193.90,25,follower,-35.3631669,149.1656690,15.00
194.40,25,follower,-35.3631664,149.1656569,15.00
194.90,25,follower,-35.3631657,149.1656454,15.00
195.40,25,follower,-35.3631651,149.1656347,15.00
195.90,25,follower,-35.3631648,149.1656233,15.00
196.40,25,follower,-35.3631647,149.1656117,15.00
196.90,25,follower,-35.3631647,149.1655998,15.00
197.40,25,follower,-35.3631647,149.1655884,15.00
197.90,25,follower,-35.3631647,149.1655773,15.00
198.40,25,follower,-35.3631648,149.1655663,15.00
198.90,25,follower,-35.3631648,149.1655554,15.00
199.40,25,follower,-35.3631648,149.1655445,15.00
199.90,25,follower,-35.3631648,149.1655336,15.00
200.40,25,follower,-35.3631648,149.1655227,15.00
200.90,25,follower,-35.3631648,149.1655118,15.00
201.40,25,follower,-35.3631648,149.1655010,15.00
201.90,25,follower,-35.3631648,149.1654901,15.00
202.40,25,follower,-35.3631648,149.1654792,15.00
202.90,25,follower,-35.3631648,149.1654683,15.00
203.40,25,follower,-35.3631648,149.1654574,15.00
203.90,25,follower,-35.3631648,149.1654465,15.00
204.40,25,follower,-35.3631648,149.1654358,15.00
204.90,25,follower,-35.3631648,149.1654250,15.00
205.41,25,follower,-35.3631648,149.1654140,15.00
205.90,25,follower,-35.3631648,149.1654054,15.00
206.40,25,follower,-35.3631648,149.1654041,15.00
206.90,25,follower,-35.3631646,149.1654084,15.00
207.40,25,follower,-35.3631644,149.1654113,15.00
207.90,25,follower,-35.3631644,149.1654119,15.00
208.40,25,follower,-35.3631644,149.1654120,15.00
208.90,25,follower,-35.3631645,149.1654123,15.00
209.40,25,follower,-35.3631647,149.1654127,15.00
209.90,25,follower,-35.3631648,149.1654132,15.00
210.40,25,follower,-35.3631648,149.1654136,15.00
210.90,25,follower,-35.3631648,149.1654139,15.00
211.40,25,follower,-35.3631648,149.1654140,15.00
93.38,26,follower,-35.3634320,149.1651629,2.23
93.88,26,follower,-35.3634320,149.1651629,3.39
94.38,26,follower,-35.3634320,149.1651629,4.67
94.88,26,follower,-35.3634320,149.1651629,5.95
95.38,26,follower,-35.3634320,149.1651629,7.19
95.88,26,follower,-35.3634320,149.1651629,8.42
96.39,26,follower,-35.3634320,149.1651629,9.66
96.88,26,follower,-35.3634320,149.1651629,10.90
97.38,26,follower,-35.3634320,149.1651629,12.13
97.89,26,follower,-35.3634320,149.1651629,13.22
98.38,26,follower,-35.3634320,149.1651629,14.08
98.89,26,follower,-35.3634320,149.1651629,14.68
99.38,26,follower,-35.3634320,149.1651629,15.02
99.88,26,follower,-35.3634320,149.1651629,15.11
100.38,26,follower,-35.3634320,149.1651629,15.00
100.88,26,follower,-35.3634320,149.1651629,14.95
101.38,26,follower,-35.3634320,149.1651629,14.96
101.89,26,follower,-35.3634320,149.1651629,14.96
102.38,26,follower,-35.3634320,149.1651629,14.97
102.89,26,follower,-35.3634319,149.1651629,14.98
103.38,26,follower,-35.3634319,149.1651629,14.98
103.88,26,follower,-35.3634319,149.1651629,14.98
104.39,26,follower,-35.3634319,149.1651629,14.99
104.88,26,follower,-35.3634319,149.1651629,14.99
105.38,26,follower,-35.3634319,149.1651629,14.99
105.89,26,follower,-35.3634319,149.1651629,14.99
106.38,26,follower,-35.3634319,149.1651628,14.99
106.89,26,follower,-35.3634319,149.1651628,14.99
107.38,26,follower,-35.3634319,149.1651628,15.00
107.89,26,follower,-35.3634319,149.1651628,15.00
108.39,26,follower,-35.3634319,149.1651628,15.00
108.89,26,follower,-35.3634319,149.1651628,15.00
109.39,26,follower,-35.3634319,149.1651628,15.00
109.88,26,follower,-35.3634319,149.1651628,15.00
110.39,26,follower,-35.3634319,149.1651628,15.00
110.89,26,follower,-35.3634319,149.1651629,15.00
111.39,26,follower,-35.3634319,149.1651629,15.00
111.88,26,follower,-35.3634319,149.1651629,15.00
112.38,26,follower,-35.3634319,149.1651629,15.00
112.88,26,follower,-35.3634319,149.1651629,15.00
113.39,26,follower,-35.3634319,149.1651629,15.00
113.89,26,follower,-35.3634319,149.1651629,15.00
114.39,26,follower,-35.3634319,149.1651629,15.00
114.89,26,follower,-35.3634319,149.1651629,15.00
115.39,26,follower,-35.3634319,149.1651629,15.00
115.89,26,follower,-35.3634319,149.1651629,15.00
116.39,26,follower,-35.3634319,149.1651629,15.00
116.89,26,follower,-35.3634319,149.1651629,15.00
117.39,26,follower,-35.3634319,149.1651629,15.00
117.88,26,follower,-35.3634319,149.1651629,15.00
118.39,26,follower,-35.3634319,149.1651629,15.00
118.89,26,follower,-35.3634319,149.1651629,15.00
119.39,26,follower,-35.3634319,149.1651629,15.00
119.88,26,follower,-35.3634319,149.1651629,15.00
120.39,26,follower,-35.3634319,149.1651629,15.00
120.89,26,follower,-35.3634319,149.1651629,15.00
121.39,26,follower,-35.3634319,149.1651629,15.00
121.89,26,follower,-35.3634319,149.1651629,15.00
122.39,26,follower,-35.3634319,149.1651629,15.00
122.89,26,follower,-35.3634319,149.1651629,15.00
123.39,26,follower,-35.3634319,149.1651629,15.00
123.89,26,follower,-35.3634319,149.1651629,15.00
124.39,26,follower,-35.3634319,149.1651629,15.00
124.89,26,follower,-35.3634319,149.1651629,15.00
125.39,26,follower,-35.3634319,149.1651629,15.00
125.89,26,follower,-35.3634319,149.1651629,15.00
126.39,26,follower,-35.3634319,149.1651629,15.00
126.89,26,follower,-35.3634319,149.1651629,15.00
127.39,26,follower,-35.3634319,149.1651629,15.00
127.89,26,follower,-35.3634319,149.1651629,15.00
128.39,26,follower,-35.3634319,149.1651629,15.00
128.89,26,follower,-35.3634320,149.1651629,15.00
129.39,26,follower,-35.3634319,149.1651629,15.00
129.89,26,follower,-35.3634319,149.1651629,15.00
130.39,26,follower,-35.3634319,149.1651629,15.00
130.89,26,follower,-35.3634319,149.1651629,15.00
131.39,26,follower,-35.3634319,149.1651629,15.00
131.89,26,follower,-35.3634319,149.1651629,15.00
132.39,26,follower,-35.3634319,149.1651629,15.00
132.89,26,follower,-35.3634319,149.1651629,15.00
133.39,26,follower,-35.3634319,149.1651629,15.00
133.89,26,follower,-35.3634319,149.1651629,15.00
134.39,26,follower,-35.3634319,149.1651629,15.00
134.89,26,follower,-35.3634319,149.1651629,15.00
135.39,26,follower,-35.3634319,149.1651629,15.00
135.89,26,follower,-35.3634319,149.1651629,15.00
136.39,26,follower,-35.3634319,149.1651629,15.00
136.89,26,follower,-35.3634319,149.1651629,15.00
137.39,26,follower,-35.3634319,149.1651629,15.00
137.89,26,follower,-35.3634319,149.1651629,15.00
138.39,26,follower,-35.3634319,149.1651629,15.00
138.89,26,follower,-35.3634319,149.1651629,15.00
139.39,26,follower,-35.3634319,149.1651629,15.00
139.89,26,follower,-35.3634319,149.1651629,15.00
140.39,26,follower,-35.3634319,149.1651629,15.00
140.89,26,follower,-35.3634319,149.1651629,15.00
141.39,26,follower,-35.3634319,149.1651629,15.00
141.89,26,follower,-35.3634319,149.1651629,15.00
142.39,26,follower,-35.3634319,149.1651629,15.00
142.89,26,follower,-35.3634319,149.1651629,15.00
143.39,26,follower,-35.3634319,149.1651629,15.00
143.89,26,follower,-35.3634319,149.1651629,15.00
144.39,26,follower,-35.3634319,149.1651629,15.00
144.89,26,follower,-35.3634319,149.1651629,15.00
145.39,26,follower,-35.3634305,149.1651628,15.00
145.89,26,follower,-35.3634239,149.1651626,15.00
146.39,26,follower,-35.3634117,149.1651625,15.00
146.89,26,follower,-35.3633986,149.1651625,15.00
147.39,26,follower,-35.3633884,149.1651625,15.00
147.89,26,follower,-35.3633793,149.1651626,15.00
148.39,26,follower,-35.3633701,149.1651627,15.00
148.89,26,follower,-35.3633607,149.1651627,15.00
149.39,26,follower,-35.3633513,149.1651627,15.00
149.89,26,follower,-35.3633420,149.1651627,15.00
150.40,26,follower,-35.3633329,149.1651627,15.00
150.90,26,follower,-35.3633238,149.1651627,15.00
151.39,26,follower,-35.3633149,149.1651627,15.00
151.89,26,follower,-35.3633061,149.1651626,15.00
152.39,26,follower,-35.3632972,149.1651626,15.00
152.89,26,follower,-35.3632883,149.1651626,15.00
153.39,26,follower,-35.3632794,149.1651626,15.00
153.90,26,follower,-35.3632706,149.1651626,15.00
154.40,26,follower,-35.3632618,149.1651626,15.00
154.89,26,follower,-35.3632530,149.1651626,15.00
155.39,26,follower,-35.3632441,149.1651626,15.00
155.89,26,follower,-35.3632353,149.1651626,15.00
156.39,26,follower,-35.3632264,149.1651626,15.00
156.89,26,follower,-35.3632175,149.1651626,15.00
157.39,26,follower,-35.3632080,149.1651626,15.00
157.90,26,follower,-35.3631980,149.1651626,15.00
158.39,26,follower,-35.3631893,149.1651626,15.00
158.89,26,follower,-35.3631797,149.1651626,15.00
159.40,26,follower,-35.3631708,149.1651626,15.00
159.90,26,follower,-35.3631617,149.1651626,15.00
160.39,26,follower,-35.3631546,149.1651626,15.00
160.89,26,follower,-35.3631533,149.1651626,15.00
161.39,26,follower,-35.3631568,149.1651639,15.00
161.90,26,follower,-35.3631600,149.1651698,15.00
162.39,26,follower,-35.3631602,149.1651816,15.00
162.89,26,follower,-35.3631599,149.1652000,15.01
163.40,26,follower,-35.3631598,149.1652200,15.01
163.89,26,follower,-35.3631600,149.1652350,15.00
164.40,26,follower,-35.3631606,149.1652466,15.00
164.89,26,follower,-35.3631612,149.1652580,15.00
165.39,26,follower,-35.3631617,149.1652696,15.00
165.89,26,follower,-35.3631619,149.1652811,15.00
166.40,26,follower,-35.3631620,149.1652924,15.00
166.90,26,follower,-35.3631620,149.1653035,15.00
167.40,26,follower,-35.3631620,149.1653145,15.00
167.90,26,follower,-35.3631620,149.1653254,15.00
168.40,26,follower,-35.3631620,149.1653363,15.00
168.89,26,follower,-35.3631620,149.1653472,15.00
169.40,26,follower,-35.3631620,149.1653581,15.00
169.89,26,follower,-35.3631620,149.1653690,15.00
170.40,26,follower,-35.3631620,149.1653799,15.00
170.90,26,follower,-35.3631620,149.1653907,15.00
171.39,26,follower,-35.3631620,149.1654023,15.00
171.90,26,follower,-35.3631619,149.1654148,15.00
172.40,26,follower,-35.3631619,149.1654256,15.00
172.90,26,follower,-35.3631619,149.1654370,15.00
173.40,26,follower,-35.3631619,149.1654475,15.00
173.90,26,follower,-35.3631619,149.1654592,15.00
174.40,26,follower,-35.3631619,149.1654701,15.00
174.90,26,follower,-35.3631619,149.1654814,15.00
175.40,26,follower,-35.3631619,149.1654909,15.00
175.90,26,follower,-35.3631620,149.1654944,15.00
176.40,26,follower,-35.3631625,149.1654910,15.00
176.90,26,follower,-35.3631661,149.1654859,15.00
177.40,26,follower,-35.3631740,149.1654849,15.00
177.90,26,follower,-35.3631873,149.1654856,15.01
178.40,26,follower,-35.3632041,149.1654859,15.01
178.90,26,follower,-35.3632186,149.1654858,15.00
179.40,26,follower,-35.3632287,149.1654851,15.00
179.90,26,follower,-35.3632380,149.1654842,15.00
180.40,26,follower,-35.3632475,149.1654835,15.00
180.90,26,follower,-35.3632570,149.1654831,15.00
181.40,26,follower,-35.3632662,149.1654830,15.00
181.90,26,follower,-35.3632753,149.1654830,15.00
182.40,26,follower,-35.3632843,149.1654830,15.00
182.90,26,follower,-35.3632933,149.1654830,15.00
183.40,26,follower,-35.3633021,149.1654830,15.00
183.90,26,follower,-35.3633110,149.1654830,15.00
184.40,26,follower,-35.3633199,149.1654830,15.00
184.90,26,follower,-35.3633288,149.1654830,15.00
185.40,26,follower,-35.3633377,149.1654831,15.00
185.90,26,follower,-35.3633467,149.1654831,15.00
186.40,26,follower,-35.3633556,149.1654831,15.00
186.90,26,follower,-35.3633645,149.1654831,15.00
187.40,26,follower,-35.3633734,149.1654831,15.00
187.90,26,follower,-35.3633823,149.1654831,15.00
188.40,26,follower,-35.3633917,149.1654831,15.00
188.90,26,follower,-35.3634019,149.1654831,15.00
189.40,26,follower,-35.3634107,149.1654831,15.00
189.90,26,follower,-35.3634201,149.1654831,15.00
190.40,26,follower,-35.3634279,149.1654831,15.00
190.90,26,follower,-35.3634319,149.1654829,15.00
191.40,26,follower,-35.3634303,149.1654822,15.00
191.90,26,follower,-35.3634269,149.1654779,15.01
192.40,26,follower,-35.3634260,149.1654679,15.00
192.90,26,follower,-35.3634259,149.1654510,15.01
193.40,26,follower,-35.3634258,149.1654309,15.01
193.90,26,follower,-35.3634255,149.1654148,15.00
194.40,26,follower,-35.3634250,149.1654030,15.00
194.90,26,follower,-35.3634243,149.1653916,15.00
195.40,26,follower,-35.3634238,149.1653801,15.00
195.90,26,follower,-35.3634235,149.1653686,15.00
196.40,26,follower,-35.3634233,149.1653573,15.00
196.90,26,follower,-35.3634233,149.1653461,15.00
197.40,26,follower,-35.3634233,149.1653350,15.00
197.90,26,follower,-35.3634233,149.1653242,15.00
198.40,26,follower,-35.3634233,149.1653132,15.00
198.90,26,follower,-35.3634233,149.1653023,15.00
199.40,26,follower,-35.3634233,149.1652915,15.00
199.90,26,follower,-35.3634233,149.1652806,15.00
200.40,26,follower,-35.3634233,149.1652697,15.00
200.90,26,follower,-35.3634233,149.1652588,15.00
201.40,26,follower,-35.3634234,149.1652480,15.00
201.90,26,follower,-35.3634234,149.1652372,15.00
202.40,26,follower,-35.3634234,149.1652261,15.00
202.90,26,follower,-35.3634234,149.1652138,15.00
203.41,26,follower,-35.3634234,149.1652025,15.00
203.91,26,follower,-35.3634234,149.1651906,15.00
204.41,26,follower,-35.3634234,149.1651798,15.00
204.90,26,follower,-35.3634234,149.1651685,15.00
205.41,26,follower,-35.3634234,149.1651581,15.00
205.90,26,follower,-35.3634234,149.1651512,15.00
206.40,26,follower,-35.3634233,149.1651514,15.00
206.91,26,follower,-35.3634231,149.1651553,15.00
207.40,26,follower,-35.3634230,149.1651572,15.00
207.90,26,follower,-35.3634230,149.1651577,15.00
208.40,26,follower,-35.3634231,149.1651579,15.00
208.90,26,follower,-35.3634232,149.1651582,15.00
209.40,26,follower,-35.3634232,149.1651587,15.00
209.90,26,follower,-35.3634233,149.1651592,15.00
210.40,26,follower,-35.3634233,149.1651595,15.00
210.91,26,follower,-35.3634234,149.1651598,15.00
211.41,26,follower,-35.3634234,149.1651599,15.00
93.38,27,follower,-35.3630945,149.1651355,2.23
93.88,27,follower,-35.3630944,149.1651355,3.39
94.38,27,follower,-35.3630944,149.1651355,4.67
94.88,27,follower,-35.3630944,149.1651355,5.95
95.38,27,follower,-35.3630944,149.1651355,7.19
95.89,27,follower,-35.3630944,149.1651355,8.42
96.38,27,follower,-35.3630944,149.1651355,9.66
96.88,27,follower,-35.3630944,149.1651355,10.90
97.38,27,follower,-35.3630944,149.1651355,12.13
97.88,27,follower,-35.3630944,149.1651355,13.22
98.38,27,follower,-35.3630945,149.1651355,14.08
98.89,27,follower,-35.3630945,149.1651356,14.68
99.38,27,follower,-35.3630945,149.1651356,15.03
99.88,27,follower,-35.3630945,149.1651356,15.12
100.38,27,follower,-35.3630946,149.1651356,15.01
100.89,27,follower,-35.3630946,149.1651356,14.95
101.39,27,follower,-35.3630946,149.1651356,14.95
101.88,27,follower,-35.3630945,149.1651356,14.96
102.39,27,follower,-35.3630945,149.1651356,14.97
102.89,27,follower,-35.3630945,149.1651356,14.98
103.38,27,follower,-35.3630945,149.1651356,14.98
103.89,27,follower,-35.3630945,149.1651356,14.98
104.38,27,follower,-35.3630945,149.1651356,14.99
104.88,27,follower,-35.3630945,149.1651356,14.99
105.38,27,follower,-35.3630945,149.1651355,14.99
105.88,27,follower,-35.3630945,149.1651355,14.99
106.38,27,follower,-35.3630945,149.1651355,14.99
106.88,27,follower,-35.3630945,149.1651355,14.99
107.39,27,follower,-35.3630945,149.1651355,15.00
107.88,27,follower,-35.3630945,149.1651355,15.00
108.38,27,follower,-35.3630945,149.1651355,15.00
108.89,27,follower,-35.3630945,149.1651355,15.00
109.38,27,follower,-35.3630945,149.1651355,15.00
109.89,27,follower,-35.3630945,149.1651355,15.00
110.39,27,follower,-35.3630945,149.1651356,15.00
110.88,27,follower,-35.3630945,149.1651356,15.00
111.39,27,follower,-35.3630945,149.1651356,15.00
111.88,27,follower,-35.3630945,149.1651356,15.00
112.39,27,follower,-35.3630945,149.1651356,15.00
112.89,27,follower,-35.3630945,149.1651356,15.00
113.39,27,follower,-35.3630945,149.1651356,15.00
113.89,27,follower,-35.3630945,149.1651356,15.00
114.38,27,follower,-35.3630945,149.1651356,15.00
114.89,27,follower,-35.3630945,149.1651356,15.00
115.39,27,follower,-35.3630945,149.1651356,15.00
115.89,27,follower,-35.3630945,149.1651356,15.00
116.39,27,follower,-35.3630945,149.1651356,15.00
116.88,27,follower,-35.3630945,149.1651356,15.00
117.39,27,follower,-35.3630945,149.1651356,15.00
117.89,27,follower,-35.3630945,149.1651356,15.00
118.39,27,follower,-35.3630945,149.1651356,15.00
118.89,27,follower,-35.3630945,149.1651356,15.00
119.39,27,follower,-35.3630945,149.1651356,15.00
119.89,27,follower,-35.3630945,149.1651356,15.00
120.39,27,follower,-35.3630945,149.1651356,15.00
120.88,27,follower,-35.3630945,149.1651356,15.00
121.39,27,follower,-35.3630945,149.1651356,15.00
121.89,27,follower,-35.3630945,149.1651356,15.00
122.39,27,follower,-35.3630945,149.1651356,15.00
122.89,27,follower,-35.3630945,149.1651356,15.00
123.39,27,follower,-35.3630945,149.1651356,15.00
123.89,27,follower,-35.3630945,149.1651356,15.00
124.39,27,follower,-35.3630945,149.1651356,15.00
124.89,27,follower,-35.3630945,149.1651356,15.00
125.39,27,follower,-35.3630945,149.1651356,15.00
125.89,27,follower,-35.3630945,149.1651356,15.00
126.39,27,follower,-35.3630945,149.1651356,15.00
126.89,27,follower,-35.3630945,149.1651356,15.00
127.39,27,follower,-35.3630945,149.1651356,15.00
127.89,27,follower,-35.3630945,149.1651356,15.00
128.39,27,follower,-35.3630945,149.1651356,15.00
128.89,27,follower,-35.3630946,149.1651356,15.00
129.39,27,follower,-35.3630946,149.1651356,15.00
129.89,27,follower,-35.3630946,149.1651356,15.00
130.39,27,follower,-35.3630946,149.1651356,15.00
130.89,27,follower,-35.3630946,149.1651356,15.00
131.39,27,follower,-35.3630946,149.1651356,15.00
131.89,27,follower,-35.3630946,149.1651356,15.00
132.39,27,follower,-35.3630946,149.1651356,15.00
132.89,27,follower,-35.3630946,149.1651356,15.00
133.39,27,follower,-35.3630946,149.1651356,15.00
133.89,27,follower,-35.3630946,149.1651356,15.00
134.39,27,follower,-35.3630946,149.1651356,15.00
134.89,27,follower,-35.3630946,149.1651356,15.00
135.39,27,follower,-35.3630946,149.1651356,15.00
135.89,27,follower,-35.3630946,149.1651356,15.00
136.39,27,follower,-35.3630946,149.1651356,15.00
136.89,27,follower,-35.3630946,149.1651356,15.00
137.39,27,follower,-35.3630946,149.1651356,15.00
137.89,27,follower,-35.3630946,149.1651356,15.00
138.39,27,follower,-35.3630946,149.1651356,15.00
138.89,27,follower,-35.3630946,149.1651356,15.00
139.39,27,follower,-35.3630946,149.1651356,15.00
139.89,27,follower,-35.3630946,149.1651356,15.00
140.39,27,follower,-35.3630946,149.1651356,15.00
140.89,27,follower,-35.3630946,149.1651356,15.00
141.39,27,follower,-35.3630946,149.1651356,15.00
141.89,27,follower,-35.3630946,149.1651356,15.00
142.39,27,follower,-35.3630946,149.1651356,15.00
142.89,27,follower,-35.3630946,149.1651356,15.00
143.39,27,follower,-35.3630946,149.1651356,15.00
143.89,27,follower,-35.3630946,149.1651356,15.00
144.39,27,follower,-35.3630946,149.1651356,15.00
144.90,27,follower,-35.3630945,149.1651356,15.00
145.39,27,follower,-35.3630922,149.1651354,15.00
145.89,27,follower,-35.3630841,149.1651353,15.00
146.39,27,follower,-35.3630721,149.1651352,15.00
146.89,27,follower,-35.3630615,149.1651352,15.00
147.39,27,follower,-35.3630523,149.1651352,15.00
147.89,27,follower,-35.3630433,149.1651353,15.00
148.39,27,follower,-35.3630340,149.1651354,15.00
148.89,27,follower,-35.3630246,149.1651354,15.00
149.39,27,follower,-35.3630152,149.1651354,15.00
149.89,27,follower,-35.3630059,149.1651354,15.00
150.39,27,follower,-35.3629968,149.1651354,15.00
150.89,27,follower,-35.3629877,149.1651354,15.00
151.39,27,follower,-35.3629787,149.1651353,15.00
151.89,27,follower,-35.3629698,149.1651353,15.00
152.39,27,follower,-35.3629610,149.1651352,15.00
152.89,27,follower,-35.3629520,149.1651352,15.00
153.40,27,follower,-35.3629426,149.1651352,15.00
153.89,27,follower,-35.3629326,149.1651352,15.00
154.39,27,follower,-35.3629239,149.1651352,15.00
154.90,27,follower,-35.3629143,149.1651352,15.00
155.40,27,follower,-35.3629053,149.1651352,15.00
155.89,27,follower,-35.3628963,149.1651352,15.00
156.39,27,follower,-35.3628880,149.1651353,15.00
156.89,27,follower,-35.3628786,149.1651353,15.00
157.39,27,follower,-35.3628697,149.1651353,15.00
157.90,27,follower,-35.3628605,149.1651353,15.00
158.39,27,follower,-35.3628512,149.1651353,15.00
158.90,27,follower,-35.3628421,149.1651353,15.00
159.40,27,follower,-35.3628332,149.1651353,15.00
159.90,27,follower,-35.3628243,149.1651353,15.00
160.39,27,follower,-35.3628171,149.1651353,15.00
160.89,27,follower,-35.3628154,149.1651353,15.00
161.40,27,follower,-35.3628187,149.1651363,15.00
161.89,27,follower,-35.3628224,149.1651417,15.00
162.39,27,follower,-35.3628228,149.1651529,15.00
162.89,27,follower,-35.3628225,149.1651707,15.01
163.40,27,follower,-35.3628224,149.1651909,15.01
163.90,27,follower,-35.3628226,149.1652065,15.00
164.39,27,follower,-35.3628232,149.1652183,15.00
164.90,27,follower,-35.3628238,149.1652297,15.00
165.40,27,follower,-35.3628242,149.1652414,15.00
165.90,27,follower,-35.3628245,149.1652530,15.00
166.40,27,follower,-35.3628246,149.1652643,15.00
166.89,27,follower,-35.3628245,149.1652754,15.00
167.40,27,follower,-35.3628245,149.1652864,15.00
167.90,27,follower,-35.3628245,149.1652974,15.00
168.40,27,follower,-35.3628245,149.1653084,15.00
168.89,27,follower,-35.3628245,149.1653208,15.00
169.40,27,follower,-35.3628245,149.1653325,15.00
169.90,27,follower,-35.3628245,149.1653439,15.00
170.40,27,follower,-35.3628245,149.1653541,15.00
170.90,27,follower,-35.3628245,149.1653657,15.00
171.40,27,follower,-35.3628245,149.1653766,15.00
171.89,27,follower,-35.3628245,149.1653880,15.00
172.40,27,follower,-35.3628245,149.1653987,15.00
172.90,27,follower,-35.3628245,149.1654098,15.00
173.40,27,follower,-35.3628245,149.1654204,15.00
173.90,27,follower,-35.3628245,149.1654316,15.00
174.40,27,follower,-35.3628245,149.1654430,15.00
174.90,27,follower,-35.3628245,149.1654541,15.00
175.40,27,follower,-35.3628245,149.1654638,15.00
175.90,27,follower,-35.3628245,149.1654675,15.00
176.40,27,follower,-35.3628251,149.1654642,15.00
176.90,27,follower,-35.3628287,149.1654592,15.00
177.40,27,follower,-35.3628367,149.1654582,15.00
177.90,27,follower,-35.3628502,149.1654585,15.01
178.40,27,follower,-35.3628668,149.1654587,15.01
178.90,27,follower,-35.3628806,149.1654585,15.00
179.40,27,follower,-35.3628905,149.1654577,15.00
179.90,27,follower,-35.3628998,149.1654568,15.00
180.40,27,follower,-35.3629093,149.1654561,15.00
180.90,27,follower,-35.3629187,149.1654558,15.00
181.40,27,follower,-35.3629279,149.1654557,15.00
181.90,27,follower,-35.3629371,149.1654557,15.00
182.40,27,follower,-35.3629461,149.1654557,15.00
182.90,27,follower,-35.3629550,149.1654557,15.00
183.40,27,follower,-35.3629643,149.1654557,15.00
183.90,27,follower,-35.3629742,149.1654557,15.00
184.40,27,follower,-35.3629831,149.1654558,15.00
184.90,27,follower,-35.3629925,149.1654558,15.00
185.40,27,follower,-35.3630012,149.1654558,15.00
185.90,27,follower,-35.3630107,149.1654558,15.00
186.40,27,follower,-35.3630197,149.1654558,15.00
186.90,27,follower,-35.3630290,149.1654558,15.00
187.40,27,follower,-35.3630377,149.1654558,15.00
187.90,27,follower,-35.3630468,149.1654558,15.00
188.40,27,follower,-35.3630560,149.1654558,15.00
188.90,27,follower,-35.3630651,149.1654558,15.00
189.40,27,follower,-35.3630740,149.1654558,15.00
189.90,27,follower,-35.3630829,149.1654558,15.00
190.40,27,follower,-35.3630912,149.1654558,15.00
190.90,27,follower,-35.3630956,149.1654558,15.00
191.40,27,follower,-35.3630941,149.1654554,15.00
191.90,27,follower,-35.3630898,149.1654521,15.00
192.40,27,follower,-35.3630882,149.1654435,15.00
192.90,27,follower,-35.3630882,149.1654284,15.00
193.40,27,follower,-35.3630883,149.1654083,15.01
193.90,27,follower,-35.3630882,149.1653900,15.00
194.40,27,follower,-35.3630877,149.1653771,15.00
194.90,27,follower,-35.3630871,149.1653657,15.00
195.40,27,follower,-35.3630865,149.1653541,15.00
195.90,27,follower,-35.3630861,149.1653426,15.00
196.40,27,follower,-35.3630859,149.1653312,15.00
196.90,27,follower,-35.3630859,149.1653200,15.00
197.40,27,follower,-35.3630859,149.1653090,15.00
197.90,27,follower,-35.3630859,149.1652980,15.00
198.40,27,follower,-35.3630859,149.1652871,15.00
198.90,27,follower,-35.3630859,149.1652762,15.00
199.40,27,follower,-35.3630859,149.1652652,15.00
199.90,27,follower,-35.3630859,149.1652535,15.00
200.40,27,follower,-35.3630859,149.1652417,15.00
200.90,27,follower,-35.3630859,149.1652299,15.00
201.40,27,follower,-35.3630860,149.1652194,15.00
201.90,27,follower,-35.3630860,149.1652078,15.00
202.40,27,follower,-35.3630860,149.1651968,15.00
202.90,27,follower,-35.3630860,149.1651857,15.00
203.40,27,follower,-35.3630860,149.1651755,15.00
203.90,27,follower,-35.3630860,149.1651641,15.00
204.41,27,follower,-35.3630860,149.1651525,15.00
204.90,27,follower,-35.3630860,149.1651413,15.00
205.41,27,follower,-35.3630860,149.1651307,15.00
205.90,27,follower,-35.3630860,149.1651237,15.00
206.41,27,follower,-35.3630859,149.1651240,15.00
206.90,27,follower,-35.3630857,149.1651280,15.01
207.40,27,follower,-35.3630856,149.1651299,15.00
207.90,27,follower,-35.3630856,149.1651304,15.00
208.41,27,follower,-35.3630857,149.1651306,15.00
208.90,27,follower,-35.3630858,149.1651309,15.00
209.40,27,follower,-35.3630858,149.1651313,15.00
209.90,27,follower,-35.3630859,149.1651318,15.00
210.41,27,follower,-35.3630860,149.1651322,15.00
210.91,27,follower,-35.3630860,149.1651325,15.00
211.41,27,follower,-35.3630860,149.1651326,15.00
93.39,28,follower,-35.3633329,149.1654411,2.23
93.88,28,follower,-35.3633329,149.1654411,3.39
94.38,28,follower,-35.3633329,149.1654410,4.67
94.88,28,follower,-35.3633329,149.1654410,5.95
95.38,28,follower,-35.3633329,149.1654410,7.19
95.88,28,follower,-35.3633329,149.1654410,8.42
96.38,28,follower,-35.3633329,149.1654410,9.66
96.89,28,follower,-35.3633329,149.1654410,10.90
97.38,28,follower,-35.3633329,149.1654411,12.13
97.88,28,follower,-35.3633329,149.1654411,13.22
98.38,28,follower,-35.3633329,149.1654411,14.08
98.88,28,follower,-35.3633329,149.1654411,14.68
99.38,28,follower,-35.3633329,149.1654411,15.02
99.88,28,follower,-35.3633329,149.1654411,15.11
100.39,28,follower,-35.3633329,149.1654411,15.00
100.88,28,follower,-35.3633329,149.1654410,14.95
101.38,28,follower,-35.3633329,149.1654410,14.96
101.88,28,follower,-35.3633329,149.1654410,14.96
102.38,28,follower,-35.3633328,149.1654410,14.97
102.88,28,follower,-35.3633328,149.1654410,14.98
103.38,28,follower,-35.3633328,149.1654409,14.98
103.89,28,follower,-35.3633328,149.1654409,14.98
104.39,28,follower,-35.3633328,149.1654409,14.99
104.88,28,follower,-35.3633328,149.1654409,14.99
105.38,28,follower,-35.3633328,149.1654409,14.99
105.89,28,follower,-35.3633328,149.1654409,14.99
106.39,28,follower,-35.3633328,149.1654409,14.99
106.89,28,follower,-35.3633328,149.1654409,14.99
107.38,28,follower,-35.3633328,149.1654409,15.00
107.88,28,follower,-35.3633328,149.1654409,15.00
108.39,28,follower,-35.3633328,149.1654410,15.00
108.88,28,follower,-35.3633328,149.1654410,15.00
109.39,28,follower,-35.3633328,149.1654410,15.00
109.88,28,follower,-35.3633328,149.1654410,15.00
110.38,28,follower,-35.3633328,149.1654410,15.00
110.89,28,follower,-35.3633328,149.1654410,15.00
111.39,28,follower,-35.3633328,149.1654410,15.00
111.89,28,follower,-35.3633328,149.1654410,15.00
112.38,28,follower,-35.3633328,149.1654410,15.00
112.89,28,follower,-35.3633328,149.1654410,15.00
113.39,28,follower,-35.3633328,149.1654410,15.00
113.89,28,follower,-35.3633328,149.1654410,15.00
114.38,28,follower,-35.3633328,149.1654410,15.00
114.88,28,follower,-35.3633328,149.1654410,15.00
115.39,28,follower,-35.3633328,149.1654410,15.00
115.88,28,follower,-35.3633328,149.1654410,15.00
116.39,28,follower,-35.3633328,149.1654410,15.00
116.88,28,follower,-35.3633328,149.1654410,15.00
117.39,28,follower,-35.3633328,149.1654410,15.00
117.89,28,follower,-35.3633328,149.1654410,15.00
118.39,28,follower,-35.3633328,149.1654410,15.00
118.89,28,follower,-35.3633328,149.1654410,15.00
119.39,28,follower,-35.3633328,149.1654410,15.00
119.89,28,follower,-35.3633328,149.1654410,15.00
120.39,28,follower,-35.3633328,149.1654410,15.00
120.89,28,follower,-35.3633328,149.1654410,15.00
121.39,28,follower,-35.3633328,149.1654410,15.00
121.89,28,follower,-35.3633328,149.1654410,15.00
122.39,28,follower,-35.3633328,149.1654410,15.00
122.89,28,follower,-35.3633328,149.1654410,15.00
123.39,28,follower,-35.3633328,149.1654410,15.00
123.89,28,follower,-35.3633328,149.1654410,15.00
124.39,28,follower,-35.3633328,149.1654410,15.00
124.89,28,follower,-35.3633328,149.1654410,15.00
125.39,28,follower,-35.3633328,149.1654410,15.00
125.89,28,follower,-35.3633328,149.1654410,15.00
126.39,28,follower,-35.3633328,149.1654410,15.00
126.89,28,follower,-35.3633328,149.1654410,15.00
127.39,28,follower,-35.3633328,149.1654410,15.00
127.89,28,follower,-35.3633328,149.1654410,15.00
128.39,28,follower,-35.3633328,149.1654410,15.00
128.89,28,follower,-35.3633329,149.1654410,15.00
129.39,28,follower,-35.3633329,149.1654410,15.00
129.89,28,follower,-35.3633329,149.1654410,15.00
130.39,28,follower,-35.3633329,149.1654410,15.00
130.89,28,follower,-35.3633329,149.1654410,15.00
131.39,28,follower,-35.3633329,149.1654410,15.00
131.89,28,follower,-35.3633329,149.1654410,15.00
132.39,28,follower,-35.3633329,149.1654410,15.00
132.89,28,follower,-35.3633329,149.1654410,15.00
133.39,28,follower,-35.3633329,149.1654410,15.00
133.89,28,follower,-35.3633329,149.1654410,15.00
134.39,28,follower,-35.3633329,149.1654410,15.00
134.89,28,follower,-35.3633329,149.1654410,15.00
135.39,28,follower,-35.3633329,149.1654410,15.00
135.89,28,follower,-35.3633329,149.1654410,15.00
136.39,28,follower,-35.3633329,149.1654410,15.00
136.89,28,follower,-35.3633329,149.1654410,15.00
137.39,28,follower,-35.3633329,149.1654410,15.00
137.89,28,follower,-35.3633329,149.1654410,15.00
138.39,28,follower,-35.3633329,149.1654410,15.00
138.89,28,follower,-35.3633329,149.1654410,15.00
139.39,28,follower,-35.3633329,149.1654410,15.00
139.89,28,follower,-35.3633329,149.1654410,15.00
140.39,28,follower,-35.3633329,149.1654410,15.00
140.89,28,follower,-35.3633329,149.1654410,15.00
141.39,28,follower,-35.3633329,149.1654410,15.00
141.89,28,follower,-35.3633329,149.1654410,15.00
142.39,28,follower,-35.3633329,149.1654410,15.00
142.89,28,follower,-35.3633329,149.1654410,15.00
143.40,28,follower,-35.3633329,149.1654410,15.00
143.89,28,follower,-35.3633329,149.1654410,15.00
144.39,28,follower,-35.3633329,149.1654410,15.00
144.89,28,follower,-35.3633328,149.1654410,15.00
145.39,28,follower,-35.3633301,149.1654408,15.00
145.89,28,follower,-35.3633216,149.1654407,15.00
146.39,28,follower,-35.3633097,149.1654406,15.00
146.89,28,follower,-35.3632992,149.1654406,15.00
147.39,28,follower,-35.3632900,149.1654407,15.00
147.90,28,follower,-35.3632809,149.1654407,15.00
148.39,28,follower,-35.3632717,149.1654408,15.00
148.89,28,follower,-35.3632623,149.1654408,15.00
149.40,28,follower,-35.3632530,149.1654408,15.00
149.89,28,follower,-35.3632438,149.1654408,15.00
150.39,28,follower,-35.3632347,149.1654408,15.00
150.89,28,follower,-35.3632256,149.1654407,15.00
151.40,28,follower,-35.3632167,149.1654407,15.00
151.90,28,follower,-35.3632078,149.1654407,15.00
152.39,28,follower,-35.3631989,149.1654406,15.00
152.89,28,follower,-35.3631899,149.1654406,15.00
153.39,28,follower,-35.3631809,149.1654406,15.00
153.90,28,follower,-35.3631721,149.1654406,15.00
154.39,28,follower,-35.3631632,149.1654406,15.00
154.89,28,follower,-35.3631543,149.1654406,15.00
155.39,28,follower,-35.3631450,149.1654407,15.00
155.90,28,follower,-35.3631350,149.1654407,15.00
156.39,28,follower,-35.3631261,149.1654407,15.00
156.90,28,follower,-35.3631166,149.1654407,15.00
157.40,28,follower,-35.3631080,149.1654407,15.00
157.90,28,follower,-35.3630985,149.1654407,15.00
158.39,28,follower,-35.3630898,149.1654407,15.00
158.89,28,follower,-35.3630805,149.1654407,15.00
159.40,28,follower,-35.3630717,149.1654407,15.00
159.90,28,follower,-35.3630627,149.1654407,15.00
160.39,28,follower,-35.3630553,149.1654407,15.00
160.89,28,follower,-35.3630534,149.1654407,15.00
161.40,28,follower,-35.3630567,149.1654417,15.00
161.89,28,follower,-35.3630602,149.1654471,15.00
162.40,28,follower,-35.3630607,149.1654584,15.00
162.90,28,follower,-35.3630606,149.1654764,15.01
163.39,28,follower,-35.3630606,149.1654968,15.01
163.90,28,follower,-35.3630609,149.1655126,15.00
164.39,28,follower,-35.3630615,149.1655244,15.00
164.89,28,follower,-35.3630621,149.1655358,15.00
165.39,28,follower,-35.3630626,149.1655474,15.00
165.90,28,follower,-35.3630628,149.1655590,15.00
166.40,28,follower,-35.3630629,149.1655704,15.00
166.90,28,follower,-35.3630629,149.1655815,15.00
167.40,28,follower,-35.3630629,149.1655925,15.00
167.90,28,follower,-35.3630629,149.1656035,15.00
168.40,28,follower,-35.3630629,149.1656145,15.00
168.90,28,follower,-35.3630629,149.1656253,15.00
169.40,28,follower,-35.3630629,149.1656362,15.00
169.89,28,follower,-35.3630629,149.1656471,15.00
170.40,28,follower,-35.3630629,149.1656580,15.00
170.89,28,follower,-35.3630629,149.1656688,15.00
171.40,28,follower,-35.3630629,149.1656804,15.00
171.90,28,follower,-35.3630629,149.1656928,15.00
172.40,28,follower,-35.3630628,149.1657036,15.00
172.90,28,follower,-35.3630628,149.1657151,15.00
173.40,28,follower,-35.3630628,149.1657255,15.00
173.90,28,follower,-35.3630628,149.1657372,15.00
174.40,28,follower,-35.3630628,149.1657481,15.00
174.90,28,follower,-35.3630628,149.1657594,15.00
175.40,28,follower,-35.3630628,149.1657690,15.00
175.90,28,follower,-35.3630629,149.1657726,15.00
176.40,28,follower,-35.3630634,149.1657692,15.00
176.90,28,follower,-35.3630669,149.1657641,15.00
177.40,28,follower,-35.3630748,149.1657631,15.00
177.90,28,follower,-35.3630881,149.1657637,15.01
178.40,28,follower,-35.3631049,149.1657640,15.01
178.90,28,follower,-35.3631194,149.1657639,15.00
179.40,28,follower,-35.3631295,149.1657631,15.00
179.90,28,follower,-35.3631389,149.1657623,15.00
180.40,28,follower,-35.3631484,149.1657616,15.00
180.90,28,follower,-35.3631578,149.1657612,15.00
181.40,28,follower,-35.3631671,149.1657611,15.00
181.90,28,follower,-35.3631763,149.1657611,15.00
182.40,28,follower,-35.3631854,149.1657611,15.00
182.90,28,follower,-35.3631943,149.1657612,15.00
183.40,28,follower,-35.3632031,149.1657612,15.00
183.90,28,follower,-35.3632119,149.1657612,15.00
184.40,28,follower,-35.3632207,149.1657612,15.00
184.90,28,follower,-35.3632295,149.1657612,15.00
185.40,28,follower,-35.3632384,149.1657612,15.00
185.90,28,follower,-35.3632473,149.1657612,15.00
186.40,28,follower,-35.3632566,149.1657612,15.00
186.90,28,follower,-35.3632666,149.1657612,15.00
187.40,28,follower,-35.3632754,149.1657613,15.00
187.90,28,follower,-35.3632850,149.1657613,15.00
188.40,28,follower,-35.3632940,149.1657613,15.00
188.90,28,follower,-35.3633031,149.1657613,15.00
189.40,28,follower,-35.3633114,149.1657613,15.00
189.90,28,follower,-35.3633206,149.1657613,15.00
190.40,28,follower,-35.3633283,149.1657612,15.00
190.90,28,follower,-35.3633328,149.1657610,15.00
191.40,28,follower,-35.3633316,149.1657605,15.00
191.90,28,follower,-35.3633278,149.1657568,15.01
192.40,28,follower,-35.3633267,149.1657477,15.00
192.90,28,follower,-35.3633267,149.1657317,15.01
193.40,28,follower,-35.3633267,149.1657116,15.01
193.90,28,follower,-35.3633265,149.1656943,15.00
194.40,28,follower,-35.3633260,149.1656820,15.00
194.90,28,follower,-35.3633253,149.1656706,15.00
195.40,28,follower,-35.3633247,149.1656591,15.00
195.90,28,follower,-35.3633243,149.1656476,15.00
196.40,28,follower,-35.3633242,149.1656361,15.00
196.90,28,follower,-35.3633242,149.1656249,15.00
197.40,28,follower,-35.3633242,149.1656139,15.00
197.90,28,follower,-35.3633242,149.1656030,15.00
198.40,28,follower,-35.3633242,149.1655920,15.00
198.90,28,follower,-35.3633242,149.1655811,15.00
199.40,28,follower,-35.3633242,149.1655702,15.00
199.90,28,follower,-35.3633242,149.1655593,15.00
200.40,28,follower,-35.3633242,149.1655483,15.00
200.91,28,follower,-35.3633242,149.1655374,15.00
201.40,28,follower,-35.3633243,149.1655263,15.00
201.91,28,follower,-35.3633243,149.1655140,15.00
202.40,28,follower,-35.3633243,149.1655028,15.00
202.90,28,follower,-35.3633243,149.1654911,15.00
203.40,28,follower,-35.3633243,149.1654807,15.00
203.91,28,follower,-35.3633243,149.1654690,15.00
204.40,28,follower,-35.3633243,149.1654581,15.00
204.91,28,follower,-35.3633243,149.1654469,15.00
205.41,28,follower,-35.3633243,149.1654360,15.00
205.90,28,follower,-35.3633243,149.1654290,15.00
206.40,28,follower,-35.3633242,149.1654291,15.00
206.90,28,follower,-35.3633240,149.1654332,15.00
207.40,28,follower,-35.3633239,149.1654353,15.00
207.91,28,follower,-35.3633239,149.1654358,15.00
208.40,28,follower,-35.3633239,149.1654360,15.00
208.90,28,follower,-35.3633241,149.1654363,15.00
209.41,28,follower,-35.3633241,149.1654367,15.00
209.91,28,follower,-35.3633242,149.1654372,15.00
210.41,28,follower,-35.3633242,149.1654376,15.00
210.90,28,follower,-35.3633243,149.1654379,15.00
211.41,28,follower,-35.3633243,149.1654381,15.00
93.38,29,follower,-35.3633252,149.1650104,2.23
93.89,29,follower,-35.3633252,149.1650104,3.39
94.39,29,follower,-35.3633252,149.1650104,4.67
94.88,29,follower,-35.3633252,149.1650104,5.95
95.39,29,follower,-35.3633252,149.1650104,7.19
95.89,29,follower,-35.3633252,149.1650104,8.42
96.38,29,follower,-35.3633252,149.1650104,9.66
96.89,29,follower,-35.3633252,149.1650104,10.90
97.39,29,follower,-35.3633252,149.1650104,12.13
97.89,29,follower,-35.3633252,149.1650104,13.22
98.39,29,follower,-35.3633252,149.1650104,14.08
98.89,29,follower,-35.3633252,149.1650105,14.68
99.39,29,follower,-35.3633252,149.1650105,15.02
99.89,29,follower,-35.3633252,149.1650105,15.11
100.39,29,follower,-35.3633252,149.1650105,15.00
100.89,29,follower,-35.3633252,149.1650105,14.95
101.39,29,follower,-35.3633252,149.1650105,14.96
101.89,29,follower,-35.3633252,149.1650105,14.96
102.39,29,follower,-35.3633252,149.1650105,14.97
102.89,29,follower,-35.3633251,149.1650105,14.98
103.39,29,follower,-35.3633251,149.1650104,14.98
103.89,29,follower,-35.3633251,149.1650104,14.98
104.39,29,follower,-35.3633251,149.1650104,14.99
104.89,29,follower,-35.3633251,149.1650104,14.99
105.39,29,follower,-35.3633251,149.1650104,14.99
105.89,29,follower,-35.3633251,149.1650104,14.99
106.39,29,follower,-35.3633251,149.1650104,14.99
106.89,29,follower,-35.3633251,149.1650104,14.99
107.39,29,follower,-35.3633251,149.1650104,15.00
107.89,29,follower,-35.3633251,149.1650105,15.00
108.39,29,follower,-35.3633251,149.1650105,15.00
108.89,29,follower,-35.3633251,149.1650105,15.00
109.39,29,follower,-35.3633252,149.1650105,15.00
109.89,29,follower,-35.3633251,149.1650105,15.00
110.39,29,follower,-35.3633251,149.1650105,15.00
110.89,29,follower,-35.3633251,149.1650105,15.00
111.39,29,follower,-35.3633251,149.1650105,15.00
111.89,29,follower,-35.3633251,149.1650105,15.00
112.39,29,follower,-35.3633251,149.1650105,15.00
112.89,29,follower,-35.3633251,149.1650105,15.00
113.39,29,follower,-35.3633251,149.1650105,15.00
113.89,29,follower,-35.3633251,149.1650105,15.00
114.39,29,follower,-35.3633251,149.1650105,15.00
114.89,29,follower,-35.3633251,149.1650105,15.00
115.39,29,follower,-35.3633251,149.1650105,15.00
115.89,29,follower,-35.3633251,149.1650105,15.00
116.39,29,follower,-35.3633251,149.1650105,15.00
116.89,29,follower,-35.3633251,149.1650105,15.00
117.39,29,follower,-35.3633251,149.1650105,15.00
117.89,29,follower,-35.3633251,149.1650105,15.00
118.39,29,follower,-35.3633251,149.1650105,15.00
118.89,29,follower,-35.3633251,149.1650105,15.00
119.39,29,follower,-35.3633251,149.1650105,15.00
119.89,29,follower,-35.3633251,149.1650105,15.00
120.39,29,follower,-35.3633251,149.1650105,15.00
120.89,29,follower,-35.3633252,149.1650105,15.00
121.39,29,follower,-35.3633252,149.1650105,15.00
121.89,29,follower,-35.3633252,149.1650105,15.00
122.39,29,follower,-35.3633252,149.1650105,15.00
122.89,29,follower,-35.3633252,149.1650105,15.00
123.39,29,follower,-35.3633252,149.1650105,15.00
123.89,29,follower,-35.3633252,149.1650105,15.00
124.39,29,follower,-35.3633252,149.1650105,15.00
124.89,29,follower,-35.3633252,149.1650105,15.00
125.39,29,follower,-35.3633252,149.1650105,15.00
125.89,29,follower,-35.3633252,149.1650105,15.00
126.39,29,follower,-35.3633252,149.1650105,15.00
126.89,29,follower,-35.3633252,149.1650105,15.00
127.39,29,follower,-35.3633251,149.1650105,15.00
127.89,29,follower,-35.3633251,149.1650105,15.00
128.40,29,follower,-35.3633251,149.1650105,15.00
128.89,29,follower,-35.3633252,149.1650105,15.00
129.39,29,follower,-35.3633252,149.1650105,15.00
129.89,29,follower,-35.3633252,149.1650105,15.00
130.39,29,follower,-35.3633252,149.1650105,15.00
130.89,29,follower,-35.3633252,149.1650105,15.00
131.40,29,follower,-35.3633252,149.1650105,15.00
131.89,29,follower,-35.3633252,149.1650105,15.00
132.40,29,follower,-35.3633252,149.1650105,15.00
132.89,29,follower,-35.3633252,149.1650105,15.00
133.39,29,follower,-35.3633252,149.1650105,15.00
133.90,29,follower,-35.3633252,149.1650105,15.00
134.39,29,follower,-35.3633252,149.1650105,15.00
134.90,29,follower,-35.3633251,149.1650105,15.00
135.40,29,follower,-35.3633251,149.1650105,15.00
135.89,29,follower,-35.3633251,149.1650105,15.00
136.39,29,follower,-35.3633251,149.1650105,15.00
136.90,29,follower,-35.3633251,149.1650105,15.00
137.39,29,follower,-35.3633251,149.1650105,15.00
137.89,29,follower,-35.3633251,149.1650105,15.00
138.40,29,follower,-35.3633251,149.1650105,15.00
138.89,29,follower,-35.3633251,149.1650105,15.00
139.40,29,follower,-35.3633251,149.1650105,15.00
139.89,29,follower,-35.3633251,149.1650105,15.00
140.39,29,follower,-35.3633251,149.1650105,15.00
140.89,29,follower,-35.3633251,149.1650105,15.00
141.39,29,follower,-35.3633251,149.1650105,15.00
141.90,29,follower,-35.3633251,149.1650105,15.00
142.39,29,follower,-35.3633251,149.1650105,15.00
142.89,29,follower,-35.3633251,149.1650105,15.00
143.40,29,follower,-35.3633251,149.1650105,15.00
143.89,29,follower,-35.3633251,149.1650105,15.00
144.39,29,follower,-35.3633251,149.1650105,15.00
144.90,29,follower,-35.3633250,149.1650104,15.00
145.40,29,follower,-35.3633222,149.1650103,15.00
145.90,29,follower,-35.3633137,149.1650101,15.00
146.39,29,follower,-35.3633016,149.1650100,15.00
146.90,29,follower,-35.3632909,149.1650100,15.00
147.40,29,follower,-35.3632817,149.1650101,15.00
147.90,29,follower,-35.3632727,149.1650102,15.00
148.40,29,follower,-35.3632635,149.1650102,15.00
148.89,29,follower,-35.3632541,149.1650102,15.00
149.39,29,follower,-35.3632448,149.1650102,15.00
149.90,29,follower,-35.3632355,149.1650102,15.00
150.40,29,follower,-35.3632264,149.1650102,15.00
150.90,29,follower,-35.3632174,149.1650102,15.00
151.40,29,follower,-35.3632084,149.1650102,15.00
151.89,29,follower,-35.3631996,149.1650102,15.00
152.40,29,follower,-35.3631907,149.1650102,15.00
152.89,29,follower,-35.3631818,149.1650102,15.00
153.40,29,follower,-35.3631728,149.1650102,15.00
153.90,29,follower,-35.3631639,149.1650102,15.00
154.40,29,follower,-35.3631551,149.1650102,15.00
154.90,29,follower,-35.3631463,149.1650102,15.00
155.40,29,follower,-35.3631374,149.1650102,15.00
155.90,29,follower,-35.3631285,149.1650102,15.00
156.40,29,follower,-35.3631197,149.1650102,15.00
156.90,29,follower,-35.3631101,149.1650102,15.00
157.40,29,follower,-35.3631005,149.1650102,15.00
157.90,29,follower,-35.3630908,149.1650102,15.00
158.40,29,follower,-35.3630824,149.1650102,15.00
158.90,29,follower,-35.3630729,149.1650102,15.00
159.40,29,follower,-35.3630640,149.1650102,15.00
159.90,29,follower,-35.3630549,149.1650102,15.00
160.40,29,follower,-35.3630479,149.1650102,15.00
160.90,29,follower,-35.3630465,149.1650102,15.00
161.40,29,follower,-35.3630500,149.1650115,15.00
161.90,29,follower,-35.3630533,149.1650174,15.00
162.40,29,follower,-35.3630534,149.1650291,15.00
162.90,29,follower,-35.3630531,149.1650475,15.01
163.40,29,follower,-35.3630530,149.1650676,15.01
163.90,29,follower,-35.3630532,149.1650827,15.00
164.40,29,follower,-35.3630538,149.1650943,15.00
164.90,29,follower,-35.3630544,149.1651056,15.00
165.40,29,follower,-35.3630549,149.1651171,15.00
165.90,29,follower,-35.3630551,149.1651286,15.00
166.40,29,follower,-35.3630552,149.1651400,15.00
166.90,29,follower,-35.3630552,149.1651511,15.00
167.40,29,follower,-35.3630552,149.1651621,15.00
167.90,29,follower,-35.3630552,149.1651731,15.00
168.40,29,follower,-35.3630552,149.1651840,15.00
168.90,29,follower,-35.3630552,149.1651949,15.00
169.40,29,follower,-35.3630551,149.1652058,15.00
169.90,29,follower,-35.3630551,149.1652167,15.00
170.40,29,follower,-35.3630551,149.1652276,15.00
170.90,29,follower,-35.3630551,149.1652385,15.00
171.40,29,follower,-35.3630551,149.1652500,15.00
171.90,29,follower,-35.3630551,149.1652624,15.00
172.40,29,follower,-35.3630551,149.1652733,15.00
172.90,29,follower,-35.3630551,149.1652848,15.00
173.40,29,follower,-35.3630551,149.1652950,15.00
173.90,29,follower,-35.3630551,149.1653067,15.00
174.40,29,follower,-35.3630551,149.1653176,15.00
174.90,29,follower,-35.3630551,149.1653289,15.00
175.40,29,follower,-35.3630552,149.1653386,15.00
175.90,29,follower,-35.3630553,149.1653422,15.00
176.40,29,follower,-35.3630558,149.1653389,15.00
176.90,29,follower,-35.3630594,149.1653339,15.00
177.40,29,follower,-35.3630674,149.1653329,15.00
177.90,29,follower,-35.3630807,149.1653334,15.01
178.41,29,follower,-35.3630974,149.1653336,15.01
178.90,29,follower,-35.3631116,149.1653333,15.00
179.40,29,follower,-35.3631218,149.1653326,15.00
179.90,29,follower,-35.3631311,149.1653317,15.00
180.40,29,follower,-35.3631406,149.1653311,15.00
180.90,29,follower,-35.3631500,149.1653307,15.00
181.40,29,follower,-35.3631593,149.1653306,15.00
181.90,29,follower,-35.3631684,149.1653306,15.00
182.40,29,follower,-35.3631775,149.1653306,15.00
182.90,29,follower,-35.3631864,149.1653307,15.00
183.40,29,follower,-35.3631953,149.1653307,15.00
183.90,29,follower,-35.3632041,149.1653307,15.00
184.40,29,follower,-35.3632130,149.1653307,15.00
184.90,29,follower,-35.3632218,149.1653307,15.00
185.40,29,follower,-35.3632307,149.1653307,15.00
185.90,29,follower,-35.3632396,149.1653307,15.00
186.40,29,follower,-35.3632486,149.1653307,15.00
186.90,29,follower,-35.3632582,149.1653307,15.00
187.41,29,follower,-35.3632677,149.1653307,15.00
187.91,29,follower,-35.3632775,149.1653307,15.00
188.40,29,follower,-35.3632863,149.1653307,15.00
188.90,29,follower,-35.3632953,149.1653307,15.00
189.40,29,follower,-35.3633036,149.1653307,15.00
189.90,29,follower,-35.3633129,149.1653307,15.00
190.40,29,follower,-35.3633213,149.1653307,15.00
190.90,29,follower,-35.3633259,149.1653305,15.00
191.40,29,follower,-35.3633245,149.1653301,15.00
191.91,29,follower,-35.3633205,149.1653266,15.00
192.41,29,follower,-35.3633191,149.1653179,15.00
192.91,29,follower,-35.3633191,149.1653023,15.00
193.41,29,follower,-35.3633190,149.1652821,15.01
193.91,29,follower,-35.3633188,149.1652641,15.00
194.40,29,follower,-35.3633183,149.1652515,15.00
194.91,29,follower,-35.3633176,149.1652402,15.00
195.40,29,follower,-35.3633170,149.1652286,15.00
195.91,29,follower,-35.3633166,149.1652171,15.00
196.41,29,follower,-35.3633165,149.1652057,15.00
196.91,29,follower,-35.3633165,149.1651945,15.00
197.40,29,follower,-35.3633165,149.1651834,15.00
197.90,29,follower,-35.3633165,149.1651724,15.00
198.40,29,follower,-35.3633165,149.1651615,15.00
198.91,29,follower,-35.3633165,149.1651506,15.00
199.41,29,follower,-35.3633166,149.1651398,15.00
199.91,29,follower,-35.3633166,149.1651289,15.00
200.41,29,follower,-35.3633166,149.1651180,15.00
200.91,29,follower,-35.3633166,149.1651063,15.00
201.41,29,follower,-35.3633166,149.1650946,15.00
201.90,29,follower,-35.3633166,149.1650825,15.00
202.41,29,follower,-35.3633166,149.1650717,15.00
202.91,29,follower,-35.3633166,149.1650606,15.00
203.40,29,follower,-35.3633166,149.1650503,15.00
203.91,29,follower,-35.3633166,149.1650387,15.00
204.41,29,follower,-35.3633166,149.1650277,15.00
204.91,29,follower,-35.3633166,149.1650165,15.00
205.41,29,follower,-35.3633166,149.1650056,15.00
205.91,29,follower,-35.3633165,149.1649986,15.00
206.40,29,follower,-35.3633165,149.1649988,15.00
206.90,29,follower,-35.3633164,149.1650028,15.00
207.41,29,follower,-35.3633162,149.1650048,15.00
207.91,29,follower,-35.3633162,149.1650053,15.00
208.41,29,follower,-35.3633162,149.1650055,15.00
208.91,29,follower,-35.3633163,149.1650058,15.00
209.41,29,follower,-35.3633164,149.1650063,15.00
209.91,29,follower,-35.3633165,149.1650067,15.00
210.41,29,follower,-35.3633166,149.1650071,15.00
210.91,29,follower,-35.3633166,149.1650074,15.00
211.41,29,follower,-35.3633166,149.1650076,15.00
93.39,30,follower,-35.3630896,149.1653402,2.23
93.89,30,follower,-35.3630895,149.1653402,3.39
94.38,30,follower,-35.3630895,149.1653401,4.67
94.88,30,follower,-35.3630895,149.1653401,5.95
95.39,30,follower,-35.3630895,149.1653401,7.19
95.88,30,follower,-35.3630895,149.1653401,8.42
96.38,30,follower,-35.3630895,149.1653401,9.66
96.89,30,follower,-35.3630895,149.1653401,10.90
97.39,30,follower,-35.3630895,149.1653402,12.13
97.89,30,follower,-35.3630895,149.1653402,13.22
98.39,30,follower,-35.3630896,149.1653402,14.08
98.89,30,follower,-35.3630896,149.1653402,14.68
99.39,30,follower,-35.3630896,149.1653402,15.02
99.89,30,follower,-35.3630896,149.1653402,15.11
100.39,30,follower,-35.3630897,149.1653401,15.00
100.89,30,follower,-35.3630897,149.1653401,14.95
101.39,30,follower,-35.3630897,149.1653401,14.96
101.89,30,follower,-35.3630896,149.1653401,14.96
102.39,30,follower,-35.3630896,149.1653400,14.97
102.89,30,follower,-35.3630896,149.1653400,14.98
103.39,30,follower,-35.3630896,149.1653400,14.98
103.89,30,follower,-35.3630896,149.1653400,14.98
104.39,30,follower,-35.3630896,149.1653400,14.99
104.89,30,follower,-35.3630896,149.1653400,14.99
105.39,30,follower,-35.3630896,149.1653400,14.99
105.89,30,follower,-35.3630896,149.1653400,14.99
106.39,30,follower,-35.3630896,149.1653400,14.99
106.89,30,follower,-35.3630896,149.1653400,14.99
107.39,30,follower,-35.3630896,149.1653400,15.00
107.89,30,follower,-35.3630896,149.1653400,15.00
108.39,30,follower,-35.3630896,149.1653400,15.00
108.89,30,follower,-35.3630896,149.1653400,15.00
109.39,30,follower,-35.3630896,149.1653400,15.00
109.89,30,follower,-35.3630896,149.1653400,15.00
110.39,30,follower,-35.3630896,149.1653400,15.00
110.89,30,follower,-35.3630896,149.1653400,15.00
111.39,30,follower,-35.3630896,149.1653401,15.00
111.89,30,follower,-35.3630896,149.1653401,15.00
112.39,30,follower,-35.3630896,149.1653401,15.00
112.89,30,follower,-35.3630896,149.1653401,15.00
113.39,30,follower,-35.3630896,149.1653402,15.00
113.89,30,follower,-35.3630896,149.1653402,15.00
114.39,30,follower,-35.3630896,149.1653402,15.00
114.89,30,follower,-35.3630896,149.1653402,15.00
115.39,30,follower,-35.3630896,149.1653402,15.00
115.89,30,follower,-35.3630896,149.1653401,15.00
116.39,30,follower,-35.3630896,149.1653401,15.00
116.89,30,follower,-35.3630896,149.1653401,15.00
117.39,30,follower,-35.3630896,149.1653401,15.00
117.89,30,follower,-35.3630896,149.1653401,15.00
118.39,30,follower,-35.3630896,149.1653401,15.00
118.89,30,follower,-35.3630896,149.1653401,15.00
119.39,30,follower,-35.3630896,149.1653401,15.00
119.89,30,follower,-35.3630896,149.1653401,15.00
120.39,30,follower,-35.3630896,149.1653401,15.00
120.89,30,follower,-35.3630896,149.1653401,15.00
121.39,30,follower,-35.3630896,149.1653401,15.00
121.89,30,follower,-35.3630896,149.1653401,15.00
122.39,30,follower,-35.3630896,149.1653401,15.00
122.89,30,follower,-35.3630896,149.1653401,15.00
123.39,30,follower,-35.3630896,149.1653401,15.00
123.89,30,follower,-35.3630896,149.1653401,15.00
124.39,30,follower,-35.3630896,149.1653401,15.00
124.89,30,follower,-35.3630896,149.1653401,15.00
125.39,30,follower,-35.3630896,149.1653401,15.00
125.89,30,follower,-35.3630896,149.1653401,15.00
126.39,30,follower,-35.3630896,149.1653401,15.00
126.89,30,follower,-35.3630896,149.1653401,15.00
127.39,30,follower,-35.3630896,149.1653401,15.00
127.89,30,follower,-35.3630896,149.1653401,15.00
128.39,30,follower,-35.3630896,149.1653401,15.00
128.89,30,follower,-35.3630897,149.1653401,15.00
129.39,30,follower,-35.3630897,149.1653401,15.00
129.89,30,follower,-35.3630897,149.1653401,15.00
130.39,30,follower,-35.3630897,149.1653401,15.00
130.89,30,follower,-35.3630897,149.1653401,15.00
131.39,30,follower,-35.3630897,149.1653401,15.00
131.89,30,follower,-35.3630897,149.1653401,15.00
132.40,30,follower,-35.3630897,149.1653401,15.00
132.89,30,follower,-35.3630897,149.1653401,15.00
133.39,30,follower,-35.3630897,149.1653401,15.00
133.89,30,follower,-35.3630897,149.1653401,15.00
134.39,30,follower,-35.3630897,149.1653401,15.00
134.89,30,follower,-35.3630897,149.1653401,15.00
135.39,30,follower,-35.3630897,149.1653401,15.00
135.90,30,follower,-35.3630897,149.1653401,15.00
136.40,30,follower,-35.3630897,149.1653401,15.00
136.89,30,follower,-35.3630897,149.1653401,15.00
137.40,30,follower,-35.3630897,149.1653401,15.00
137.90,30,follower,-35.3630897,149.1653401,15.00
138.39,30,follower,-35.3630897,149.1653401,15.00
138.90,30,follower,-35.3630897,149.1653401,15.00
139.39,30,follower,-35.3630897,149.1653401,15.00
139.90,30,follower,-35.3630897,149.1653401,15.00
140.39,30,follower,-35.3630897,149.1653401,15.00
140.90,30,follower,-35.3630897,149.1653401,15.00
141.40,30,follower,-35.3630897,149.1653401,15.00
141.89,30,follower,-35.3630897,149.1653401,15.00
142.40,30,follower,-35.3630897,149.1653401,15.00
142.90,30,follower,-35.3630897,149.1653401,15.00
143.40,30,follower,-35.3630897,149.1653401,15.00
143.89,30,follower,-35.3630897,149.1653401,15.00
144.40,30,follower,-35.3630897,149.1653401,15.00
144.90,30,follower,-35.3630895,149.1653400,15.00
145.40,30,follower,-35.3630867,149.1653398,15.00
145.90,30,follower,-35.3630779,149.1653396,15.00
146.40,30,follower,-35.3630658,149.1653395,15.00
146.90,30,follower,-35.3630554,149.1653396,15.00
147.40,30,follower,-35.3630462,149.1653397,15.00
147.90,30,follower,-35.3630372,149.1653398,15.00
148.40,30,follower,-35.3630279,149.1653399,15.00
148.90,30,follower,-35.3630187,149.1653399,15.00
149.40,30,follower,-35.3630094,149.1653399,15.00
149.90,30,follower,-35.3630001,149.1653399,15.00
150.39,30,follower,-35.3629910,149.1653399,15.00
150.90,30,follower,-35.3629820,149.1653399,15.00
151.40,30,follower,-35.3629731,149.1653398,15.00
151.90,30,follower,-35.3629642,149.1653398,15.00
152.39,30,follower,-35.3629554,149.1653398,15.00
152.90,30,follower,-35.3629465,149.1653398,15.00
153.40,30,follower,-35.3629375,149.1653398,15.00
153.90,30,follower,-35.3629287,149.1653398,15.00
154.40,30,follower,-35.3629199,149.1653398,15.00
154.90,30,follower,-35.3629111,149.1653398,15.00
155.40,30,follower,-35.3629018,149.1653398,15.00
155.90,30,follower,-35.3628917,149.1653398,15.00
156.40,30,follower,-35.3628829,149.1653398,15.00
156.90,30,follower,-35.3628733,149.1653398,15.00
157.40,30,follower,-35.3628643,149.1653398,15.00
157.90,30,follower,-35.3628550,149.1653398,15.00
158.40,30,follower,-35.3628464,149.1653398,15.00
158.90,30,follower,-35.3628372,149.1653398,15.00
159.40,30,follower,-35.3628280,149.1653398,15.00
159.90,30,follower,-35.3628190,149.1653398,15.00
160.40,30,follower,-35.3628119,149.1653398,15.00
160.90,30,follower,-35.3628104,149.1653398,15.00
161.40,30,follower,-35.3628138,149.1653409,15.00
161.90,30,follower,-35.3628174,149.1653464,15.00
162.40,30,follower,-35.3628177,149.1653578,15.00
162.90,30,follower,-35.3628175,149.1653759,15.01
163.40,30,follower,-35.3628174,149.1653962,15.01
163.90,30,follower,-35.3628177,149.1654118,15.00
164.40,30,follower,-35.3628183,149.1654235,15.00
164.90,30,follower,-35.3628189,149.1654349,15.00
165.40,30,follower,-35.3628194,149.1654465,15.00
165.90,30,follower,-35.3628196,149.1654580,15.00
166.40,30,follower,-35.3628197,149.1654694,15.00
166.90,30,follower,-35.3628197,149.1654806,15.00
167.40,30,follower,-35.3628197,149.1654916,15.00
167.90,30,follower,-35.3628197,149.1655026,15.00
168.40,30,follower,-35.3628197,149.1655136,15.00
168.90,30,follower,-35.3628197,149.1655244,15.00
169.40,30,follower,-35.3628197,149.1655353,15.00
169.90,30,follower,-35.3628197,149.1655462,15.00
170.40,30,follower,-35.3628197,149.1655578,15.00
170.90,30,follower,-35.3628197,149.1655692,15.00
171.40,30,follower,-35.3628196,149.1655802,15.00
171.90,30,follower,-35.3628196,149.1655922,15.00
172.40,30,follower,-35.3628196,149.1656029,15.00
172.90,30,follower,-35.3628196,149.1656143,15.00
173.40,30,follower,-35.3628196,149.1656247,15.00
173.90,30,follower,-35.3628196,149.1656363,15.00
174.40,30,follower,-35.3628196,149.1656473,15.00
174.90,30,follower,-35.3628196,149.1656586,15.00
175.40,30,follower,-35.3628197,149.1656683,15.00
175.90,30,follower,-35.3628197,149.1656719,15.00
176.40,30,follower,-35.3628202,149.1656686,15.00
176.90,30,follower,-35.3628238,149.1656635,15.00
177.40,30,follower,-35.3628318,149.1656625,15.00
177.90,30,follower,-35.3628452,149.1656630,15.01
178.41,30,follower,-35.3628619,149.1656632,15.01
178.90,30,follower,-35.3628760,149.1656629,15.00
179.40,30,follower,-35.3628861,149.1656622,15.00
179.90,30,follower,-35.3628954,149.1656613,15.00
180.40,30,follower,-35.3629049,149.1656607,15.00
180.91,30,follower,-35.3629142,149.1656603,15.00
181.40,30,follower,-35.3629234,149.1656602,15.00
181.91,30,follower,-35.3629326,149.1656602,15.00
182.40,30,follower,-35.3629416,149.1656602,15.00
182.90,30,follower,-35.3629505,149.1656602,15.00
183.41,30,follower,-35.3629594,149.1656603,15.00
183.91,30,follower,-35.3629683,149.1656603,15.00
184.40,30,follower,-35.3629771,149.1656603,15.00
184.90,30,follower,-35.3629867,149.1656603,15.00
185.40,30,follower,-35.3629963,149.1656603,15.00
185.90,30,follower,-35.3630062,149.1656603,15.00
186.41,30,follower,-35.3630151,149.1656603,15.00
186.90,30,follower,-35.3630243,149.1656603,15.00
187.40,30,follower,-35.3630326,149.1656603,15.00
187.90,30,follower,-35.3630420,149.1656603,15.00
188.40,30,follower,-35.3630509,149.1656603,15.00
188.90,30,follower,-35.3630601,149.1656603,15.00
189.40,30,follower,-35.3630688,149.1656603,15.00
189.90,30,follower,-35.3630779,149.1656603,15.00
190.41,30,follower,-35.3630864,149.1656603,15.00
190.91,30,follower,-35.3630908,149.1656602,15.00
191.40,30,follower,-35.3630893,149.1656599,15.00
191.90,30,follower,-35.3630851,149.1656565,15.01
192.40,30,follower,-35.3630835,149.1656479,15.00
192.91,30,follower,-35.3630835,149.1656326,15.00
193.40,30,follower,-35.3630835,149.1656124,15.01
193.91,30,follower,-35.3630833,149.1655940,15.00
194.40,30,follower,-35.3630828,149.1655811,15.00
194.91,30,follower,-35.3630821,149.1655697,15.00
195.41,30,follower,-35.3630815,149.1655581,15.00
195.91,30,follower,-35.3630811,149.1655466,15.00
196.41,30,follower,-35.3630810,149.1655353,15.00
196.90,30,follower,-35.3630810,149.1655241,15.00
197.41,30,follower,-35.3630810,149.1655130,15.00
197.91,30,follower,-35.3630810,149.1655021,15.00
198.41,30,follower,-35.3630810,149.1654912,15.00
198.91,30,follower,-35.3630810,149.1654802,15.00
199.41,30,follower,-35.3630810,149.1654693,15.00
199.90,30,follower,-35.3630810,149.1654584,15.00
200.40,30,follower,-35.3630810,149.1654475,15.00
200.91,30,follower,-35.3630810,149.1654358,15.00
201.41,30,follower,-35.3630811,149.1654241,15.00
201.91,30,follower,-35.3630811,149.1654120,15.00
202.40,30,follower,-35.3630811,149.1654012,15.00
202.91,30,follower,-35.3630811,149.1653901,15.00
203.41,30,follower,-35.3630811,149.1653798,15.00
203.91,30,follower,-35.3630811,149.1653681,15.00
204.41,30,follower,-35.3630811,149.1653572,15.00
204.91,30,follower,-35.3630811,149.1653459,15.00
205.41,30,follower,-35.3630811,149.1653351,15.00
205.91,30,follower,-35.3630810,149.1653282,15.00
206.41,30,follower,-35.3630809,149.1653285,15.00
206.91,30,follower,-35.3630808,149.1653325,15.00
207.41,30,follower,-35.3630807,149.1653344,15.00
207.91,30,follower,-35.3630807,149.1653349,15.00
208.41,30,follower,-35.3630808,149.1653351,15.00
208.91,30,follower,-35.3630809,149.1653354,15.00
209.41,30,follower,-35.3630809,149.1653359,15.00
209.91,30,follower,-35.3630810,149.1653363,15.00
210.41,30,follower,-35.3630811,149.1653367,15.00
210.91,30,follower,-35.3630811,149.1653370,15.00
211.41,30,follower,-35.3630811,149.1653371,15.00
93.39,31,follower,-35.3634512,149.1652914,2.23
93.89,31,follower,-35.3634512,149.1652914,3.39
94.38,31,follower,-35.3634512,149.1652914,4.67
94.89,31,follower,-35.3634512,149.1652914,5.95
95.38,31,follower,-35.3634512,149.1652914,7.19
95.89,31,follower,-35.3634512,149.1652914,8.42
96.39,31,follower,-35.3634512,149.1652914,9.66
96.89,31,follower,-35.3634512,149.1652914,10.90
97.39,31,follower,-35.3634512,149.1652914,12.13
97.89,31,follower,-35.3634512,149.1652914,13.22
98.39,31,follower,-35.3634512,149.1652914,14.07
98.89,31,follower,-35.3634512,149.1652914,14.67
99.39,31,follower,-35.3634512,149.1652914,15.01
99.89,31,follower,-35.3634512,149.1652914,15.09
100.39,31,follower,-35.3634512,149.1652914,14.99
100.89,31,follower,-35.3634512,149.1652914,14.95
101.39,31,follower,-35.3634512,149.1652914,14.96
101.89,31,follower,-35.3634512,149.1652913,14.97
102.39,31,follower,-35.3634512,149.1652913,14.97
102.89,31,follower,-35.3634512,149.1652913,14.98
103.39,31,follower,-35.3634511,149.1652912,14.98
103.89,31,follower,-35.3634511,149.1652912,14.98
104.39,31,follower,-35.3634511,149.1652912,14.99
104.89,31,follower,-35.3634511,149.1652912,14.99
105.39,31,follower,-35.3634510,149.1652912,14.99
105.89,31,follower,-35.3634510,149.1652912,14.99
106.39,31,follower,-35.3634510,149.1652912,14.99
106.89,31,follower,-35.3634511,149.1652912,14.99
107.39,31,follower,-35.3634511,149.1652912,15.00
107.89,31,follower,-35.3634511,149.1652912,15.00
108.39,31,follower,-35.3634511,149.1652912,15.00
108.89,31,follower,-35.3634511,149.1652912,15.00
109.39,31,follower,-35.3634511,149.1652912,15.00
109.89,31,follower,-35.3634511,149.1652913,15.00
110.39,31,follower,-35.3634511,149.1652913,15.00
110.89,31,follower,-35.3634511,149.1652913,15.00
111.39,31,follower,-35.3634511,149.1652913,15.00
111.89,31,follower,-35.3634511,149.1652913,15.00
112.39,31,follower,-35.3634511,149.1652913,15.00
112.89,31,follower,-35.3634511,149.1652913,15.00
113.39,31,follower,-35.3634511,149.1652913,15.00
113.89,31,follower,-35.3634511,149.1652913,15.00
114.39,31,follower,-35.3634511,149.1652913,15.00
114.89,31,follower,-35.3634511,149.1652913,15.00
115.39,31,follower,-35.3634511,149.1652913,15.00
115.89,31,follower,-35.3634511,149.1652913,15.00
116.39,31,follower,-35.3634511,149.1652913,15.00
116.89,31,follower,-35.3634511,149.1652913,15.00
117.39,31,follower,-35.3634511,149.1652913,15.00
117.89,31,follower,-35.3634511,149.1652913,15.00
118.39,31,follower,-35.3634511,149.1652913,15.00
118.89,31,follower,-35.3634511,149.1652913,15.00
119.39,31,follower,-35.3634511,149.1652913,15.00
119.89,31,follower,-35.3634511,149.1652913,15.00
120.39,31,follower,-35.3634511,149.1652913,15.00
120.89,31,follower,-35.3634511,149.1652913,15.00
121.39,31,follower,-35.3634511,149.1652913,15.00
121.89,31,follower,-35.3634511,149.1652913,15.00
122.39,31,follower,-35.3634511,149.1652913,15.00
122.89,31,follower,-35.3634511,149.1652913,15.00
123.39,31,follower,-35.3634511,149.1652913,15.00
123.89,31,follower,-35.3634511,149.1652913,15.00
124.40,31,follower,-35.3634511,149.1652913,15.00
124.89,31,follower,-35.3634511,149.1652913,15.00
125.40,31,follower,-35.3634511,149.1652913,15.00
125.89,31,follower,-35.3634511,149.1652913,15.00
126.39,31,follower,-35.3634511,149.1652913,15.00
126.89,31,follower,-35.3634511,149.1652913,15.00
127.39,31,follower,-35.3634511,149.1652913,15.00
127.89,31,follower,-35.3634511,149.1652913,15.00
128.39,31,follower,-35.3634511,149.1652913,15.00
128.90,31,follower,-35.3634511,149.1652913,15.00
129.39,31,follower,-35.3634511,149.1652913,15.00
129.90,31,follower,-35.3634511,149.1652913,15.00
130.39,31,follower,-35.3634511,149.1652913,15.00
130.90,31,follower,-35.3634511,149.1652913,15.00
131.39,31,follower,-35.3634511,149.1652913,15.00
131.89,31,follower,-35.3634511,149.1652913,15.00
132.39,31,follower,-35.3634511,149.1652913,15.00
132.90,31,follower,-35.3634511,149.1652913,15.00
133.39,31,follower,-35.3634511,149.1652913,15.00
133.89,31,follower,-35.3634511,149.1652913,15.00
134.40,31,follower,-35.3634511,149.1652913,15.00
134.89,31,follower,-35.3634511,149.1652913,15.00
135.40,31,follower,-35.3634511,149.1652913,15.00
135.90,31,follower,-35.3634511,149.1652913,15.00
136.40,31,follower,-35.3634511,149.1652913,15.00
136.89,31,follower,-35.3634511,149.1652913,15.00
137.39,31,follower,-35.3634511,149.1652913,15.00
137.90,31,follower,-35.3634511,149.1652913,15.00
138.40,31,follower,-35.3634511,149.1652913,15.00
138.90,31,follower,-35.3634511,149.1652913,15.00
139.40,31,follower,-35.3634511,149.1652913,15.00
139.89,31,follower,-35.3634511,149.1652913,15.00
140.39,31,follower,-35.3634511,149.1652913,15.00
140.90,31,follower,-35.3634511,149.1652913,15.00
141.40,31,follower,-35.3634511,149.1652913,15.00
141.89,31,follower,-35.3634511,149.1652913,15.00
142.39,31,follower,-35.3634511,149.1652913,15.00
142.89,31,follower,-35.3634511,149.1652913,15.00
143.39,31,follower,-35.3634511,149.1652913,15.00
143.89,31,follower,-35.3634511,149.1652913,15.00
144.39,31,follower,-35.3634511,149.1652913,15.00
144.90,31,follower,-35.3634510,149.1652912,15.00
145.40,31,follower,-35.3634483,149.1652911,15.00
145.90,31,follower,-35.3634397,149.1652909,15.00
146.40,31,follower,-35.3634276,149.1652908,15.00
146.89,31,follower,-35.3634172,149.1652908,15.00
147.40,31,follower,-35.3634080,149.1652909,15.00
147.90,31,follower,-35.3633989,149.1652910,15.00
148.40,31,follower,-35.3633897,149.1652911,15.00
148.90,31,follower,-35.3633804,149.1652911,15.00
149.40,31,follower,-35.3633711,149.1652911,15.00
149.90,31,follower,-35.3633619,149.1652911,15.00
150.40,31,follower,-35.3633528,149.1652911,15.00
150.90,31,follower,-35.3633437,149.1652911,15.00
151.40,31,follower,-35.3633347,149.1652910,15.00
151.90,31,follower,-35.3633259,149.1652910,15.00
152.40,31,follower,-35.3633170,149.1652910,15.00
152.90,31,follower,-35.3633082,149.1652910,15.00
153.40,31,follower,-35.3632992,149.1652910,15.00
153.90,31,follower,-35.3632904,149.1652910,15.00
154.39,31,follower,-35.3632815,149.1652910,15.00
154.90,31,follower,-35.3632714,149.1652910,15.00
155.40,31,follower,-35.3632620,149.1652910,15.00
155.90,31,follower,-35.3632527,149.1652910,15.00
156.40,31,follower,-35.3632443,149.1652910,15.00
156.90,31,follower,-35.3632348,149.1652910,15.00
157.40,31,follower,-35.3632258,149.1652910,15.00
157.90,31,follower,-35.3632165,149.1652910,15.00
158.40,31,follower,-35.3632080,149.1652910,15.00
158.90,31,follower,-35.3631989,149.1652910,15.00
159.40,31,follower,-35.3631896,149.1652910,15.00
159.90,31,follower,-35.3631806,149.1652910,15.00
160.40,31,follower,-35.3631735,149.1652910,15.00
160.90,31,follower,-35.3631719,149.1652910,15.00
161.40,31,follower,-35.3631753,149.1652921,15.00
161.90,31,follower,-35.3631789,149.1652976,15.00
162.40,31,follower,-35.3631792,149.1653089,15.00
162.90,31,follower,-35.3631790,149.1653269,15.01
163.40,31,follower,-35.3631789,149.1653473,15.01
163.90,31,follower,-35.3631792,149.1653630,15.00
164.40,31,follower,-35.3631798,149.1653747,15.00
164.90,31,follower,-35.3631804,149.1653860,15.00
165.40,31,follower,-35.3631809,149.1653976,15.00
165.90,31,follower,-35.3631811,149.1654091,15.00
166.40,31,follower,-35.3631812,149.1654205,15.00
166.90,31,follower,-35.3631812,149.1654317,15.00
167.40,31,follower,-35.3631812,149.1654428,15.00
167.90,31,follower,-35.3631812,149.1654538,15.00
168.40,31,follower,-35.3631812,149.1654647,15.00
168.90,31,follower,-35.3631812,149.1654756,15.00
169.40,31,follower,-35.3631812,149.1654865,15.00
169.90,31,follower,-35.3631812,149.1654973,15.00
170.40,31,follower,-35.3631811,149.1655084,15.00
170.90,31,follower,-35.3631811,149.1655206,15.00
171.40,31,follower,-35.3631811,149.1655319,15.00
171.90,31,follower,-35.3631811,149.1655436,15.00
172.40,31,follower,-35.3631810,149.1655540,15.00
172.90,31,follower,-35.3631810,149.1655654,15.00
173.40,31,follower,-35.3631811,149.1655757,15.00
173.90,31,follower,-35.3631811,149.1655874,15.00
174.40,31,follower,-35.3631811,149.1655983,15.00
174.90,31,follower,-35.3631811,149.1656096,15.00
175.40,31,follower,-35.3631812,149.1656194,15.00
175.90,31,follower,-35.3631813,149.1656230,15.00
176.40,31,follower,-35.3631818,149.1656198,15.00
176.90,31,follower,-35.3631853,149.1656147,15.00
177.40,31,follower,-35.3631932,149.1656137,15.00
177.90,31,follower,-35.3632066,149.1656142,15.01
178.40,31,follower,-35.3632233,149.1656144,15.01
178.91,31,follower,-35.3632376,149.1656141,15.00
179.40,31,follower,-35.3632478,149.1656134,15.00
179.90,31,follower,-35.3632572,149.1656125,15.00
180.40,31,follower,-35.3632666,149.1656118,15.00
180.90,31,follower,-35.3632760,149.1656115,15.00
181.40,31,follower,-35.3632853,149.1656114,15.00
181.90,31,follower,-35.3632944,149.1656114,15.00
182.40,31,follower,-35.3633035,149.1656114,15.00
182.90,31,follower,-35.3633124,149.1656114,15.00
183.40,31,follower,-35.3633213,149.1656115,15.00
183.91,31,follower,-35.3633302,149.1656115,15.00
184.40,31,follower,-35.3633391,149.1656115,15.00
184.91,31,follower,-35.3633480,149.1656115,15.00
185.40,31,follower,-35.3633569,149.1656115,15.00
185.90,31,follower,-35.3633659,149.1656115,15.00
186.40,31,follower,-35.3633749,149.1656115,15.00
186.91,31,follower,-35.3633838,149.1656115,15.00
187.41,31,follower,-35.3633928,149.1656115,15.00
187.91,31,follower,-35.3634016,149.1656115,15.00
188.41,31,follower,-35.3634110,149.1656115,15.00
188.90,31,follower,-35.3634211,149.1656115,15.00
189.40,31,follower,-35.3634298,149.1656115,15.00
189.90,31,follower,-35.3634391,149.1656115,15.00
190.40,31,follower,-35.3634470,149.1656115,15.00
190.90,31,follower,-35.3634512,149.1656113,15.00
191.41,31,follower,-35.3634497,149.1656107,15.00
191.90,31,follower,-35.3634462,149.1656066,15.00
192.41,31,follower,-35.3634452,149.1655969,15.00
192.91,31,follower,-35.3634451,149.1655803,15.01
193.41,31,follower,-35.3634450,149.1655601,15.01
193.90,31,follower,-35.3634447,149.1655436,15.00
194.41,31,follower,-35.3634442,149.1655315,15.00
194.90,31,follower,-35.3634435,149.1655201,15.00
195.41,31,follower,-35.3634430,149.1655085,15.00
195.90,31,follower,-35.3634426,149.1654970,15.00
196.40,31,follower,-35.3634425,149.1654856,15.00
196.91,31,follower,-35.3634425,149.1654744,15.00
197.41,31,follower,-35.3634425,149.1654634,15.00
197.90,31,follower,-35.3634425,149.1654525,15.00
198.41,31,follower,-35.3634425,149.1654416,15.00
198.91,31,follower,-35.3634425,149.1654307,15.00
199.41,31,follower,-35.3634426,149.1654197,15.00
199.91,31,follower,-35.3634426,149.1654088,15.00
200.40,31,follower,-35.3634426,149.1653978,15.00
200.90,31,follower,-35.3634426,149.1653869,15.00
201.41,31,follower,-35.3634426,149.1653761,15.00
201.90,31,follower,-35.3634426,149.1653653,15.00
202.41,31,follower,-35.3634426,149.1653544,15.00
202.90,31,follower,-35.3634426,149.1653428,15.00
203.41,31,follower,-35.3634426,149.1653311,15.00
203.91,31,follower,-35.3634426,149.1653190,15.00
204.41,31,follower,-35.3634426,149.1653083,15.00
204.90,31,follower,-35.3634426,149.1652970,15.00
205.41,31,follower,-35.3634426,149.1652866,15.00
205.91,31,follower,-35.3634426,149.1652796,15.00
206.41,31,follower,-35.3634425,149.1652796,15.00
206.91,31,follower,-35.3634424,149.1652836,15.00
207.41,31,follower,-35.3634422,149.1652856,15.00
207.91,31,follower,-35.3634422,149.1652861,15.00
208.41,31,follower,-35.3634422,149.1652863,15.00
208.91,31,follower,-35.3634423,149.1652866,15.00
209.41,31,follower,-35.3634424,149.1652871,15.00
209.91,31,follower,-35.3634425,149.1652875,15.00
210.41,31,follower,-35.3634426,149.1652879,15.00
210.91,31,follower,-35.3634426,149.1652882,15.00
211.41,31,follower,-35.3634426,149.1652883,15.00
93.39,32,follower,-35.3631526,149.1650234,2.23
93.89,32,follower,-35.3631526,149.1650234,3.39
94.39,32,follower,-35.3631526,149.1650234,4.67
94.89,32,follower,-35.3631526,149.1650234,5.95
95.39,32,follower,-35.3631526,149.1650234,7.19
95.89,32,follower,-35.3631526,149.1650234,8.42
96.39,32,follower,-35.3631526,149.1650234,9.66
96.89,32,follower,-35.3631526,149.1650234,10.90
97.39,32,follower,-35.3631526,149.1650234,12.13
97.89,32,follower,-35.3631526,149.1650234,13.22
98.39,32,follower,-35.3631526,149.1650234,14.08
98.89,32,follower,-35.3631527,149.1650235,14.67
99.39,32,follower,-35.3631527,149.1650235,15.01
99.89,32,follower,-35.3631527,149.1650235,15.10
100.39,32,follower,-35.3631527,149.1650235,15.00
100.89,32,follower,-35.3631527,149.1650235,14.95
101.39,32,follower,-35.3631527,149.1650235,14.96
101.89,32,follower,-35.3631527,149.1650235,14.96
102.39,32,follower,-35.3631527,149.1650235,14.97
102.89,32,follower,-35.3631527,149.1650235,14.98
103.39,32,follower,-35.3631526,149.1650234,14.98
103.89,32,follower,-35.3631526,149.1650234,14.98
104.39,32,follower,-35.3631526,149.1650234,14.99
104.89,32,follower,-35.3631526,149.1650234,14.99
105.39,32,follower,-35.3631526,149.1650234,14.99
105.89,32,follower,-35.3631526,149.1650234,14.99
106.39,32,follower,-35.3631526,149.1650234,14.99
106.89,32,follower,-35.3631526,149.1650234,14.99
107.39,32,follower,-35.3631526,149.1650234,14.99
107.89,32,follower,-35.3631526,149.1650234,15.00
108.39,32,follower,-35.3631526,149.1650234,15.00
108.89,32,follower,-35.3631526,149.1650235,15.00
109.39,32,follower,-35.3631526,149.1650235,15.00
109.89,32,follower,-35.3631526,149.1650235,15.00
110.39,32,follower,-35.3631526,149.1650235,15.00
110.89,32,follower,-35.3631526,149.1650235,15.00
111.39,32,follower,-35.3631526,149.1650235,15.00
111.89,32,follower,-35.3631526,149.1650235,15.00
112.39,32,follower,-35.3631526,149.1650235,15.00
112.89,32,follower,-35.3631526,149.1650235,15.00
113.39,32,follower,-35.3631526,149.1650235,15.00
113.89,32,follower,-35.3631526,149.1650235,15.00
114.39,32,follower,-35.3631526,149.1650235,15.00
114.89,32,follower,-35.3631526,149.1650235,15.00
115.39,32,follower,-35.3631526,149.1650235,15.00
115.89,32,follower,-35.3631526,149.1650235,15.00
116.39,32,follower,-35.3631526,149.1650235,15.00
116.89,32,follower,-35.3631526,149.1650235,15.00
117.39,32,follower,-35.3631526,149.1650235,15.00
117.89,32,follower,-35.3631526,149.1650235,15.00
118.39,32,follower,-35.3631526,149.1650235,15.00
118.89,32,follower,-35.3631526,149.1650235,15.00
119.39,32,follower,-35.3631526,149.1650235,15.00
119.90,32,follower,-35.3631526,149.1650235,15.00
120.39,32,follower,-35.3631526,149.1650235,15.00
120.89,32,follower,-35.3631526,149.1650235,15.00
121.39,32,follower,-35.3631526,149.1650235,15.00
121.89,32,follower,-35.3631526,149.1650235,15.00
122.39,32,follower,-35.3631526,149.1650235,15.00
122.89,32,follower,-35.3631526,149.1650235,15.00
123.39,32,follower,-35.3631526,149.1650235,15.00
123.89,32,follower,-35.3631526,149.1650235,15.00
124.39,32,follower,-35.3631526,149.1650235,15.00
124.90,32,follower,-35.3631526,149.1650235,15.00
125.39,32,follower,-35.3631526,149.1650235,15.00
125.89,32,follower,-35.3631526,149.1650235,15.00
126.40,32,follower,-35.3631526,149.1650235,15.00
126.89,32,follower,-35.3631526,149.1650235,15.00
127.39,32,follower,-35.3631526,149.1650235,15.00
127.89,32,follower,-35.3631526,149.1650235,15.00
128.39,32,follower,-35.3631526,149.1650235,15.00
128.89,32,follower,-35.3631527,149.1650235,15.00
129.39,32,follower,-35.3631526,149.1650235,15.00
129.89,32,follower,-35.3631526,149.1650235,15.00
130.40,32,follower,-35.3631526,149.1650235,15.00
130.90,32,follower,-35.3631526,149.1650235,15.00
131.39,32,follower,-35.3631526,149.1650235,15.00
131.89,32,follower,-35.3631526,149.1650235,15.00
132.39,32,follower,-35.3631526,149.1650235,15.00
132.89,32,follower,-35.3631526,149.1650235,15.00
133.40,32,follower,-35.3631526,149.1650235,15.00
133.89,32,follower,-35.3631526,149.1650235,15.00
134.40,32,follower,-35.3631526,149.1650235,15.00
134.90,32,follower,-35.3631526,149.1650235,15.00
135.40,32,follower,-35.3631526,149.1650235,15.00
135.90,32,follower,-35.3631526,149.1650235,15.00
136.39,32,follower,-35.3631526,149.1650235,15.00
136.90,32,follower,-35.3631526,149.1650235,15.00
137.40,32,follower,-35.3631526,149.1650235,15.00
137.90,32,follower,-35.3631526,149.1650235,15.00
138.40,32,follower,-35.3631526,149.1650235,15.00
138.90,32,follower,-35.3631526,149.1650235,15.00
139.40,32,follower,-35.3631526,149.1650235,15.00
139.89,32,follower,-35.3631526,149.1650235,15.00
140.40,32,follower,-35.3631526,149.1650235,15.00
140.90,32,follower,-35.3631526,149.1650235,15.00
141.40,32,follower,-35.3631526,149.1650235,15.00
141.90,32,follower,-35.3631526,149.1650235,15.00
142.40,32,follower,-35.3631526,149.1650235,15.00
142.90,32,follower,-35.3631526,149.1650235,15.00
143.40,32,follower,-35.3631526,149.1650235,15.00
143.90,32,follower,-35.3631526,149.1650235,15.00
144.40,32,follower,-35.3631526,149.1650235,15.00
144.90,32,follower,-35.3631526,149.1650235,15.00
145.40,32,follower,-35.3631505,149.1650233,15.00
145.89,32,follower,-35.3631426,149.1650231,15.00
146.40,32,follower,-35.3631307,149.1650230,15.00
146.90,32,follower,-35.3631199,149.1650231,15.00
147.40,32,follower,-35.3631107,149.1650232,15.00
147.90,32,follower,-35.3631017,149.1650232,15.00
148.40,32,follower,-35.3630924,149.1650232,15.00
148.90,32,follower,-35.3630830,149.1650232,15.00
149.40,32,follower,-35.3630737,149.1650232,15.00
149.90,32,follower,-35.3630645,149.1650232,15.00
150.40,32,follower,-35.3630552,149.1650232,15.00
150.90,32,follower,-35.3630450,149.1650232,15.00
151.40,32,follower,-35.3630357,149.1650232,15.00
151.90,32,follower,-35.3630262,149.1650232,15.00
152.40,32,follower,-35.3630176,149.1650232,15.00
152.90,32,follower,-35.3630082,149.1650232,15.00
153.40,32,follower,-35.3629996,149.1650231,15.00
153.90,32,follower,-35.3629903,149.1650231,15.00
154.40,32,follower,-35.3629820,149.1650231,15.00
154.90,32,follower,-35.3629725,149.1650231,15.00
155.40,32,follower,-35.3629630,149.1650231,15.00
155.90,32,follower,-35.3629540,149.1650231,15.00
156.40,32,follower,-35.3629461,149.1650231,15.00
156.90,32,follower,-35.3629369,149.1650231,15.00
157.40,32,follower,-35.3629274,149.1650231,15.00
157.90,32,follower,-35.3629183,149.1650231,15.00
158.40,32,follower,-35.3629093,149.1650232,15.00
158.90,32,follower,-35.3629004,149.1650232,15.00
159.40,32,follower,-35.3628915,149.1650232,15.00
159.90,32,follower,-35.3628827,149.1650232,15.00
160.40,32,follower,-35.3628753,149.1650232,15.00
160.90,32,follower,-35.3628733,149.1650232,15.00
161.40,32,follower,-35.3628766,149.1650242,15.00
161.90,32,follower,-35.3628803,149.1650294,15.00
162.40,32,follower,-35.3628808,149.1650403,15.00
162.90,32,follower,-35.3628806,149.1650580,15.01
163.40,32,follower,-35.3628805,149.1650783,15.01
163.90,32,follower,-35.3628807,149.1650943,15.00
164.40,32,follower,-35.3628813,149.1651062,15.00
164.90,32,follower,-35.3628819,149.1651176,15.00
165.40,32,follower,-35.3628824,149.1651292,15.00
165.90,32,follower,-35.3628826,149.1651407,15.00
166.40,32,follower,-35.3628827,149.1651521,15.00
166.90,32,follower,-35.3628827,149.1651633,15.00
167.40,32,follower,-35.3628827,149.1651743,15.00
167.90,32,follower,-35.3628827,149.1651853,15.00
168.40,32,follower,-35.3628827,149.1651963,15.00
168.90,32,follower,-35.3628827,149.1652081,15.00
169.40,32,follower,-35.3628827,149.1652203,15.00
169.90,32,follower,-35.3628827,149.1652319,15.00
170.40,32,follower,-35.3628826,149.1652421,15.00
170.90,32,follower,-35.3628826,149.1652537,15.00
171.40,32,follower,-35.3628826,149.1652646,15.00
171.90,32,follower,-35.3628826,149.1652759,15.00
172.40,32,follower,-35.3628826,149.1652866,15.00
172.91,32,follower,-35.3628826,149.1652977,15.00
173.40,32,follower,-35.3628826,149.1653090,15.00
173.90,32,follower,-35.3628826,149.1653201,15.00
174.41,32,follower,-35.3628827,149.1653312,15.00
174.90,32,follower,-35.3628827,149.1653421,15.00
175.40,32,follower,-35.3628826,149.1653518,15.00
175.90,32,follower,-35.3628826,149.1653554,15.00
176.40,32,follower,-35.3628832,149.1653521,15.00
176.90,32,follower,-35.3628869,149.1653471,15.00
177.40,32,follower,-35.3628950,149.1653461,15.00
177.90,32,follower,-35.3629085,149.1653465,15.01
178.41,32,follower,-35.3629251,149.1653466,15.01
178.90,32,follower,-35.3629389,149.1653463,15.00
179.41,32,follower,-35.3629488,149.1653456,15.00
179.90,32,follower,-35.3629580,149.1653447,15.00
180.41,32,follower,-35.3629674,149.1653440,15.00
180.90,32,follower,-35.3629768,149.1653437,15.00
181.41,32,follower,-35.3629861,149.1653436,15.00
181.90,32,follower,-35.3629952,149.1653436,15.00
182.40,32,follower,-35.3630043,149.1653436,15.00
182.91,32,follower,-35.3630132,149.1653437,15.00
183.40,32,follower,-35.3630221,149.1653436,15.00
183.91,32,follower,-35.3630317,149.1653436,15.00
184.40,32,follower,-35.3630409,149.1653436,15.00
184.90,32,follower,-35.3630503,149.1653436,15.00
185.41,32,follower,-35.3630593,149.1653437,15.00
185.90,32,follower,-35.3630690,149.1653437,15.00
186.40,32,follower,-35.3630780,149.1653437,15.00
186.90,32,follower,-35.3630870,149.1653437,15.00
187.41,32,follower,-35.3630954,149.1653437,15.00
187.90,32,follower,-35.3631048,149.1653437,15.00
188.41,32,follower,-35.3631138,149.1653437,15.00
188.91,32,follower,-35.3631231,149.1653437,15.00
189.41,32,follower,-35.3631317,149.1653437,15.00
189.91,32,follower,-35.3631406,149.1653437,15.00
190.40,32,follower,-35.3631487,149.1653437,15.00
190.90,32,follower,-35.3631532,149.1653435,15.00
191.40,32,follower,-35.3631517,149.1653430,15.00
191.91,32,follower,-35.3631478,149.1653394,15.00
192.41,32,follower,-35.3631465,149.1653304,15.00
192.90,32,follower,-35.3631465,149.1653146,15.00
193.41,32,follower,-35.3631465,149.1652944,15.01
193.91,32,follower,-35.3631463,149.1652769,15.00
194.41,32,follower,-35.3631458,149.1652644,15.00
194.91,32,follower,-35.3631451,149.1652530,15.00
195.41,32,follower,-35.3631445,149.1652414,15.00
195.90,32,follower,-35.3631441,149.1652300,15.00
196.41,32,follower,-35.3631440,149.1652186,15.00
196.91,32,follower,-35.3631440,149.1652074,15.00
197.40,32,follower,-35.3631440,149.1651963,15.00
197.90,32,follower,-35.3631440,149.1651854,15.00
198.41,32,follower,-35.3631440,149.1651745,15.00
198.91,32,follower,-35.3631440,149.1651636,15.00
199.40,32,follower,-35.3631440,149.1651526,15.00
199.91,32,follower,-35.3631440,149.1651417,15.00
200.41,32,follower,-35.3631440,149.1651307,15.00
200.91,32,follower,-35.3631440,149.1651197,15.00
201.40,32,follower,-35.3631441,149.1651082,15.00
201.91,32,follower,-35.3631441,149.1650968,15.00
202.41,32,follower,-35.3631441,149.1650858,15.00
202.91,32,follower,-35.3631441,149.1650738,15.00
203.41,32,follower,-35.3631441,149.1650631,15.00
203.91,32,follower,-35.3631441,149.1650513,15.00
204.41,32,follower,-35.3631441,149.1650404,15.00
204.91,32,follower,-35.3631441,149.1650291,15.00
205.41,32,follower,-35.3631441,149.1650188,15.00
205.91,32,follower,-35.3631441,149.1650119,15.00
206.41,32,follower,-35.3631440,149.1650121,15.00
206.91,32,follower,-35.3631438,149.1650159,15.00
207.41,32,follower,-35.3631437,149.1650178,15.00
207.91,32,follower,-35.3631437,149.1650182,15.00
208.41,32,follower,-35.3631437,149.1650185,15.00
208.91,32,follower,-35.3631438,149.1650188,15.00
209.41,32,follower,-35.3631439,149.1650193,15.00
209.91,32,follower,-35.3631440,149.1650198,15.00
210.41,32,follower,-35.3631441,149.1650201,15.00
210.91,32,follower,-35.3631442,149.1650204,15.00
211.41,32,follower,-35.3631441,149.1650206,15.00
93.39,33,follower,-35.3632264,149.1654754,2.23
93.89,33,follower,-35.3632263,149.1654754,3.39
94.39,33,follower,-35.3632263,149.1654754,4.67
94.89,33,follower,-35.3632263,149.1654754,5.95
95.39,33,follower,-35.3632263,149.1654754,7.19
95.89,33,follower,-35.3632263,149.1654754,8.42
96.39,33,follower,-35.3632263,149.1654754,9.66
96.89,33,follower,-35.3632263,149.1654754,10.90
97.39,33,follower,-35.3632263,149.1654754,12.13
97.89,33,follower,-35.3632263,149.1654754,13.22
98.39,33,follower,-35.3632264,149.1654754,14.08
98.89,33,follower,-35.3632264,149.1654754,14.68
99.39,33,follower,-35.3632264,149.1654754,15.02
99.89,33,follower,-35.3632264,149.1654754,15.10
100.39,33,follower,-35.3632265,149.1654754,15.00
100.89,33,follower,-35.3632265,149.1654754,14.95
101.39,33,follower,-35.3632265,149.1654754,14.96
101.89,33,follower,-35.3632264,149.1654754,14.96
102.39,33,follower,-35.3632264,149.1654754,14.97
102.89,33,follower,-35.3632264,149.1654754,14.98
103.39,33,follower,-35.3632264,149.1654753,14.98
103.89,33,follower,-35.3632264,149.1654753,14.98
104.39,33,follower,-35.3632264,149.1654753,14.99
104.89,33,follower,-35.3632264,149.1654753,14.99
105.39,33,follower,-35.3632264,149.1654752,14.99
105.89,33,follower,-35.3632264,149.1654752,14.99
106.39,33,follower,-35.3632264,149.1654753,14.99
106.89,33,follower,-35.3632264,149.1654753,14.99
107.39,33,follower,-35.3632264,149.1654754,14.99
107.89,33,follower,-35.3632264,149.1654754,14.99
108.39,33,follower,-35.3632264,149.1654754,15.00
108.89,33,follower,-35.3632264,149.1654754,15.00
109.39,33,follower,-35.3632264,149.1654754,15.00
109.89,33,follower,-35.3632264,149.1654754,15.00
110.39,33,follower,-35.3632264,149.1654754,15.00
110.89,33,follower,-35.3632264,149.1654754,15.00
111.39,33,follower,-35.3632264,149.1654754,15.00
111.89,33,follower,-35.3632264,149.1654754,15.00
112.39,33,follower,-35.3632264,149.1654754,15.00
112.89,33,follower,-35.3632264,149.1654754,15.00
113.39,33,follower,-35.3632264,149.1654754,15.00
113.89,33,follower,-35.3632264,149.1654754,15.00
114.39,33,follower,-35.3632264,149.1654754,15.00
114.89,33,follower,-35.3632264,149.1654754,15.00
115.39,33,follower,-35.3632264,149.1654754,15.00
115.89,33,follower,-35.3632264,149.1654754,15.00
116.39,33,follower,-35.3632264,149.1654754,15.00
116.89,33,follower,-35.3632264,149.1654754,15.00
117.39,33,follower,-35.3632264,149.1654754,15.00
117.89,33,follower,-35.3632264,149.1654754,15.00
118.39,33,follower,-35.3632264,149.1654754,15.00
118.89,33,follower,-35.3632264,149.1654754,15.00
119.39,33,follower,-35.3632264,149.1654754,15.00
119.89,33,follower,-35.3632264,149.1654754,15.00
120.39,33,follower,-35.3632264,149.1654754,15.00
120.89,33,follower,-35.3632264,149.1654754,15.00
121.40,33,follower,-35.3632264,149.1654754,15.00
121.89,33,follower,-35.3632264,149.1654754,15.00
122.39,33,follower,-35.3632264,149.1654754,15.00
122.89,33,follower,-35.3632264,149.1654754,15.00
123.40,33,follower,-35.3632264,149.1654754,15.00
123.90,33,follower,-35.3632264,149.1654754,15.00
124.39,33,follower,-35.3632264,149.1654754,15.00
124.89,33,follower,-35.3632264,149.1654754,15.00
125.39,33,follower,-35.3632264,149.1654754,15.00
125.90,33,follower,-35.3632264,149.1654754,15.00
126.40,33,follower,-35.3632264,149.1654754,15.00
126.89,33,follower,-35.3632264,149.1654754,15.00
127.40,33,follower,-35.3632264,149.1654754,15.00
127.90,33,follower,-35.3632264,149.1654754,15.00
128.40,33,follower,-35.3632264,149.1654754,15.00
128.90,33,follower,-35.3632265,149.1654754,15.00
129.39,33,follower,-35.3632265,149.1654754,15.00
129.89,33,follower,-35.3632265,149.1654754,15.00
130.40,33,follower,-35.3632265,149.1654754,15.00
130.90,33,follower,-35.3632265,149.1654754,15.00
131.40,33,follower,-35.3632265,149.1654754,15.00
131.90,33,follower,-35.3632265,149.1654754,15.00
132.40,33,follower,-35.3632265,149.1654754,15.00
132.89,33,follower,-35.3632265,149.1654754,15.00
133.39,33,follower,-35.3632265,149.1654754,15.00
133.89,33,follower,-35.3632265,149.1654754,15.00
134.39,33,follower,-35.3632265,149.1654754,15.00
134.90,33,follower,-35.3632265,149.1654754,15.00
135.40,33,follower,-35.3632265,149.1654754,15.00
135.89,33,follower,-35.3632265,149.1654754,15.00
136.40,33,follower,-35.3632265,149.1654754,15.00
136.90,33,follower,-35.3632265,149.1654754,15.00
137.39,33,follower,-35.3632265,149.1654754,15.00
137.89,33,follower,-35.3632265,149.1654754,15.00
138.40,33,follower,-35.3632265,149.1654754,15.00
138.90,33,follower,-35.3632265,149.1654754,15.00
139.39,33,follower,-35.3632265,149.1654754,15.00
139.90,33,follower,-35.3632265,149.1654754,15.00
140.39,33,follower,-35.3632265,149.1654754,15.00
140.90,33,follower,-35.3632265,149.1654754,15.00
141.40,33,follower,-35.3632265,149.1654754,15.00
141.90,33,follower,-35.3632265,149.1654754,15.00
142.40,33,follower,-35.3632265,149.1654754,15.00
142.90,33,follower,-35.3632265,149.1654754,15.00
143.40,33,follower,-35.3632265,149.1654754,15.00
143.90,33,follower,-35.3632265,149.1654754,15.00
144.40,33,follower,-35.3632265,149.1654754,15.00
144.90,33,follower,-35.3632264,149.1654754,15.00
145.40,33,follower,-35.3632238,149.1654752,15.00
145.90,33,follower,-35.3632155,149.1654750,15.00
146.40,33,follower,-35.3632034,149.1654749,15.00
146.90,33,follower,-35.3631929,149.1654749,15.00
147.40,33,follower,-35.3631836,149.1654750,15.00
147.90,33,follower,-35.3631745,149.1654751,15.00
148.40,33,follower,-35.3631653,149.1654751,15.00
148.90,33,follower,-35.3631560,149.1654751,15.00
149.40,33,follower,-35.3631467,149.1654751,15.00
149.90,33,follower,-35.3631374,149.1654751,15.00
150.40,33,follower,-35.3631284,149.1654751,15.00
150.90,33,follower,-35.3631194,149.1654751,15.00
151.40,33,follower,-35.3631105,149.1654751,15.00
151.90,33,follower,-35.3631017,149.1654751,15.00
152.40,33,follower,-35.3630928,149.1654751,15.00
152.90,33,follower,-35.3630839,149.1654751,15.00
153.40,33,follower,-35.3630745,149.1654751,15.00
153.90,33,follower,-35.3630644,149.1654751,15.00
154.40,33,follower,-35.3630556,149.1654751,15.00
154.90,33,follower,-35.3630461,149.1654751,15.00
155.40,33,follower,-35.3630372,149.1654751,15.00
155.90,33,follower,-35.3630281,149.1654751,15.00
156.40,33,follower,-35.3630198,149.1654751,15.00
156.90,33,follower,-35.3630103,149.1654751,15.00
157.40,33,follower,-35.3630012,149.1654751,15.00
157.90,33,follower,-35.3629919,149.1654751,15.00
158.40,33,follower,-35.3629834,149.1654751,15.00
158.90,33,follower,-35.3629745,149.1654751,15.00
159.40,33,follower,-35.3629652,149.1654751,15.00
159.90,33,follower,-35.3629562,149.1654751,15.00
160.40,33,follower,-35.3629490,149.1654751,15.00
160.90,33,follower,-35.3629471,149.1654751,15.00
161.40,33,follower,-35.3629505,149.1654761,15.00
161.90,33,follower,-35.3629541,149.1654815,15.00
162.40,33,follower,-35.3629545,149.1654926,15.00
162.90,33,follower,-35.3629544,149.1655105,15.01
163.40,33,follower,-35.3629543,149.1655309,15.01
163.90,33,follower,-35.3629545,149.1655467,15.00
164.40,33,follower,-35.3629551,149.1655584,15.00
164.90,33,follower,-35.3629557,149.1655698,15.00
165.40,33,follower,-35.3629562,149.1655813,15.00
165.90,33,follower,-35.3629564,149.1655928,15.00
166.40,33,follower,-35.3629565,149.1656041,15.00
166.90,33,follower,-35.3629565,149.1656153,15.00
167.40,33,follower,-35.3629565,149.1656263,15.00
167.90,33,follower,-35.3629565,149.1656374,15.00
168.40,33,follower,-35.3629565,149.1656482,15.00
168.90,33,follower,-35.3629565,149.1656600,15.00
169.40,33,follower,-35.3629565,149.1656723,15.00
169.90,33,follower,-35.3629565,149.1656839,15.00
170.40,33,follower,-35.3629565,149.1656941,15.00
170.91,33,follower,-35.3629565,149.1657056,15.00
171.40,33,follower,-35.3629564,149.1657167,15.00
171.90,33,follower,-35.3629564,149.1657279,15.00
172.40,33,follower,-35.3629564,149.1657380,15.00
172.90,33,follower,-35.3629564,149.1657494,15.00
173.40,33,follower,-35.3629564,149.1657602,15.00
173.90,33,follower,-35.3629564,149.1657715,15.00
174.40,33,follower,-35.3629564,149.1657828,15.00
174.90,33,follower,-35.3629564,149.1657939,15.00
175.41,33,follower,-35.3629564,149.1658036,15.00
175.90,33,follower,-35.3629564,149.1658072,15.00
176.40,33,follower,-35.3629570,149.1658040,15.00
176.91,33,follower,-35.3629606,149.1657990,15.00
177.40,33,follower,-35.3629686,149.1657980,15.00
177.91,33,follower,-35.3629821,149.1657984,15.01
178.40,33,follower,-35.3629987,149.1657985,15.01
178.91,33,follower,-35.3630127,149.1657983,15.00
179.41,33,follower,-35.3630226,149.1657975,15.00
179.91,33,follower,-35.3630319,149.1657966,15.00
180.40,33,follower,-35.3630414,149.1657959,15.00
180.90,33,follower,-35.3630508,149.1657956,15.00
181.40,33,follower,-35.3630601,149.1657955,15.00
181.91,33,follower,-35.3630692,149.1657955,15.00
182.41,33,follower,-35.3630783,149.1657955,15.00
182.91,33,follower,-35.3630873,149.1657956,15.00
183.41,33,follower,-35.3630962,149.1657956,15.00
183.91,33,follower,-35.3631050,149.1657956,15.00
184.41,33,follower,-35.3631139,149.1657956,15.00
184.91,33,follower,-35.3631234,149.1657956,15.00
185.41,33,follower,-35.3631328,149.1657956,15.00
185.90,33,follower,-35.3631428,149.1657956,15.00
186.40,33,follower,-35.3631517,149.1657956,15.00
186.91,33,follower,-35.3631608,149.1657956,15.00
187.40,33,follower,-35.3631692,149.1657956,15.00
187.91,33,follower,-35.3631786,149.1657956,15.00
188.41,33,follower,-35.3631874,149.1657956,15.00
188.90,33,follower,-35.3631965,149.1657956,15.00
189.41,33,follower,-35.3632058,149.1657956,15.00
189.90,33,follower,-35.3632149,149.1657956,15.00
190.41,33,follower,-35.3632232,149.1657955,15.00
190.90,33,follower,-35.3632275,149.1657955,15.00
191.41,33,follower,-35.3632259,149.1657951,15.00
191.91,33,follower,-35.3632217,149.1657918,15.00
192.41,33,follower,-35.3632201,149.1657832,15.00
192.91,33,follower,-35.3632201,149.1657680,15.00
193.41,33,follower,-35.3632202,149.1657479,15.01
193.91,33,follower,-35.3632201,149.1657296,15.00
194.41,33,follower,-35.3632196,149.1657166,15.00
194.91,33,follower,-35.3632190,149.1657051,15.00
195.41,33,follower,-35.3632184,149.1656935,15.00
195.91,33,follower,-35.3632179,149.1656820,15.00
196.40,33,follower,-35.3632178,149.1656706,15.00
196.91,33,follower,-35.3632178,149.1656594,15.00
197.41,33,follower,-35.3632178,149.1656483,15.00
197.91,33,follower,-35.3632178,149.1656374,15.00
198.41,33,follower,-35.3632178,149.1656265,15.00
198.91,33,follower,-35.3632178,149.1656156,15.00
199.41,33,follower,-35.3632178,149.1656047,15.00
199.91,33,follower,-35.3632178,149.1655929,15.00
200.41,33,follower,-35.3632178,149.1655812,15.00
200.91,33,follower,-35.3632178,149.1655694,15.00
201.41,33,follower,-35.3632179,149.1655591,15.00
201.91,33,follower,-35.3632179,149.1655474,15.00
202.41,33,follower,-35.3632179,149.1655365,15.00
202.91,33,follower,-35.3632179,149.1655253,15.00
203.41,33,follower,-35.3632179,149.1655151,15.00
203.91,33,follower,-35.3632179,149.1655035,15.00
204.41,33,follower,-35.3632179,149.1654920,15.00
204.91,33,follower,-35.3632179,149.1654808,15.00
205.41,33,follower,-35.3632179,149.1654703,15.00
205.91,33,follower,-35.3632179,149.1654635,15.00
206.41,33,follower,-35.3632178,149.1654638,15.00
206.91,33,follower,-35.3632176,149.1654678,15.00
207.41,33,follower,-35.3632175,149.1654697,15.00
207.91,33,follower,-35.3632175,149.1654702,15.00
208.41,33,follower,-35.3632176,149.1654704,15.00
208.91,33,follower,-35.3632177,149.1654707,15.00
209.41,33,follower,-35.3632177,149.1654712,15.00
209.91,33,follower,-35.3632178,149.1654716,15.00
210.41,33,follower,-35.3632179,149.1654720,15.00
210.91,33,follower,-35.3632179,149.1654723,15.00
211.41,33,follower,-35.3632179,149.1654725,15.00
93.39,34,follower,-35.3634240,149.1650749,2.23
93.89,34,follower,-35.3634239,149.1650749,3.39
94.39,34,follower,-35.3634239,149.1650748,4.67
94.89,34,follower,-35.3634239,149.1650748,5.95
95.39,34,follower,-35.3634239,149.1650748,7.19
95.89,34,follower,-35.3634239,149.1650748,8.42
96.39,34,follower,-35.3634239,149.1650748,9.66
96.89,34,follower,-35.3634239,149.1650748,10.90
97.39,34,follower,-35.3634239,149.1650749,12.13
97.89,34,follower,-35.3634239,149.1650749,13.22
98.39,34,follower,-35.3634239,149.1650749,14.08
98.89,34,follower,-35.3634240,149.1650749,14.68
99.39,34,follower,-35.3634240,149.1650749,15.02
99.89,34,follower,-35.3634240,149.1650749,15.10
100.39,34,follower,-35.3634240,149.1650749,15.00
100.89,34,follower,-35.3634240,149.1650749,14.95
101.39,34,follower,-35.3634239,149.1650749,14.96
101.89,34,follower,-35.3634239,149.1650749,14.96
102.39,34,follower,-35.3634239,149.1650748,14.97
102.89,34,follower,-35.3634239,149.1650748,14.98
103.39,34,follower,-35.3634239,149.1650748,14.98
103.89,34,follower,-35.3634239,149.1650748,14.98
104.39,34,follower,-35.3634239,149.1650748,14.99
104.89,34,follower,-35.3634239,149.1650748,14.99
105.39,34,follower,-35.3634239,149.1650748,14.99
105.89,34,follower,-35.3634239,149.1650748,14.99
106.39,34,follower,-35.3634239,149.1650748,14.99
106.89,34,follower,-35.3634239,149.1650748,14.99
107.39,34,follower,-35.3634239,149.1650748,14.99
107.89,34,follower,-35.3634239,149.1650748,14.99
108.39,34,follower,-35.3634239,149.1650748,15.00
108.89,34,follower,-35.3634239,149.1650748,15.00
109.39,34,follower,-35.3634239,149.1650748,15.00
109.89,34,follower,-35.3634239,149.1650749,15.00
110.39,34,follower,-35.3634239,149.1650749,15.00
110.89,34,follower,-35.3634239,149.1650749,15.00
111.39,34,follower,-35.3634239,149.1650749,15.00
111.89,34,follower,-35.3634239,149.1650749,15.00
112.39,34,follower,-35.3634239,149.1650749,15.00
112.89,34,follower,-35.3634239,149.1650749,15.00
113.39,34,follower,-35.3634239,149.1650749,15.00
113.89,34,follower,-35.3634239,149.1650749,15.00
114.39,34,follower,-35.3634239,149.1650749,15.00
114.89,34,follower,-35.3634239,149.1650749,15.00
115.39,34,follower,-35.3634239,149.1650749,15.00
115.89,34,follower,-35.3634239,149.1650749,15.00
116.39,34,follower,-35.3634239,149.1650749,15.00
116.89,34,follower,-35.3634239,149.1650749,15.00
117.39,34,follower,-35.3634239,149.1650749,15.00
117.89,34,follower,-35.3634239,149.1650749,15.00
118.39,34,follower,-35.3634239,149.1650749,15.00
118.89,34,follower,-35.3634239,149.1650749,15.00
119.40,34,follower,-35.3634239,149.1650749,15.00
119.89,34,follower,-35.3634239,149.1650749,15.00
120.39,34,follower,-35.3634239,149.1650749,15.00
120.89,34,follower,-35.3634239,149.1650749,15.00
121.40,34,follower,-35.3634239,149.1650749,15.00
121.90,34,follower,-35.3634239,149.1650749,15.00
122.39,34,follower,-35.3634239,149.1650749,15.00
122.89,34,follower,-35.3634239,149.1650749,15.00
123.39,34,follower,-35.3634239,149.1650749,15.00
123.89,34,follower,-35.3634239,149.1650749,15.00
124.39,34,follower,-35.3634239,149.1650749,15.00
124.89,34,follower,-35.3634239,149.1650749,15.00
125.40,34,follower,-35.3634239,149.1650749,15.00
125.90,34,follower,-35.3634239,149.1650749,15.00
126.40,34,follower,-35.3634239,149.1650749,15.00
126.90,34,follower,-35.3634239,149.1650749,15.00
127.40,34,follower,-35.3634239,149.1650749,15.00
127.89,34,follower,-35.3634239,149.1650749,15.00
128.40,34,follower,-35.3634239,149.1650749,15.00
128.89,34,follower,-35.3634240,149.1650749,15.00
129.40,34,follower,-35.3634239,149.1650749,15.00
129.89,34,follower,-35.3634239,149.1650749,15.00
130.40,34,follower,-35.3634239,149.1650749,15.00
130.89,34,follower,-35.3634239,149.1650749,15.00
131.40,34,follower,-35.3634239,149.1650749,15.00
131.90,34,follower,-35.3634239,149.1650749,15.00
132.39,34,follower,-35.3634239,149.1650749,15.00
132.89,34,follower,-35.3634239,149.1650749,15.00
133.40,34,follower,-35.3634239,149.1650749,15.00
133.89,34,follower,-35.3634239,149.1650749,15.00
134.39,34,follower,-35.3634239,149.1650749,15.00
134.90,34,follower,-35.3634239,149.1650749,15.00
135.40,34,follower,-35.3634239,149.1650749,15.00
135.89,34,follower,-35.3634239,149.1650749,15.00
136.39,34,follower,-35.3634239,149.1650749,15.00
136.90,34,follower,-35.3634239,149.1650749,15.00
137.40,34,follower,-35.3634239,149.1650749,15.00
137.89,34,follower,-35.3634239,149.1650749,15.00
138.40,34,follower,-35.3634239,149.1650749,15.00
138.89,34,follower,-35.3634239,149.1650749,15.00
139.40,34,follower,-35.3634239,149.1650749,15.00
139.90,34,follower,-35.3634239,149.1650749,15.00
140.40,34,follower,-35.3634239,149.1650749,15.00
140.90,34,follower,-35.3634239,149.1650749,15.00
141.40,34,follower,-35.3634239,149.1650749,15.00
141.89,34,follower,-35.3634239,149.1650749,15.00
142.40,34,follower,-35.3634239,149.1650749,15.00
142.90,34,follower,-35.3634239,149.1650749,15.00
143.40,34,follower,-35.3634239,149.1650749,15.00
143.90,34,follower,-35.3634239,149.1650749,15.00
144.40,34,follower,-35.3634239,149.1650749,15.00
144.90,34,follower,-35.3634239,149.1650749,15.00
145.40,34,follower,-35.3634214,149.1650747,15.00
145.90,34,follower,-35.3634132,149.1650746,15.00
146.40,34,follower,-35.3634012,149.1650745,15.00
146.90,34,follower,-35.3633906,149.1650745,15.00
147.40,34,follower,-35.3633814,149.1650746,15.00
147.90,34,follower,-35.3633724,149.1650746,15.00
148.40,34,follower,-35.3633631,149.1650746,15.00
148.90,34,follower,-35.3633538,149.1650746,15.00
149.40,34,follower,-35.3633445,149.1650746,15.00
149.90,34,follower,-35.3633352,149.1650746,15.00
150.40,34,follower,-35.3633261,149.1650746,15.00
150.90,34,follower,-35.3633170,149.1650746,15.00
151.40,34,follower,-35.3633081,149.1650746,15.00
151.90,34,follower,-35.3632993,149.1650746,15.00
152.40,34,follower,-35.3632904,149.1650746,15.00
152.90,34,follower,-35.3632808,149.1650746,15.00
153.40,34,follower,-35.3632711,149.1650746,15.00
153.90,34,follower,-35.3632615,149.1650746,15.00
154.40,34,follower,-35.3632530,149.1650746,15.00
154.90,34,follower,-35.3632436,149.1650746,15.00
155.40,34,follower,-35.3632347,149.1650746,15.00
155.90,34,follower,-35.3632257,149.1650746,15.00
156.40,34,follower,-35.3632174,149.1650746,15.00
156.90,34,follower,-35.3632080,149.1650746,15.00
157.40,34,follower,-35.3631984,149.1650746,15.00
157.90,34,follower,-35.3631893,149.1650746,15.00
158.40,34,follower,-35.3631804,149.1650746,15.00
158.90,34,follower,-35.3631715,149.1650746,15.00
159.40,34,follower,-35.3631626,149.1650746,15.00
159.90,34,follower,-35.3631537,149.1650746,15.00
160.40,34,follower,-35.3631465,149.1650745,15.00
160.90,34,follower,-35.3631447,149.1650745,15.00
161.40,34,follower,-35.3631480,149.1650756,15.00
161.90,34,follower,-35.3631516,149.1650810,15.00
162.40,34,follower,-35.3631521,149.1650922,15.00
162.90,34,follower,-35.3631519,149.1651100,15.01
163.40,34,follower,-35.3631518,149.1651303,15.01
163.90,34,follower,-35.3631520,149.1651461,15.00
164.40,34,follower,-35.3631526,149.1651578,15.00
164.90,34,follower,-35.3631532,149.1651692,15.00
165.40,34,follower,-35.3631537,149.1651808,15.00
165.90,34,follower,-35.3631539,149.1651923,15.00
166.40,34,follower,-35.3631540,149.1652036,15.00
166.90,34,follower,-35.3631540,149.1652147,15.00
167.40,34,follower,-35.3631540,149.1652258,15.00
167.90,34,follower,-35.3631540,149.1652367,15.00
168.40,34,follower,-35.3631540,149.1652478,15.00
168.90,34,follower,-35.3631540,149.1652600,15.00
169.40,34,follower,-35.3631540,149.1652713,15.00
169.90,34,follower,-35.3631540,149.1652829,15.00
170.40,34,follower,-35.3631539,149.1652934,15.00
170.90,34,follower,-35.3631539,149.1653051,15.00
171.41,34,follower,-35.3631539,149.1653160,15.00
171.90,34,follower,-35.3631539,149.1653274,15.00
172.40,34,follower,-35.3631539,149.1653382,15.00
172.90,34,follower,-35.3631539,149.1653494,15.00
173.40,34,follower,-35.3631539,149.1653607,15.00
173.90,34,follower,-35.3631539,149.1653718,15.00
174.40,34,follower,-35.3631540,149.1653828,15.00
174.90,34,follower,-35.3631540,149.1653937,15.00
175.40,34,follower,-35.3631540,149.1654032,15.00
175.91,34,follower,-35.3631540,149.1654066,15.00
176.40,34,follower,-35.3631546,149.1654032,15.00
176.90,34,follower,-35.3631583,149.1653983,15.00
177.40,34,follower,-35.3631665,149.1653974,15.00
177.90,34,follower,-35.3631801,149.1653978,15.01
178.41,34,follower,-35.3631967,149.1653980,15.01
178.90,34,follower,-35.3632103,149.1653977,15.00
179.40,34,follower,-35.3632201,149.1653970,15.00
179.90,34,follower,-35.3632294,149.1653961,15.00
180.40,34,follower,-35.3632388,149.1653954,15.00
180.90,34,follower,-35.3632482,149.1653951,15.00
181.41,34,follower,-35.3632575,149.1653950,15.00
181.90,34,follower,-35.3632666,149.1653950,15.00
182.41,34,follower,-35.3632756,149.1653950,15.00
182.91,34,follower,-35.3632845,149.1653951,15.00
183.40,34,follower,-35.3632935,149.1653951,15.00
183.91,34,follower,-35.3633034,149.1653951,15.00
184.41,34,follower,-35.3633125,149.1653951,15.00
184.90,34,follower,-35.3633221,149.1653951,15.00
185.40,34,follower,-35.3633306,149.1653951,15.00
185.91,34,follower,-35.3633402,149.1653951,15.00
186.40,34,follower,-35.3633492,149.1653951,15.00
186.91,34,follower,-35.3633585,149.1653951,15.00
187.41,34,follower,-35.3633671,149.1653951,15.00
187.91,34,follower,-35.3633763,149.1653951,15.00
188.40,34,follower,-35.3633856,149.1653951,15.00
188.91,34,follower,-35.3633947,149.1653951,15.00
189.40,34,follower,-35.3634037,149.1653951,15.00
189.91,34,follower,-35.3634126,149.1653951,15.00
190.41,34,follower,-35.3634208,149.1653951,15.00
190.90,34,follower,-35.3634250,149.1653951,15.00
191.41,34,follower,-35.3634233,149.1653947,15.00
191.91,34,follower,-35.3634190,149.1653912,15.00
192.40,34,follower,-35.3634175,149.1653825,15.00
192.90,34,follower,-35.3634176,149.1653672,15.00
193.41,34,follower,-35.3634177,149.1653471,15.01
193.91,34,follower,-35.3634176,149.1653291,15.00
194.41,34,follower,-35.3634171,149.1653163,15.00
194.91,34,follower,-35.3634165,149.1653048,15.00
195.41,34,follower,-35.3634158,149.1652932,15.00
195.91,34,follower,-35.3634154,149.1652817,15.00
196.41,34,follower,-35.3634153,149.1652703,15.00
196.91,34,follower,-35.3634153,149.1652590,15.00
197.41,34,follower,-35.3634153,149.1652479,15.00
197.91,34,follower,-35.3634153,149.1652370,15.00
198.40,34,follower,-35.3634153,149.1652261,15.00
198.91,34,follower,-35.3634153,149.1652152,15.00
199.41,34,follower,-35.3634153,149.1652042,15.00
199.91,34,follower,-35.3634153,149.1651923,15.00
200.41,34,follower,-35.3634153,149.1651811,15.00
200.91,34,follower,-35.3634153,149.1651692,15.00
201.41,34,follower,-35.3634154,149.1651587,15.00
201.91,34,follower,-35.3634154,149.1651471,15.00
202.41,34,follower,-35.3634154,149.1651362,15.00
202.91,34,follower,-35.3634154,149.1651248,15.00
203.41,34,follower,-35.3634154,149.1651142,15.00
203.91,34,follower,-35.3634154,149.1651030,15.00
204.41,34,follower,-35.3634154,149.1650915,15.00
204.91,34,follower,-35.3634154,149.1650804,15.00
205.41,34,follower,-35.3634154,149.1650698,15.00
205.91,34,follower,-35.3634154,149.1650630,15.00
206.41,34,follower,-35.3634154,149.1650633,15.00
206.91,34,follower,-35.3634152,149.1650674,15.00
207.41,34,follower,-35.3634151,149.1650692,15.00
207.91,34,follower,-35.3634151,149.1650697,15.00
208.41,34,follower,-35.3634151,149.1650699,15.00
208.91,34,follower,-35.3634152,149.1650702,15.00
209.41,34,follower,-35.3634152,149.1650706,15.00
209.91,34,follower,-35.3634153,149.1650711,15.00
210.41,34,follower,-35.3634153,149.1650715,15.00
210.91,34,follower,-35.3634154,149.1650718,15.00
211.41,34,follower,-35.3634154,149.1650719,15.00
93.39,35,follower,-35.3630520,149.1652086,2.23
93.89,35,follower,-35.3630520,149.1652086,3.39
94.39,35,follower,-35.3630520,149.1652086,4.67
94.89,35,follower,-35.3630520,149.1652086,5.95
95.39,35,follower,-35.3630520,149.1652086,7.19
95.89,35,follower,-35.3630520,149.1652086,8.42
96.39,35,follower,-35.3630520,149.1652086,9.66
96.89,35,follower,-35.3630520,149.1652086,10.90
97.39,35,follower,-35.3630520,149.1652086,12.13
97.89,35,follower,-35.3630520,149.1652086,13.22
98.39,35,follower,-35.3630520,149.1652086,14.07
98.89,35,follower,-35.3630521,149.1652086,14.67
99.39,35,follower,-35.3630521,149.1652086,15.01
99.89,35,follower,-35.3630521,149.1652086,15.09
100.39,35,follower,-35.3630521,149.1652086,14.99
100.89,35,follower,-35.3630521,149.1652086,14.95
101.39,35,follower,-35.3630521,149.1652086,14.96
101.89,35,follower,-35.3630521,149.1652086,14.97
102.39,35,follower,-35.3630521,149.1652086,14.97
102.89,35,follower,-35.3630520,149.1652086,14.98
103.39,35,follower,-35.3630520,149.1652085,14.98
103.89,35,follower,-35.3630520,149.1652085,14.98
104.39,35,follower,-35.3630520,149.1652085,14.99
104.89,35,follower,-35.3630520,149.1652085,14.99
105.39,35,follower,-35.3630520,149.1652085,14.99
105.89,35,follower,-35.3630520,149.1652085,14.99
106.39,35,follower,-35.3630520,149.1652085,14.99
106.89,35,follower,-35.3630520,149.1652085,14.99
107.39,35,follower,-35.3630520,149.1652085,15.00
107.89,35,follower,-35.3630520,149.1652085,15.00
108.39,35,follower,-35.3630520,149.1652086,15.00
108.89,35,follower,-35.3630520,149.1652086,15.00
109.39,35,follower,-35.3630520,149.1652086,15.00
109.89,35,follower,-35.3630521,149.1652086,15.00
110.39,35,follower,-35.3630521,149.1652086,15.00
110.89,35,follower,-35.3630521,149.1652086,15.00
111.39,35,follower,-35.3630521,149.1652086,15.00
111.89,35,follower,-35.3630521,149.1652086,15.00
112.39,35,follower,-35.3630521,149.1652086,15.00
112.89,35,follower,-35.3630521,149.1652086,15.00
113.39,35,follower,-35.3630521,149.1652086,15.00
113.89,35,follower,-35.3630521,149.1652086,15.00
114.39,35,follower,-35.3630521,149.1652086,15.00
114.89,35,follower,-35.3630521,149.1652086,15.00
115.39,35,follower,-35.3630521,149.1652086,15.00
115.89,35,follower,-35.3630521,149.1652086,15.00
116.39,35,follower,-35.3630521,149.1652086,15.00
116.89,35,follower,-35.3630521,149.1652086,15.00
117.39,35,follower,-35.3630521,149.1652086,15.00
117.89,35,follower,-35.3630521,149.1652086,15.00
118.39,35,follower,-35.3630521,149.1652086,15.00
118.89,35,follower,-35.3630521,149.1652086,15.00
119.39,35,follower,-35.3630521,149.1652086,15.00
119.90,35,follower,-35.3630521,149.1652086,15.00
120.39,35,follower,-35.3630521,149.1652086,15.00
120.89,35,follower,-35.3630521,149.1652086,15.00
121.40,35,follower,-35.3630521,149.1652086,15.00
121.89,35,follower,-35.3630521,149.1652086,15.00
122.39,35,follower,-35.3630521,149.1652086,15.00
122.89,35,follower,-35.3630521,149.1652086,15.00
123.39,35,follower,-35.3630521,149.1652086,15.00
123.90,35,follower,-35.3630521,149.1652086,15.00
124.39,35,follower,-35.3630521,149.1652086,15.00
124.89,35,follower,-35.3630521,149.1652086,15.00
125.39,35,follower,-35.3630521,149.1652086,15.00
125.90,35,follower,-35.3630521,149.1652086,15.00
126.39,35,follower,-35.3630521,149.1652086,15.00
126.89,35,follower,-35.3630521,149.1652086,15.00
127.39,35,follower,-35.3630521,149.1652086,15.00
127.89,35,follower,-35.3630521,149.1652086,15.00
128.39,35,follower,-35.3630521,149.1652086,15.00
128.89,35,follower,-35.3630521,149.1652086,15.00
129.39,35,follower,-35.3630521,149.1652086,15.00
129.89,35,follower,-35.3630521,149.1652086,15.00
130.39,35,follower,-35.3630521,149.1652086,15.00
130.89,35,follower,-35.3630521,149.1652086,15.00
131.40,35,follower,-35.3630521,149.1652086,15.00
131.89,35,follower,-35.3630521,149.1652086,15.00
132.39,35,follower,-35.3630521,149.1652086,15.00
132.89,35,follower,-35.3630521,149.1652086,15.00
133.40,35,follower,-35.3630521,149.1652086,15.00
133.89,35,follower,-35.3630521,149.1652086,15.00
134.40,35,follower,-35.3630521,149.1652086,15.00
134.89,35,follower,-35.3630521,149.1652086,15.00
135.39,35,follower,-35.3630521,149.1652086,15.00
135.89,35,follower,-35.3630521,149.1652086,15.00
136.39,35,follower,-35.3630521,149.1652086,15.00
136.90,35,follower,-35.3630521,149.1652086,15.00
137.40,35,follower,-35.3630521,149.1652086,15.00
137.89,35,follower,-35.3630521,149.1652086,15.00
138.40,35,follower,-35.3630521,149.1652086,15.00
138.90,35,follower,-35.3630521,149.1652086,15.00
139.40,35,follower,-35.3630521,149.1652086,15.00
139.90,35,follower,-35.3630521,149.1652086,15.00
140.39,35,follower,-35.3630521,149.1652086,15.00
140.90,35,follower,-35.3630521,149.1652086,15.00
141.40,35,follower,-35.3630521,149.1652086,15.00
141.90,35,follower,-35.3630521,149.1652086,15.00
142.39,35,follower,-35.3630521,149.1652086,15.00
142.89,35,follower,-35.3630521,149.1652086,15.00
143.40,35,follower,-35.3630521,149.1652086,15.00
143.90,35,follower,-35.3630521,149.1652086,15.00
144.40,35,follower,-35.3630521,149.1652085,15.00
144.90,35,follower,-35.3630520,149.1652085,15.00
145.40,35,follower,-35.3630505,149.1652084,15.00
145.90,35,follower,-35.3630437,149.1652084,15.00
146.40,35,follower,-35.3630315,149.1652083,15.00
146.90,35,follower,-35.3630186,149.1652083,15.00
147.40,35,follower,-35.3630088,149.1652083,15.00
147.90,35,follower,-35.3629997,149.1652083,15.00
148.40,35,follower,-35.3629902,149.1652083,15.00
148.90,35,follower,-35.3629808,149.1652083,15.00
149.40,35,follower,-35.3629714,149.1652083,15.00
149.90,35,follower,-35.3629622,149.1652083,15.00
150.40,35,follower,-35.3629531,149.1652083,15.00
150.90,35,follower,-35.3629440,149.1652083,15.00
151.40,35,follower,-35.3629351,149.1652083,15.00
151.90,35,follower,-35.3629262,149.1652083,15.00
152.40,35,follower,-35.3629173,149.1652083,15.00
152.90,35,follower,-35.3629084,149.1652083,15.00
153.40,35,follower,-35.3628994,149.1652083,15.00
153.90,35,follower,-35.3628905,149.1652083,15.00
154.40,35,follower,-35.3628817,149.1652083,15.00
154.90,35,follower,-35.3628729,149.1652083,15.00
155.40,35,follower,-35.3628640,149.1652083,15.00
155.90,35,follower,-35.3628551,149.1652083,15.00
156.40,35,follower,-35.3628462,149.1652083,15.00
156.90,35,follower,-35.3628372,149.1652083,15.00
157.40,35,follower,-35.3628283,149.1652083,15.00
157.90,35,follower,-35.3628195,149.1652083,15.00
158.40,35,follower,-35.3628101,149.1652083,15.00
158.90,35,follower,-35.3628001,149.1652083,15.00
159.40,35,follower,-35.3627912,149.1652083,15.00
159.90,35,follower,-35.3627818,149.1652083,15.00
160.40,35,follower,-35.3627746,149.1652083,15.00
160.90,35,follower,-35.3627733,149.1652083,15.00
161.40,35,follower,-35.3627769,149.1652095,15.00
161.90,35,follower,-35.3627804,149.1652152,15.00
162.40,35,follower,-35.3627805,149.1652266,15.00
162.90,35,follower,-35.3627801,149.1652447,15.01
163.40,35,follower,-35.3627799,149.1652653,15.01
163.90,35,follower,-35.3627801,149.1652814,15.00
164.40,35,follower,-35.3627806,149.1652931,15.00
164.90,35,follower,-35.3627812,149.1653045,15.00
165.40,35,follower,-35.3627818,149.1653160,15.00
165.90,35,follower,-35.3627821,149.1653275,15.00
166.40,35,follower,-35.3627821,149.1653388,15.00
166.90,35,follower,-35.3627821,149.1653499,15.00
167.40,35,follower,-35.3627821,149.1653609,15.00
167.90,35,follower,-35.3627821,149.1653718,15.00
168.40,35,follower,-35.3627821,149.1653827,15.00
168.90,35,follower,-35.3627821,149.1653936,15.00
169.40,35,follower,-35.3627820,149.1654045,15.00
169.90,35,follower,-35.3627820,149.1654155,15.00
170.40,35,follower,-35.3627820,149.1654264,15.00
170.90,35,follower,-35.3627820,149.1654372,15.00
171.40,35,follower,-35.3627820,149.1654481,15.00
171.90,35,follower,-35.3627820,149.1654590,15.00
172.40,35,follower,-35.3627820,149.1654699,15.00
172.90,35,follower,-35.3627820,149.1654808,15.00
173.40,35,follower,-35.3627820,149.1654919,15.00
173.90,35,follower,-35.3627820,149.1655040,15.00
174.40,35,follower,-35.3627820,149.1655152,15.00
174.90,35,follower,-35.3627820,149.1655271,15.00
175.40,35,follower,-35.3627821,149.1655368,15.00
175.91,35,follower,-35.3627822,149.1655403,15.00
176.41,35,follower,-35.3627827,149.1655370,15.00
176.90,35,follower,-35.3627862,149.1655319,15.00
177.41,35,follower,-35.3627941,149.1655309,15.00
177.90,35,follower,-35.3628074,149.1655315,15.01
178.40,35,follower,-35.3628243,149.1655317,15.01
178.90,35,follower,-35.3628389,149.1655314,15.00
179.40,35,follower,-35.3628492,149.1655307,15.00
179.91,35,follower,-35.3628585,149.1655298,15.00
180.40,35,follower,-35.3628680,149.1655292,15.00
180.91,35,follower,-35.3628773,149.1655288,15.00
181.40,35,follower,-35.3628865,149.1655287,15.00
181.90,35,follower,-35.3628956,149.1655287,15.00
182.40,35,follower,-35.3629046,149.1655287,15.00
182.90,35,follower,-35.3629135,149.1655287,15.00
183.40,35,follower,-35.3629224,149.1655288,15.00
183.90,35,follower,-35.3629312,149.1655288,15.00
184.41,35,follower,-35.3629400,149.1655288,15.00
184.91,35,follower,-35.3629489,149.1655288,15.00
185.41,35,follower,-35.3629578,149.1655288,15.00
185.91,35,follower,-35.3629668,149.1655288,15.00
186.40,35,follower,-35.3629757,149.1655288,15.00
186.91,35,follower,-35.3629846,149.1655288,15.00
187.40,35,follower,-35.3629940,149.1655288,15.00
187.90,35,follower,-35.3630039,149.1655288,15.00
188.40,35,follower,-35.3630129,149.1655288,15.00
188.90,35,follower,-35.3630223,149.1655288,15.00
189.41,35,follower,-35.3630308,149.1655288,15.00
189.91,35,follower,-35.3630401,149.1655288,15.00
190.40,35,follower,-35.3630479,149.1655288,15.00
190.91,35,follower,-35.3630521,149.1655287,15.00
191.41,35,follower,-35.3630505,149.1655281,15.00
191.90,35,follower,-35.3630468,149.1655242,15.00
192.40,35,follower,-35.3630457,149.1655149,15.00
192.91,35,follower,-35.3630457,149.1654987,15.01
193.40,35,follower,-35.3630458,149.1654785,15.01
193.90,35,follower,-35.3630457,149.1654613,15.00
194.41,35,follower,-35.3630452,149.1654490,15.00
194.91,35,follower,-35.3630445,149.1654376,15.00
195.41,35,follower,-35.3630439,149.1654260,15.00
195.91,35,follower,-35.3630435,149.1654146,15.00
196.41,35,follower,-35.3630434,149.1654032,15.00
196.91,35,follower,-35.3630434,149.1653920,15.00
197.41,35,follower,-35.3630434,149.1653810,15.00
197.91,35,follower,-35.3630434,149.1653701,15.00
198.41,35,follower,-35.3630434,149.1653592,15.00
198.91,35,follower,-35.3630434,149.1653483,15.00
199.41,35,follower,-35.3630434,149.1653374,15.00
199.91,35,follower,-35.3630434,149.1653265,15.00
200.41,35,follower,-35.3630435,149.1653156,15.00
200.91,35,follower,-35.3630435,149.1653047,15.00
201.41,35,follower,-35.3630435,149.1652938,15.00
201.91,35,follower,-35.3630435,149.1652821,15.00
202.41,35,follower,-35.3630435,149.1652710,15.00
202.90,35,follower,-35.3630435,149.1652598,15.00
203.41,35,follower,-35.3630435,149.1652485,15.00
203.91,35,follower,-35.3630435,149.1652365,15.00
204.41,35,follower,-35.3630435,149.1652256,15.00
204.91,35,follower,-35.3630435,149.1652143,15.00
205.41,35,follower,-35.3630435,149.1652039,15.00
205.91,35,follower,-35.3630435,149.1651969,15.00
206.41,35,follower,-35.3630434,149.1651972,15.00
206.91,35,follower,-35.3630432,149.1652010,15.00
207.41,35,follower,-35.3630431,149.1652029,15.00
207.91,35,follower,-35.3630431,149.1652034,15.00
208.41,35,follower,-35.3630432,149.1652036,15.00
208.91,35,follower,-35.3630433,149.1652039,15.00
209.41,35,follower,-35.3630433,149.1652043,15.00
209.91,35,follower,-35.3630434,149.1652048,15.00
210.41,35,follower,-35.3630435,149.1652052,15.00
210.91,35,follower,-35.3630435,149.1652055,15.00
211.41,35,follower,-35.3630435,149.1652057,15.00
93.39,36,follower,-35.3634052,149.1654212,2.23
93.89,36,follower,-35.3634051,149.1654212,3.39
94.39,36,follower,-35.3634051,149.1654212,4.67
94.89,36,follower,-35.3634051,149.1654212,5.95
95.39,36,follower,-35.3634051,149.1654212,7.19
95.89,36,follower,-35.3634051,149.1654212,8.42
96.39,36,follower,-35.3634051,149.1654212,9.66
96.89,36,follower,-35.3634051,149.1654212,10.90
97.39,36,follower,-35.3634051,149.1654212,12.13
97.89,36,follower,-35.3634051,149.1654212,13.22
98.39,36,follower,-35.3634051,149.1654212,14.08
98.89,36,follower,-35.3634052,149.1654212,14.68
99.39,36,follower,-35.3634052,149.1654212,15.03
99.89,36,follower,-35.3634052,149.1654212,15.11
100.39,36,follower,-35.3634052,149.1654212,15.00
100.89,36,follower,-35.3634052,149.1654212,14.95
101.39,36,follower,-35.3634052,149.1654212,14.95
101.89,36,follower,-35.3634051,149.1654211,14.96
102.39,36,follower,-35.3634051,149.1654211,14.97
102.89,36,follower,-35.3634051,149.1654210,14.98
103.39,36,follower,-35.3634051,149.1654210,14.98
103.89,36,follower,-35.3634051,149.1654210,14.98
104.39,36,follower,-35.3634051,149.1654210,14.99
104.89,36,follower,-35.3634051,149.1654210,14.99
105.39,36,follower,-35.3634051,149.1654210,14.99
105.89,36,follower,-35.3634051,149.1654210,14.99
106.39,36,follower,-35.3634051,149.1654210,14.99
106.89,36,follower,-35.3634051,149.1654210,14.99
107.39,36,follower,-35.3634051,149.1654210,15.00
107.89,36,follower,-35.3634051,149.1654210,15.00
108.39,36,follower,-35.3634051,149.1654211,15.00
108.89,36,follower,-35.3634051,149.1654211,15.00
109.39,36,follower,-35.3634051,149.1654211,15.00
109.89,36,follower,-35.3634051,149.1654211,15.00
110.39,36,follower,-35.3634051,149.1654211,15.00
110.89,36,follower,-35.3634051,149.1654211,15.00
111.39,36,follower,-35.3634051,149.1654211,15.00
111.89,36,follower,-35.3634051,149.1654211,15.00
112.39,36,follower,-35.3634051,149.1654211,15.00
112.89,36,follower,-35.3634051,149.1654211,15.00
113.39,36,follower,-35.3634051,149.1654211,15.00
113.89,36,follower,-35.3634051,149.1654211,15.00
114.39,36,follower,-35.3634051,149.1654211,15.00
114.89,36,follower,-35.3634051,149.1654211,15.00
115.39,36,follower,-35.3634051,149.1654211,15.00
115.89,36,follower,-35.3634051,149.1654211,15.00
116.39,36,follower,-35.3634051,149.1654211,15.00
116.89,36,follower,-35.3634051,149.1654211,15.00
117.39,36,follower,-35.3634051,149.1654211,15.00
117.89,36,follower,-35.3634051,149.1654211,15.00
118.39,36,follower,-35.3634051,149.1654211,15.00
118.89,36,follower,-35.3634051,149.1654211,15.00
119.39,36,follower,-35.3634051,149.1654211,15.00
119.89,36,follower,-35.3634051,149.1654211,15.00
120.39,36,follower,-35.3634051,149.1654211,15.00
120.89,36,follower,-35.3634051,149.1654211,15.00
121.39,36,follower,-35.3634051,149.1654211,15.00
121.89,36,follower,-35.3634051,149.1654211,15.00
122.40,36,follower,-35.3634051,149.1654211,15.00
122.89,36,follower,-35.3634051,149.1654211,15.00
123.39,36,follower,-35.3634051,149.1654211,15.00
123.89,36,follower,-35.3634051,149.1654211,15.00
124.40,36,follower,-35.3634051,149.1654211,15.00
124.89,36,follower,-35.3634051,149.1654211,15.00
125.39,36,follower,-35.3634051,149.1654211,15.00
125.89,36,follower,-35.3634051,149.1654211,15.00
126.40,36,follower,-35.3634051,149.1654211,15.00
126.89,36,follower,-35.3634051,149.1654211,15.00
127.39,36,follower,-35.3634051,149.1654211,15.00
127.89,36,follower,-35.3634051,149.1654211,15.00
128.39,36,follower,-35.3634051,149.1654211,15.00
128.90,36,follower,-35.3634052,149.1654211,15.00
129.39,36,follower,-35.3634051,149.1654211,15.00
129.90,36,follower,-35.3634051,149.1654211,15.00
130.39,36,follower,-35.3634051,149.1654211,15.00
130.90,36,follower,-35.3634051,149.1654211,15.00
131.40,36,follower,-35.3634051,149.1654211,15.00
131.89,36,follower,-35.3634051,149.1654211,15.00
132.39,36,follower,-35.3634051,149.1654211,15.00
132.89,36,follower,-35.3634051,149.1654211,15.00
133.40,36,follower,-35.3634051,149.1654211,15.00
133.89,36,follower,-35.3634051,149.1654211,15.00
134.39,36,follower,-35.3634051,149.1654211,15.00
134.90,36,follower,-35.3634051,149.1654211,15.00
135.40,36,follower,-35.3634051,149.1654211,15.00
135.89,36,follower,-35.3634051,149.1654211,15.00
136.39,36,follower,-35.3634051,149.1654211,15.00
136.89,36,follower,-35.3634051,149.1654211,15.00
137.39,36,follower,-35.3634051,149.1654211,15.00
137.89,36,follower,-35.3634051,149.1654211,15.00
138.39,36,follower,-35.3634051,149.1654211,15.00
138.89,36,follower,-35.3634051,149.1654211,15.00
139.40,36,follower,-35.3634051,149.1654211,15.00
139.90,36,follower,-35.3634051,149.1654211,15.00
140.40,36,follower,-35.3634051,149.1654211,15.00
140.89,36,follower,-35.3634051,149.1654211,15.00
141.40,36,follower,-35.3634051,149.1654211,15.00
141.90,36,follower,-35.3634051,149.1654211,15.00
142.40,36,follower,-35.3634051,149.1654211,15.00
142.90,36,follower,-35.3634051,149.1654211,15.00
143.40,36,follower,-35.3634051,149.1654211,15.00
143.90,36,follower,-35.3634051,149.1654211,15.00
144.40,36,follower,-35.3634051,149.1654211,15.00
144.90,36,follower,-35.3634051,149.1654211,15.00
145.40,36,follower,-35.3634029,149.1654209,15.00
145.90,36,follower,-35.3633949,149.1654207,15.00
146.40,36,follower,-35.3633830,149.1654206,15.00
146.90,36,follower,-35.3633723,149.1654207,15.00
147.40,36,follower,-35.3633631,149.1654208,15.00
147.90,36,follower,-35.3633542,149.1654208,15.00
148.40,36,follower,-35.3633450,149.1654208,15.00
148.90,36,follower,-35.3633357,149.1654208,15.00
149.40,36,follower,-35.3633264,149.1654208,15.00
149.90,36,follower,-35.3633171,149.1654208,15.00
150.40,36,follower,-35.3633079,149.1654208,15.00
150.90,36,follower,-35.3632977,149.1654208,15.00
151.40,36,follower,-35.3632885,149.1654208,15.00
151.90,36,follower,-35.3632790,149.1654208,15.00
152.40,36,follower,-35.3632705,149.1654208,15.00
152.90,36,follower,-35.3632610,149.1654208,15.00
153.40,36,follower,-35.3632520,149.1654208,15.00
153.90,36,follower,-35.3632427,149.1654208,15.00
154.40,36,follower,-35.3632336,149.1654208,15.00
154.90,36,follower,-35.3632245,149.1654208,15.00
155.40,36,follower,-35.3632156,149.1654208,15.00
155.90,36,follower,-35.3632067,149.1654208,15.00
156.40,36,follower,-35.3631979,149.1654208,15.00
156.90,36,follower,-35.3631889,149.1654208,15.00
157.40,36,follower,-35.3631799,149.1654208,15.00
157.90,36,follower,-35.3631711,149.1654208,15.00
158.40,36,follower,-35.3631623,149.1654208,15.00
158.90,36,follower,-35.3631534,149.1654208,15.00
159.40,36,follower,-35.3631445,149.1654208,15.00
159.90,36,follower,-35.3631357,149.1654208,15.00
160.40,36,follower,-35.3631282,149.1654208,15.00
160.90,36,follower,-35.3631259,149.1654208,15.00
161.40,36,follower,-35.3631289,149.1654216,15.00
161.90,36,follower,-35.3631328,149.1654265,15.00
162.40,36,follower,-35.3631334,149.1654370,15.00
162.90,36,follower,-35.3631331,149.1654543,15.01
163.40,36,follower,-35.3631330,149.1654747,15.01
163.90,36,follower,-35.3631331,149.1654910,15.00
164.40,36,follower,-35.3631337,149.1655029,15.00
164.90,36,follower,-35.3631343,149.1655148,15.00
165.40,36,follower,-35.3631348,149.1655270,15.00
165.90,36,follower,-35.3631351,149.1655400,15.00
166.40,36,follower,-35.3631352,149.1655516,15.00
166.90,36,follower,-35.3631352,149.1655633,15.00
167.40,36,follower,-35.3631352,149.1655742,15.00
167.90,36,follower,-35.3631352,149.1655855,15.00
168.40,36,follower,-35.3631352,149.1655961,15.00
168.90,36,follower,-35.3631352,149.1656072,15.00
169.40,36,follower,-35.3631352,149.1656186,15.00
169.90,36,follower,-35.3631352,149.1656297,15.00
170.40,36,follower,-35.3631352,149.1656407,15.00
170.90,36,follower,-35.3631352,149.1656517,15.00
171.40,36,follower,-35.3631351,149.1656626,15.00
171.90,36,follower,-35.3631351,149.1656736,15.00
172.40,36,follower,-35.3631351,149.1656845,15.00
172.90,36,follower,-35.3631351,149.1656953,15.00
173.40,36,follower,-35.3631351,149.1657062,15.00
173.90,36,follower,-35.3631351,149.1657170,15.00
174.40,36,follower,-35.3631351,149.1657278,15.00
174.90,36,follower,-35.3631351,149.1657387,15.00
175.40,36,follower,-35.3631351,149.1657485,15.00
175.90,36,follower,-35.3631351,149.1657529,15.00
176.40,36,follower,-35.3631355,149.1657500,15.00
176.90,36,follower,-35.3631389,149.1657449,15.00
177.41,36,follower,-35.3631465,149.1657436,15.00
177.90,36,follower,-35.3631595,149.1657440,15.01
178.40,36,follower,-35.3631761,149.1657442,15.01
178.90,36,follower,-35.3631905,149.1657440,15.00
179.41,36,follower,-35.3632005,149.1657433,15.00
179.90,36,follower,-35.3632098,149.1657424,15.00
180.41,36,follower,-35.3632192,149.1657417,15.00
180.90,36,follower,-35.3632292,149.1657414,15.00
181.41,36,follower,-35.3632390,149.1657412,15.00
181.90,36,follower,-35.3632489,149.1657412,15.00
182.40,36,follower,-35.3632576,149.1657412,15.00
182.91,36,follower,-35.3632672,149.1657413,15.00
183.41,36,follower,-35.3632762,149.1657413,15.00
183.91,36,follower,-35.3632855,149.1657413,15.00
184.40,36,follower,-35.3632942,149.1657413,15.00
184.90,36,follower,-35.3633034,149.1657413,15.00
185.40,36,follower,-35.3633122,149.1657413,15.00
185.91,36,follower,-35.3633214,149.1657413,15.00
186.41,36,follower,-35.3633306,149.1657413,15.00
186.90,36,follower,-35.3633397,149.1657413,15.00
187.41,36,follower,-35.3633487,149.1657413,15.00
187.90,36,follower,-35.3633577,149.1657413,15.00
188.40,36,follower,-35.3633666,149.1657413,15.00
188.90,36,follower,-35.3633754,149.1657413,15.00
189.41,36,follower,-35.3633843,149.1657413,15.00
189.90,36,follower,-35.3633931,149.1657413,15.00
190.40,36,follower,-35.3634014,149.1657413,15.00
190.91,36,follower,-35.3634060,149.1657413,15.00
191.40,36,follower,-35.3634047,149.1657410,15.00
191.91,36,follower,-35.3634005,149.1657378,15.00
192.41,36,follower,-35.3633987,149.1657295,15.00
192.91,36,follower,-35.3633987,149.1657147,15.00
193.41,36,follower,-35.3633989,149.1656948,15.01
193.91,36,follower,-35.3633988,149.1656763,15.00
194.40,36,follower,-35.3633983,149.1656633,15.00
194.91,36,follower,-35.3633977,149.1656518,15.00
195.41,36,follower,-35.3633971,149.1656402,15.00
195.91,36,follower,-35.3633967,149.1656287,15.00
196.41,36,follower,-35.3633965,149.1656173,15.00
196.91,36,follower,-35.3633965,149.1656060,15.00
197.41,36,follower,-35.3633965,149.1655949,15.00
197.91,36,follower,-35.3633965,149.1655839,15.00
198.41,36,follower,-35.3633965,149.1655723,15.00
198.91,36,follower,-35.3633965,149.1655600,15.00
199.41,36,follower,-35.3633965,149.1655492,15.00
199.91,36,follower,-35.3633965,149.1655377,15.00
200.41,36,follower,-35.3633965,149.1655272,15.00
200.91,36,follower,-35.3633965,149.1655156,15.00
201.41,36,follower,-35.3633965,149.1655047,15.00
201.91,36,follower,-35.3633965,149.1654933,15.00
202.41,36,follower,-35.3633965,149.1654819,15.00
202.90,36,follower,-35.3633965,149.1654708,15.00
203.41,36,follower,-35.3633965,149.1654597,15.00
203.91,36,follower,-35.3633965,149.1654487,15.00
204.41,36,follower,-35.3633966,149.1654379,15.00
204.91,36,follower,-35.3633966,149.1654270,15.00
205.41,36,follower,-35.3633966,149.1654166,15.00
205.91,36,follower,-35.3633966,149.1654094,15.00
206.41,36,follower,-35.3633966,149.1654094,15.00
206.91,36,follower,-35.3633964,149.1654134,15.01
207.41,36,follower,-35.3633963,149.1654154,15.00
207.91,36,follower,-35.3633963,149.1654159,15.00
208.41,36,follower,-35.3633963,149.1654161,15.00
208.91,36,follower,-35.3633964,149.1654164,15.00
209.41,36,follower,-35.3633964,149.1654168,15.00
209.91,36,follower,-35.3633965,149.1654173,15.00
210.41,36,follower,-35.3633965,149.1654177,15.00
210.91,36,follower,-35.3633966,149.1654180,15.00
211.41,36,follower,-35.3633966,149.1654182,15.00
93.39,37,follower,-35.3632598,149.1649654,2.23
93.89,37,follower,-35.3632598,149.1649654,3.39
94.39,37,follower,-35.3632598,149.1649654,4.67
94.89,37,follower,-35.3632598,149.1649654,5.95
95.39,37,follower,-35.3632597,149.1649654,7.19
95.89,37,follower,-35.3632597,149.1649654,8.42
96.39,37,follower,-35.3632597,149.1649654,9.66
96.89,37,follower,-35.3632597,149.1649654,10.90
97.39,37,follower,-35.3632597,149.1649654,12.13
97.89,37,follower,-35.3632597,149.1649654,13.22
98.39,37,follower,-35.3632598,149.1649654,14.08
98.89,37,follower,-35.3632598,149.1649655,14.68
99.39,37,follower,-35.3632598,149.1649655,15.03
99.89,37,follower,-35.3632599,149.1649655,15.12
100.39,37,follower,-35.3632599,149.1649655,15.00
100.89,37,follower,-35.3632599,149.1649655,14.95
101.39,37,follower,-35.3632598,149.1649655,14.95
101.89,37,follower,-35.3632598,149.1649655,14.96
102.39,37,follower,-35.3632598,149.1649655,14.97
102.89,37,follower,-35.3632598,149.1649655,14.98
103.39,37,follower,-35.3632598,149.1649654,14.98
103.89,37,follower,-35.3632598,149.1649654,14.98
104.39,37,follower,-35.3632598,149.1649654,14.99
104.89,37,follower,-35.3632598,149.1649654,14.99
105.39,37,follower,-35.3632598,149.1649653,14.99
105.89,37,follower,-35.3632598,149.1649653,14.99
106.39,37,follower,-35.3632598,149.1649654,14.99
106.89,37,follower,-35.3632598,149.1649654,14.99
107.39,37,follower,-35.3632598,149.1649655,15.00
107.89,37,follower,-35.3632598,149.1649655,15.00
108.39,37,follower,-35.3632598,149.1649654,15.00
108.89,37,follower,-35.3632598,149.1649654,15.00
109.39,37,follower,-35.3632598,149.1649654,15.00
109.89,37,follower,-35.3632598,149.1649654,15.00
110.39,37,follower,-35.3632598,149.1649655,15.00
110.89,37,follower,-35.3632598,149.1649655,15.00
111.39,37,follower,-35.3632598,149.1649655,15.00
111.89,37,follower,-35.3632598,149.1649655,15.00
112.39,37,follower,-35.3632598,149.1649655,15.00
112.89,37,follower,-35.3632598,149.1649655,15.00
113.39,37,follower,-35.3632598,149.1649655,15.00
113.89,37,follower,-35.3632598,149.1649655,15.00
114.39,37,follower,-35.3632598,149.1649655,15.00
114.89,37,follower,-35.3632598,149.1649655,15.00
115.39,37,follower,-35.3632598,149.1649655,15.00
115.89,37,follower,-35.3632598,149.1649655,15.00
116.39,37,follower,-35.3632598,149.1649655,15.00
116.89,37,follower,-35.3632598,149.1649655,15.00
117.39,37,follower,-35.3632598,149.1649655,15.00
117.89,37,follower,-35.3632598,149.1649655,15.00
118.39,37,follower,-35.3632598,149.1649655,15.00
118.89,37,follower,-35.3632598,149.1649655,15.00
119.39,37,follower,-35.3632598,149.1649655,15.00
119.89,37,follower,-35.3632598,149.1649655,15.00
120.39,37,follower,-35.3632598,149.1649655,15.00
120.89,37,follower,-35.3632598,149.1649655,15.00
121.40,37,follower,-35.3632598,149.1649655,15.00
121.89,37,follower,-35.3632598,149.1649655,15.00
122.39,37,follower,-35.3632598,149.1649655,15.00
122.89,37,follower,-35.3632598,149.1649655,15.00
123.40,37,follower,-35.3632598,149.1649655,15.00
123.90,37,follower,-35.3632598,149.1649655,15.00
124.40,37,follower,-35.3632598,149.1649655,15.00
124.89,37,follower,-35.3632598,149.1649655,15.00
125.39,37,follower,-35.3632598,149.1649655,15.00
125.89,37,follower,-35.3632598,149.1649655,15.00
126.40,37,follower,-35.3632598,149.1649655,15.00
126.90,37,follower,-35.3632598,149.1649655,15.00
127.39,37,follower,-35.3632598,149.1649655,15.00
127.90,37,follower,-35.3632598,149.1649655,15.00
128.39,37,follower,-35.3632598,149.1649655,15.00
128.89,37,follower,-35.3632599,149.1649655,15.00
129.39,37,follower,-35.3632599,149.1649655,15.00
129.89,37,follower,-35.3632599,149.1649655,15.00
130.40,37,follower,-35.3632599,149.1649655,15.00
130.89,37,follower,-35.3632599,149.1649655,15.00
131.40,37,follower,-35.3632599,149.1649655,15.00
131.89,37,follower,-35.3632599,149.1649655,15.00
132.39,37,follower,-35.3632599,149.1649655,15.00
132.89,37,follower,-35.3632599,149.1649655,15.00
133.39,37,follower,-35.3632599,149.1649655,15.00
133.90,37,follower,-35.3632599,149.1649655,15.00
134.40,37,follower,-35.3632599,149.1649655,15.00
134.89,37,follower,-35.3632599,149.1649655,15.00
135.40,37,follower,-35.3632599,149.1649655,15.00
135.89,37,follower,-35.3632599,149.1649655,15.00
136.39,37,follower,-35.3632599,149.1649655,15.00
136.90,37,follower,-35.3632599,149.1649655,15.00
137.40,37,follower,-35.3632599,149.1649655,15.00
137.90,37,follower,-35.3632599,149.1649655,15.00
138.39,37,follower,-35.3632599,149.1649655,15.00
138.89,37,follower,-35.3632599,149.1649655,15.00
139.39,37,follower,-35.3632599,149.1649655,15.00
139.90,37,follower,-35.3632599,149.1649655,15.00
140.40,37,follower,-35.3632599,149.1649655,15.00
140.90,37,follower,-35.3632599,149.1649655,15.00
141.39,37,follower,-35.3632599,149.1649655,15.00
141.90,37,follower,-35.3632599,149.1649655,15.00
142.40,37,follower,-35.3632599,149.1649655,15.00
142.90,37,follower,-35.3632599,149.1649655,15.00
143.40,37,follower,-35.3632599,149.1649655,15.00
143.90,37,follower,-35.3632599,149.1649655,15.00
144.40,37,follower,-35.3632599,149.1649655,15.00
144.90,37,follower,-35.3632598,149.1649655,15.00
145.40,37,follower,-35.3632577,149.1649653,15.00
145.90,37,follower,-35.3632498,149.1649651,15.00
146.40,37,follower,-35.3632378,149.1649650,15.00
146.90,37,follower,-35.3632272,149.1649650,15.00
147.40,37,follower,-35.3632179,149.1649651,15.00
147.90,37,follower,-35.3632089,149.1649652,15.00
148.39,37,follower,-35.3631997,149.1649652,15.00
148.90,37,follower,-35.3631904,149.1649652,15.00
149.40,37,follower,-35.3631810,149.1649652,15.00
149.90,37,follower,-35.3631718,149.1649652,15.00
150.40,37,follower,-35.3631621,149.1649652,15.00
150.90,37,follower,-35.3631519,149.1649652,15.00
151.40,37,follower,-35.3631431,149.1649652,15.00
151.90,37,follower,-35.3631337,149.1649652,15.00
152.40,37,follower,-35.3631252,149.1649652,15.00
152.90,37,follower,-35.3631158,149.1649652,15.00
153.40,37,follower,-35.3631072,149.1649652,15.00
153.90,37,follower,-35.3630977,149.1649652,15.00
154.40,37,follower,-35.3630888,149.1649652,15.00
154.90,37,follower,-35.3630796,149.1649652,15.00
155.40,37,follower,-35.3630703,149.1649652,15.00
155.90,37,follower,-35.3630613,149.1649652,15.00
156.40,37,follower,-35.3630523,149.1649652,15.00
156.90,37,follower,-35.3630432,149.1649652,15.00
157.40,37,follower,-35.3630342,149.1649652,15.00
157.90,37,follower,-35.3630253,149.1649652,15.00
158.40,37,follower,-35.3630165,149.1649652,15.00
158.90,37,follower,-35.3630076,149.1649652,15.00
159.40,37,follower,-35.3629988,149.1649652,15.00
159.90,37,follower,-35.3629900,149.1649652,15.00
160.40,37,follower,-35.3629827,149.1649652,15.00
160.90,37,follower,-35.3629807,149.1649652,15.00
161.40,37,follower,-35.3629840,149.1649662,15.00
161.90,37,follower,-35.3629876,149.1649714,15.00
162.40,37,follower,-35.3629881,149.1649823,15.00
162.90,37,follower,-35.3629878,149.1650000,15.01
163.40,37,follower,-35.3629877,149.1650203,15.01
163.90,37,follower,-35.3629879,149.1650362,15.00
164.40,37,follower,-35.3629884,149.1650480,15.00
164.90,37,follower,-35.3629890,149.1650594,15.00
165.40,37,follower,-35.3629896,149.1650709,15.00
165.90,37,follower,-35.3629898,149.1650824,15.00
166.40,37,follower,-35.3629899,149.1650944,15.00
166.90,37,follower,-35.3629899,149.1651069,15.00
167.40,37,follower,-35.3629899,149.1651179,15.00
167.90,37,follower,-35.3629899,149.1651298,15.00
168.40,37,follower,-35.3629899,149.1651409,15.00
168.90,37,follower,-35.3629899,149.1651523,15.00
169.40,37,follower,-35.3629899,149.1651629,15.00
169.90,37,follower,-35.3629899,149.1651739,15.00
170.40,37,follower,-35.3629899,149.1651840,15.00
170.90,37,follower,-35.3629899,149.1651955,15.00
171.40,37,follower,-35.3629898,149.1652065,15.00
171.91,37,follower,-35.3629898,149.1652178,15.00
172.40,37,follower,-35.3629898,149.1652292,15.00
172.90,37,follower,-35.3629898,149.1652404,15.00
173.40,37,follower,-35.3629898,149.1652505,15.00
173.90,37,follower,-35.3629898,149.1652615,15.00
174.40,37,follower,-35.3629898,149.1652729,15.00
174.91,37,follower,-35.3629898,149.1652841,15.00
175.40,37,follower,-35.3629898,149.1652938,15.00
175.90,37,follower,-35.3629899,149.1652973,15.00
176.40,37,follower,-35.3629904,149.1652940,15.00
176.90,37,follower,-35.3629941,149.1652890,15.00
177.41,37,follower,-35.3630022,149.1652880,15.00
177.90,37,follower,-35.3630157,149.1652884,15.01
178.41,37,follower,-35.3630324,149.1652886,15.01
178.91,37,follower,-35.3630464,149.1652883,15.00
179.40,37,follower,-35.3630564,149.1652876,15.00
179.91,37,follower,-35.3630657,149.1652867,15.00
180.41,37,follower,-35.3630751,149.1652860,15.00
180.90,37,follower,-35.3630845,149.1652857,15.00
181.40,37,follower,-35.3630938,149.1652856,15.00
181.90,37,follower,-35.3631029,149.1652856,15.00
182.40,37,follower,-35.3631119,149.1652856,15.00
182.90,37,follower,-35.3631209,149.1652856,15.00
183.41,37,follower,-35.3631297,149.1652857,15.00
183.91,37,follower,-35.3631386,149.1652857,15.00
184.41,37,follower,-35.3631474,149.1652857,15.00
184.90,37,follower,-35.3631563,149.1652857,15.00
185.41,37,follower,-35.3631658,149.1652857,15.00
185.90,37,follower,-35.3631758,149.1652857,15.00
186.41,37,follower,-35.3631846,149.1652857,15.00
186.91,37,follower,-35.3631940,149.1652857,15.00
187.41,37,follower,-35.3632025,149.1652857,15.00
187.90,37,follower,-35.3632119,149.1652857,15.00
188.41,37,follower,-35.3632208,149.1652857,15.00
188.91,37,follower,-35.3632300,149.1652857,15.00
189.40,37,follower,-35.3632387,149.1652857,15.00
189.91,37,follower,-35.3632478,149.1652857,15.00
190.40,37,follower,-35.3632564,149.1652857,15.00
190.91,37,follower,-35.3632610,149.1652856,15.00
191.41,37,follower,-35.3632596,149.1652853,15.00
191.90,37,follower,-35.3632554,149.1652820,15.00
192.41,37,follower,-35.3632538,149.1652735,15.00
192.91,37,follower,-35.3632538,149.1652584,15.00
193.41,37,follower,-35.3632538,149.1652382,15.01
193.91,37,follower,-35.3632535,149.1652198,15.00
194.40,37,follower,-35.3632530,149.1652067,15.00
194.91,37,follower,-35.3632523,149.1651953,15.00
195.41,37,follower,-35.3632517,149.1651838,15.00
195.91,37,follower,-35.3632514,149.1651723,15.00
196.41,37,follower,-35.3632512,149.1651610,15.00
196.91,37,follower,-35.3632512,149.1651498,15.00
197.41,37,follower,-35.3632512,149.1651388,15.00
197.91,37,follower,-35.3632512,149.1651279,15.00
198.41,37,follower,-35.3632512,149.1651170,15.00
198.91,37,follower,-35.3632512,149.1651061,15.00
199.41,37,follower,-35.3632512,149.1650945,15.00
199.91,37,follower,-35.3632512,149.1650821,15.00
200.41,37,follower,-35.3632512,149.1650714,15.00
200.91,37,follower,-35.3632512,149.1650599,15.00
201.41,37,follower,-35.3632512,149.1650494,15.00
201.91,37,follower,-35.3632512,149.1650377,15.00
202.41,37,follower,-35.3632512,149.1650268,15.00
202.91,37,follower,-35.3632512,149.1650154,15.00
203.41,37,follower,-35.3632513,149.1650047,15.00
203.91,37,follower,-35.3632513,149.1649935,15.00
204.41,37,follower,-35.3632513,149.1649822,15.00
204.91,37,follower,-35.3632513,149.1649711,15.00
205.41,37,follower,-35.3632513,149.1649606,15.00
205.91,37,follower,-35.3632513,149.1649536,15.00
206.41,37,follower,-35.3632513,149.1649539,15.00
206.91,37,follower,-35.3632511,149.1649579,15.01
207.41,37,follower,-35.3632510,149.1649598,15.00
207.91,37,follower,-35.3632510,149.1649603,15.00
208.41,37,follower,-35.3632510,149.1649605,15.00
208.91,37,follower,-35.3632511,149.1649608,15.00
209.41,37,follower,-35.3632511,149.1649612,15.00
209.91,37,follower,-35.3632512,149.1649617,15.00
210.41,37,follower,-35.3632512,149.1649621,15.00
210.91,37,follower,-35.3632513,149.1649624,15.00
211.41,37,follower,-35.3632513,149.1649625,15.00
93.39,38,follower,-35.3631140,149.1654284,2.23
93.89,38,follower,-35.3631140,149.1654284,3.39
94.39,38,follower,-35.3631140,149.1654284,4.67
94.89,38,follower,-35.3631140,149.1654284,5.95
95.39,38,follower,-35.3631140,149.1654284,7.19
95.89,38,follower,-35.3631140,149.1654284,8.42
96.39,38,follower,-35.3631140,149.1654284,9.66
96.89,38,follower,-35.3631140,149.1654284,10.90
97.39,38,follower,-35.3631140,149.1654284,12.13
97.89,38,follower,-35.3631140,149.1654284,13.22
98.39,38,follower,-35.3631140,149.1654284,14.08
98.89,38,follower,-35.3631141,149.1654284,14.68
99.39,38,follower,-35.3631141,149.1654284,15.02
99.89,38,follower,-35.3631141,149.1654284,15.11
100.39,38,follower,-35.3631141,149.1654284,15.00
100.89,38,follower,-35.3631141,149.1654284,14.95
101.39,38,follower,-35.3631141,149.1654284,14.96
101.89,38,follower,-35.3631141,149.1654283,14.96
102.39,38,follower,-35.3631141,149.1654283,14.97
102.89,38,follower,-35.3631140,149.1654282,14.98
103.39,38,follower,-35.3631140,149.1654282,14.98
103.89,38,follower,-35.3631140,149.1654282,14.98
104.39,38,follower,-35.3631140,149.1654282,14.99
104.89,38,follower,-35.3631140,149.1654282,14.99
105.39,38,follower,-35.3631140,149.1654282,14.99
105.89,38,follower,-35.3631140,149.1654282,14.99
106.39,38,follower,-35.3631140,149.1654282,14.99
106.89,38,follower,-35.3631140,149.1654282,14.99
107.40,38,follower,-35.3631140,149.1654282,15.00
107.89,38,follower,-35.3631140,149.1654282,15.00
108.39,38,follower,-35.3631140,149.1654283,15.00
108.89,38,follower,-35.3631140,149.1654283,15.00
109.40,38,follower,-35.3631140,149.1654283,15.00
109.90,38,follower,-35.3631140,149.1654283,15.00
110.39,38,follower,-35.3631140,149.1654283,15.00
110.89,38,follower,-35.3631140,149.1654283,15.00
111.39,38,follower,-35.3631140,149.1654283,15.00
111.90,38,follower,-35.3631140,149.1654283,15.00
112.39,38,follower,-35.3631141,149.1654283,15.00
112.90,38,follower,-35.3631141,149.1654283,15.00
113.39,38,follower,-35.3631141,149.1654283,15.00
113.89,38,follower,-35.3631141,149.1654283,15.00
114.39,38,follower,-35.3631141,149.1654283,15.00
114.89,38,follower,-35.3631141,149.1654283,15.00
115.40,38,follower,-35.3631141,149.1654283,15.00
115.89,38,follower,-35.3631141,149.1654283,15.00
116.39,38,follower,-35.3631141,149.1654283,15.00
116.89,38,follower,-35.3631141,149.1654283,15.00
117.40,38,follower,-35.3631141,149.1654283,15.00
117.89,38,follower,-35.3631141,149.1654283,15.00
118.40,38,follower,-35.3631141,149.1654283,15.00
118.89,38,follower,-35.3631141,149.1654283,15.00
119.39,38,follower,-35.3631141,149.1654283,15.00
119.90,38,follower,-35.3631141,149.1654283,15.00
120.39,38,follower,-35.3631141,149.1654283,15.00
120.89,38,follower,-35.3631141,149.1654283,15.00
121.40,38,follower,-35.3631141,149.1654283,15.00
121.89,38,follower,-35.3631141,149.1654283,15.00
122.39,38,follower,-35.3631141,149.1654283,15.00
122.90,38,follower,-35.3631141,149.1654283,15.00
123.39,38,follower,-35.3631141,149.1654283,15.00
123.89,38,follower,-35.3631141,149.1654283,15.00
124.40,38,follower,-35.3631141,149.1654283,15.00
124.89,38,follower,-35.3631141,149.1654283,15.00
125.40,38,follower,-35.3631141,149.1654283,15.00
125.90,38,follower,-35.3631141,149.1654283,15.00
126.40,38,follower,-35.3631141,149.1654283,15.00
126.90,38,follower,-35.3631141,149.1654283,15.00
127.39,38,follower,-35.3631141,149.1654283,15.00
127.89,38,follower,-35.3631141,149.1654283,15.00
128.40,38,follower,-35.3631141,149.1654283,15.00
128.90,38,follower,-35.3631141,149.1654283,15.00
129.40,38,follower,-35.3631141,149.1654283,15.00
129.90,38,follower,-35.3631141,149.1654283,15.00
130.40,38,follower,-35.3631141,149.1654283,15.00
130.90,38,follower,-35.3631141,149.1654283,15.00
131.39,38,follower,-35.3631141,149.1654283,15.00
131.89,38,follower,-35.3631141,149.1654283,15.00
132.40,38,follower,-35.3631141,149.1654283,15.00
132.90,38,follower,-35.3631141,149.1654283,15.00
133.39,38,follower,-35.3631141,149.1654283,15.00
133.89,38,follower,-35.3631141,149.1654283,15.00
134.40,38,follower,-35.3631141,149.1654283,15.00
134.90,38,follower,-35.3631141,149.1654283,15.00
135.40,38,follower,-35.3631141,149.1654283,15.00
135.90,38,follower,-35.3631141,149.1654283,15.00
136.40,38,follower,-35.3631141,149.1654283,15.00
136.90,38,follower,-35.3631141,149.1654283,15.00
137.40,38,follower,-35.3631141,149.1654283,15.00
137.90,38,follower,-35.3631141,149.1654283,15.00
138.40,38,follower,-35.3631141,149.1654283,15.00
138.90,38,follower,-35.3631141,149.1654283,15.00
139.40,38,follower,-35.3631141,149.1654283,15.00
139.90,38,follower,-35.3631141,149.1654283,15.00
140.40,38,follower,-35.3631141,149.1654283,15.00
140.90,38,follower,-35.3631141,149.1654283,15.00
141.40,38,follower,-35.3631141,149.1654283,15.00
141.90,38,follower,-35.3631141,149.1654283,15.00
142.40,38,follower,-35.3631141,149.1654283,15.00
142.90,38,follower,-35.3631141,149.1654283,15.00
143.40,38,follower,-35.3631141,149.1654283,15.00
143.90,38,follower,-35.3631141,149.1654283,15.00
144.40,38,follower,-35.3631140,149.1654283,15.00
144.90,38,follower,-35.3631139,149.1654283,15.00
145.40,38,follower,-35.3631123,149.1654281,15.00
145.90,38,follower,-35.3631058,149.1654281,15.00
146.40,38,follower,-35.3630936,149.1654280,15.00
146.90,38,follower,-35.3630804,149.1654280,15.00
147.40,38,follower,-35.3630703,149.1654280,15.00
147.90,38,follower,-35.3630613,149.1654281,15.00
148.40,38,follower,-35.3630520,149.1654281,15.00
148.90,38,follower,-35.3630427,149.1654281,15.00
149.40,38,follower,-35.3630333,149.1654281,15.00
149.90,38,follower,-35.3630240,149.1654281,15.00
150.40,38,follower,-35.3630148,149.1654281,15.00
150.90,38,follower,-35.3630058,149.1654281,15.00
151.40,38,follower,-35.3629968,149.1654281,15.00
151.90,38,follower,-35.3629880,149.1654281,15.00
152.40,38,follower,-35.3629791,149.1654280,15.00
152.90,38,follower,-35.3629702,149.1654280,15.00
153.40,38,follower,-35.3629612,149.1654280,15.00
153.90,38,follower,-35.3629524,149.1654280,15.00
154.40,38,follower,-35.3629436,149.1654280,15.00
154.90,38,follower,-35.3629348,149.1654280,15.00
155.40,38,follower,-35.3629260,149.1654280,15.00
155.90,38,follower,-35.3629171,149.1654280,15.00
156.40,38,follower,-35.3629082,149.1654280,15.00
156.90,38,follower,-35.3628993,149.1654280,15.00
157.40,38,follower,-35.3628903,149.1654280,15.00
157.91,38,follower,-35.3628807,149.1654280,15.00
158.40,38,follower,-35.3628711,149.1654280,15.00
158.90,38,follower,-35.3628616,149.1654280,15.00
159.40,38,follower,-35.3628531,149.1654280,15.00
159.90,38,follower,-35.3628437,149.1654280,15.00
160.40,38,follower,-35.3628366,149.1654280,15.00
160.90,38,follower,-35.3628354,149.1654280,15.00
161.40,38,follower,-35.3628390,149.1654292,15.00
161.90,38,follower,-35.3628424,149.1654350,15.00
162.40,38,follower,-35.3628426,149.1654464,15.00
162.90,38,follower,-35.3628421,149.1654645,15.01
163.41,38,follower,-35.3628419,149.1654851,15.01
163.90,38,follower,-35.3628421,149.1655010,15.00
164.40,38,follower,-35.3628426,149.1655128,15.00
164.90,38,follower,-35.3628432,149.1655242,15.00
165.40,38,follower,-35.3628437,149.1655359,15.00
165.90,38,follower,-35.3628440,149.1655474,15.00
166.40,38,follower,-35.3628441,149.1655588,15.00
166.90,38,follower,-35.3628441,149.1655699,15.00
167.40,38,follower,-35.3628441,149.1655809,15.00
167.91,38,follower,-35.3628441,149.1655919,15.00
168.41,38,follower,-35.3628441,149.1656029,15.00
168.90,38,follower,-35.3628441,149.1656137,15.00
169.41,38,follower,-35.3628440,149.1656246,15.00
169.90,38,follower,-35.3628440,149.1656356,15.00
170.40,38,follower,-35.3628440,149.1656465,15.00
170.90,38,follower,-35.3628440,149.1656574,15.00
171.41,38,follower,-35.3628440,149.1656683,15.00
171.91,38,follower,-35.3628440,149.1656792,15.00
172.40,38,follower,-35.3628440,149.1656901,15.00
172.91,38,follower,-35.3628440,149.1657009,15.00
173.40,38,follower,-35.3628440,149.1657118,15.00
173.90,38,follower,-35.3628440,149.1657226,15.00
174.41,38,follower,-35.3628440,149.1657340,15.00
174.90,38,follower,-35.3628440,149.1657453,15.00
175.41,38,follower,-35.3628440,149.1657547,15.00
175.91,38,follower,-35.3628442,149.1657584,15.00
176.41,38,follower,-35.3628451,149.1657554,15.00
176.90,38,follower,-35.3628491,149.1657514,15.00
177.40,38,follower,-35.3628579,149.1657509,15.00
177.91,38,follower,-35.3628721,149.1657513,15.01
178.41,38,follower,-35.3628888,149.1657514,15.01
178.91,38,follower,-35.3629020,149.1657510,15.00
179.41,38,follower,-35.3629116,149.1657503,15.00
179.90,38,follower,-35.3629209,149.1657495,15.00
180.41,38,follower,-35.3629304,149.1657489,15.00
180.90,38,follower,-35.3629398,149.1657486,15.00
181.41,38,follower,-35.3629491,149.1657484,15.00
181.90,38,follower,-35.3629582,149.1657484,15.00
182.41,38,follower,-35.3629673,149.1657484,15.00
182.91,38,follower,-35.3629762,149.1657485,15.00
183.41,38,follower,-35.3629851,149.1657485,15.00
183.91,38,follower,-35.3629940,149.1657485,15.00
184.41,38,follower,-35.3630028,149.1657485,15.00
184.91,38,follower,-35.3630117,149.1657485,15.00
185.41,38,follower,-35.3630206,149.1657485,15.00
185.90,38,follower,-35.3630295,149.1657485,15.00
186.41,38,follower,-35.3630385,149.1657485,15.00
186.91,38,follower,-35.3630474,149.1657485,15.00
187.41,38,follower,-35.3630563,149.1657485,15.00
187.91,38,follower,-35.3630652,149.1657485,15.00
188.41,38,follower,-35.3630740,149.1657485,15.00
188.91,38,follower,-35.3630829,149.1657485,15.00
189.41,38,follower,-35.3630918,149.1657485,15.00
189.91,38,follower,-35.3631007,149.1657485,15.00
190.41,38,follower,-35.3631092,149.1657485,15.00
190.91,38,follower,-35.3631142,149.1657485,15.00
191.41,38,follower,-35.3631133,149.1657480,15.00
191.91,38,follower,-35.3631098,149.1657442,15.00
192.41,38,follower,-35.3631086,149.1657349,15.00
192.91,38,follower,-35.3631083,149.1657185,15.01
193.41,38,follower,-35.3631080,149.1656979,15.01
193.91,38,follower,-35.3631076,149.1656802,15.00
194.41,38,follower,-35.3631071,149.1656678,15.00
194.91,38,follower,-35.3631064,149.1656563,15.00
195.41,38,follower,-35.3631058,149.1656455,15.00
195.91,38,follower,-35.3631055,149.1656343,15.00
196.41,38,follower,-35.3631054,149.1656228,15.00
196.91,38,follower,-35.3631054,149.1656110,15.00
197.41,38,follower,-35.3631054,149.1655996,15.00
197.91,38,follower,-35.3631054,149.1655886,15.00
198.41,38,follower,-35.3631054,149.1655776,15.00
198.91,38,follower,-35.3631054,149.1655667,15.00
199.41,38,follower,-35.3631055,149.1655557,15.00
199.91,38,follower,-35.3631055,149.1655448,15.00
200.41,38,follower,-35.3631055,149.1655338,15.00
200.91,38,follower,-35.3631055,149.1655228,15.00
201.41,38,follower,-35.3631055,149.1655119,15.00
201.91,38,follower,-35.3631055,149.1655010,15.00
202.41,38,follower,-35.3631055,149.1654901,15.00
202.91,38,follower,-35.3631055,149.1654792,15.00
203.41,38,follower,-35.3631055,149.1654683,15.00
203.91,38,follower,-35.3631055,149.1654574,15.00
204.41,38,follower,-35.3631055,149.1654465,15.00
204.91,38,follower,-35.3631055,149.1654357,15.00
205.41,38,follower,-35.3631055,149.1654251,15.00
205.91,38,follower,-35.3631055,149.1654172,15.00
206.41,38,follower,-35.3631055,149.1654163,15.00
206.91,38,follower,-35.3631053,149.1654205,15.00
207.41,38,follower,-35.3631051,149.1654229,15.00
207.91,38,follower,-35.3631051,149.1654233,15.00
208.41,38,follower,-35.3631051,149.1654234,15.00
208.91,38,follower,-35.3631053,149.1654236,15.00
209.41,38,follower,-35.3631054,149.1654240,15.00
209.91,38,follower,-35.3631054,149.1654245,15.00
210.41,38,follower,-35.3631055,149.1654249,15.00
210.91,38,follower,-35.3631055,149.1654252,15.00
211.41,38,follower,-35.3631055,149.1654253,15.00
93.39,39,follower,-35.3634814,149.1652048,2.23
93.90,39,follower,-35.3634814,149.1652048,3.39
94.40,39,follower,-35.3634814,149.1652048,4.67
94.89,39,follower,-35.3634814,149.1652048,5.95
95.39,39,follower,-35.3634814,149.1652048,7.19
95.89,39,follower,-35.3634814,149.1652048,8.42
96.40,39,follower,-35.3634814,149.1652048,9.66
96.90,39,follower,-35.3634814,149.1652048,10.90
97.40,39,follower,-35.3634814,149.1652048,12.13
97.89,39,follower,-35.3634814,149.1652048,13.22
98.39,39,follower,-35.3634814,149.1652048,14.08
98.90,39,follower,-35.3634814,149.1652048,14.68
99.39,39,follower,-35.3634814,149.1652048,15.03
99.90,39,follower,-35.3634814,149.1652048,15.12
100.40,39,follower,-35.3634814,149.1652048,15.00
100.89,39,follower,-35.3634814,149.1652048,14.95
101.39,39,follower,-35.3634814,149.1652048,14.95
101.89,39,follower,-35.3634814,149.1652048,14.96
102.40,39,follower,-35.3634813,149.1652048,14.97
102.89,39,follower,-35.3634813,149.1652048,14.98
103.40,39,follower,-35.3634813,149.1652047,14.98
103.89,39,follower,-35.3634813,149.1652047,14.98
104.40,39,follower,-35.3634813,149.1652047,14.99
104.90,39,follower,-35.3634813,149.1652047,14.99
105.40,39,follower,-35.3634813,149.1652047,14.99
105.90,39,follower,-35.3634813,149.1652047,14.99
106.40,39,follower,-35.3634813,149.1652047,14.99
106.90,39,follower,-35.3634813,149.1652047,14.99
107.40,39,follower,-35.3634813,149.1652047,15.00
107.89,39,follower,-35.3634813,149.1652047,15.00
108.40,39,follower,-35.3634813,149.1652048,15.00
108.90,39,follower,-35.3634813,149.1652048,15.00
109.40,39,follower,-35.3634813,149.1652048,15.00
109.90,39,follower,-35.3634813,149.1652048,15.00
110.40,39,follower,-35.3634814,149.1652048,15.00
110.90,39,follower,-35.3634814,149.1652048,15.00
111.40,39,follower,-35.3634814,149.1652048,15.00
111.90,39,follower,-35.3634814,149.1652048,15.00
112.40,39,follower,-35.3634814,149.1652048,15.00
112.90,39,follower,-35.3634814,149.1652048,15.00
113.40,39,follower,-35.3634814,149.1652048,15.00
113.90,39,follower,-35.3634814,149.1652048,15.00
114.40,39,follower,-35.3634814,149.1652048,15.00
114.90,39,follower,-35.3634814,149.1652048,15.00
115.40,39,follower,-35.3634814,149.1652048,15.00
115.90,39,follower,-35.3634814,149.1652048,15.00
116.40,39,follower,-35.3634814,149.1652048,15.00
116.90,39,follower,-35.3634814,149.1652048,15.00
117.40,39,follower,-35.3634814,149.1652048,15.00
117.90,39,follower,-35.3634814,149.1652048,15.00
118.40,39,follower,-35.3634814,149.1652048,15.00
118.90,39,follower,-35.3634814,149.1652048,15.00
119.40,39,follower,-35.3634814,149.1652048,15.00
119.90,39,follower,-35.3634814,149.1652048,15.00
120.40,39,follower,-35.3634814,149.1652048,15.00
120.90,39,follower,-35.3634814,149.1652048,15.00
121.40,39,follower,-35.3634814,149.1652048,15.00
121.90,39,follower,-35.3634814,149.1652048,15.00
122.40,39,follower,-35.3634814,149.1652048,15.00
122.90,39,follower,-35.3634814,149.1652048,15.00
123.40,39,follower,-35.3634814,149.1652048,15.00
123.90,39,follower,-35.3634814,149.1652048,15.00
124.40,39,follower,-35.3634814,149.1652048,15.00
124.90,39,follower,-35.3634814,149.1652048,15.00
125.40,39,follower,-35.3634814,149.1652048,15.00
125.90,39,follower,-35.3634814,149.1652048,15.00
126.40,39,follower,-35.3634814,149.1652048,15.00
126.90,39,follower,-35.3634814,149.1652048,15.00
127.40,39,follower,-35.3634814,149.1652048,15.00
127.90,39,follower,-35.3634814,149.1652048,15.00
128.40,39,follower,-35.3634814,149.1652048,15.00
128.90,39,follower,-35.3634814,149.1652048,15.00
129.40,39,follower,-35.3634814,149.1652048,15.00
129.90,39,follower,-35.3634814,149.1652048,15.00
130.40,39,follower,-35.3634814,149.1652048,15.00
130.90,39,follower,-35.3634814,149.1652048,15.00
131.40,39,follower,-35.3634814,149.1652048,15.00
131.90,39,follower,-35.3634814,149.1652048,15.00
132.40,39,follower,-35.3634814,149.1652048,15.00
132.90,39,follower,-35.3634814,149.1652048,15.00
133.40,39,follower,-35.3634814,149.1652048,15.00
133.90,39,follower,-35.3634814,149.1652048,15.00
134.40,39,follower,-35.3634814,149.1652048,15.00
134.90,39,follower,-35.3634814,149.1652048,15.00
135.40,39,follower,-35.3634814,149.1652048,15.00
135.90,39,follower,-35.3634814,149.1652048,15.00
136.40,39,follower,-35.3634814,149.1652048,15.00
136.90,39,follower,-35.3634814,149.1652048,15.00
137.40,39,follower,-35.3634814,149.1652048,15.00
137.90,39,follower,-35.3634814,149.1652048,15.00
138.40,39,follower,-35.3634814,149.1652048,15.00
138.90,39,follower,-35.3634814,149.1652048,15.00
139.40,39,follower,-35.3634814,149.1652048,15.00
139.90,39,follower,-35.3634814,149.1652048,15.00
140.41,39,follower,-35.3634814,149.1652048,15.00
140.90,39,follower,-35.3634814,149.1652048,15.00
141.40,39,follower,-35.3634814,149.1652048,15.00
141.90,39,follower,-35.3634814,149.1652048,15.00
142.40,39,follower,-35.3634814,149.1652048,15.00
142.90,39,follower,-35.3634814,149.1652048,15.00
143.40,39,follower,-35.3634814,149.1652048,15.00
143.90,39,follower,-35.3634814,149.1652048,15.00
144.40,39,follower,-35.3634814,149.1652048,15.00
144.90,39,follower,-35.3634813,149.1652048,15.00
145.40,39,follower,-35.3634789,149.1652046,15.00
145.91,39,follower,-35.3634708,149.1652044,15.00
146.40,39,follower,-35.3634588,149.1652043,15.00
146.91,39,follower,-35.3634482,149.1652043,15.00
147.40,39,follower,-35.3634390,149.1652044,15.00
147.90,39,follower,-35.3634300,149.1652045,15.00
148.41,39,follower,-35.3634207,149.1652045,15.00
148.91,39,follower,-35.3634114,149.1652045,15.00
149.41,39,follower,-35.3634021,149.1652045,15.00
149.90,39,follower,-35.3633929,149.1652045,15.00
150.41,39,follower,-35.3633837,149.1652045,15.00
150.90,39,follower,-35.3633746,149.1652045,15.00
151.41,39,follower,-35.3633657,149.1652045,15.00
151.90,39,follower,-35.3633561,149.1652045,15.00
152.40,39,follower,-35.3633466,149.1652045,15.00
152.90,39,follower,-35.3633369,149.1652045,15.00
153.40,39,follower,-35.3633282,149.1652045,15.00
153.91,39,follower,-35.3633188,149.1652045,15.00
154.40,39,follower,-35.3633104,149.1652045,15.00
154.91,39,follower,-35.3633009,149.1652045,15.00
155.41,39,follower,-35.3632920,149.1652045,15.00
155.91,39,follower,-35.3632830,149.1652045,15.00
156.41,39,follower,-35.3632748,149.1652045,15.00
156.90,39,follower,-35.3632654,149.1652045,15.00
157.41,39,follower,-35.3632559,149.1652045,15.00
157.91,39,follower,-35.3632467,149.1652045,15.00
158.41,39,follower,-35.3632378,149.1652045,15.00
158.91,39,follower,-35.3632288,149.1652045,15.00
159.41,39,follower,-35.3632199,149.1652045,15.00
159.91,39,follower,-35.3632111,149.1652045,15.00
160.41,39,follower,-35.3632039,149.1652045,15.00
160.91,39,follower,-35.3632022,149.1652045,15.00
161.41,39,follower,-35.3632055,149.1652055,15.00
161.91,39,follower,-35.3632091,149.1652110,15.00
162.41,39,follower,-35.3632095,149.1652222,15.00
162.91,39,follower,-35.3632093,149.1652401,15.01
163.40,39,follower,-35.3632092,149.1652604,15.01
163.91,39,follower,-35.3632094,149.1652760,15.00
164.40,39,follower,-35.3632100,149.1652877,15.00
164.91,39,follower,-35.3632106,149.1652991,15.00
165.40,39,follower,-35.3632111,149.1653107,15.00
165.91,39,follower,-35.3632113,149.1653223,15.00
166.41,39,follower,-35.3632114,149.1653337,15.00
166.91,39,follower,-35.3632114,149.1653448,15.00
167.41,39,follower,-35.3632114,149.1653558,15.00
167.91,39,follower,-35.3632114,149.1653668,15.00
168.41,39,follower,-35.3632114,149.1653778,15.00
168.91,39,follower,-35.3632114,149.1653902,15.00
169.41,39,follower,-35.3632113,149.1654018,15.00
169.91,39,follower,-35.3632113,149.1654133,15.00
170.41,39,follower,-35.3632113,149.1654236,15.00
170.91,39,follower,-35.3632113,149.1654352,15.00
171.41,39,follower,-35.3632113,149.1654461,15.00
171.91,39,follower,-35.3632113,149.1654574,15.00
172.41,39,follower,-35.3632113,149.1654682,15.00
172.91,39,follower,-35.3632113,149.1654794,15.00
173.41,39,follower,-35.3632113,149.1654900,15.00
173.91,39,follower,-35.3632113,149.1655011,15.00
174.41,39,follower,-35.3632113,149.1655124,15.00
174.91,39,follower,-35.3632114,149.1655235,15.00
175.41,39,follower,-35.3632114,149.1655332,15.00
175.91,39,follower,-35.3632114,149.1655367,15.00
176.41,39,follower,-35.3632120,149.1655334,15.00
176.91,39,follower,-35.3632157,149.1655284,15.00
177.41,39,follower,-35.3632238,149.1655275,15.00
177.91,39,follower,-35.3632373,149.1655278,15.01
178.41,39,follower,-35.3632539,149.1655279,15.01
178.91,39,follower,-35.3632676,149.1655276,15.00
179.41,39,follower,-35.3632776,149.1655269,15.00
179.91,39,follower,-35.3632870,149.1655260,15.00
180.41,39,follower,-35.3632965,149.1655253,15.00
180.91,39,follower,-35.3633059,149.1655250,15.00
181.41,39,follower,-35.3633152,149.1655249,15.00
181.91,39,follower,-35.3633243,149.1655249,15.00
182.41,39,follower,-35.3633334,149.1655249,15.00
182.91,39,follower,-35.3633423,149.1655250,15.00
183.41,39,follower,-35.3633512,149.1655250,15.00
183.91,39,follower,-35.3633600,149.1655250,15.00
184.41,39,follower,-35.3633690,149.1655250,15.00
184.91,39,follower,-35.3633779,149.1655250,15.00
185.41,39,follower,-35.3633874,149.1655250,15.00
185.91,39,follower,-35.3633977,149.1655250,15.00
186.41,39,follower,-35.3634068,149.1655250,15.00
186.91,39,follower,-35.3634160,149.1655250,15.00
187.41,39,follower,-35.3634243,149.1655250,15.00
187.91,39,follower,-35.3634338,149.1655250,15.00
188.41,39,follower,-35.3634427,149.1655250,15.00
188.92,39,follower,-35.3634518,149.1655250,15.00
189.41,39,follower,-35.3634605,149.1655250,15.00
189.91,39,follower,-35.3634695,149.1655250,15.00
190.41,39,follower,-35.3634781,149.1655250,15.00
190.91,39,follower,-35.3634825,149.1655249,15.00
191.41,39,follower,-35.3634810,149.1655246,15.00
191.91,39,follower,-35.3634768,149.1655212,15.00
192.41,39,follower,-35.3634753,149.1655126,15.00
192.91,39,follower,-35.3634753,149.1654972,15.00
193.41,39,follower,-35.3634752,149.1654769,15.01
193.91,39,follower,-35.3634750,149.1654586,15.00
194.41,39,follower,-35.3634745,149.1654456,15.00
194.91,39,follower,-35.3634738,149.1654341,15.00
195.41,39,follower,-35.3634732,149.1654226,15.00
195.91,39,follower,-35.3634728,149.1654110,15.00
196.41,39,follower,-35.3634727,149.1653996,15.00
196.91,39,follower,-35.3634727,149.1653884,15.00
197.41,39,follower,-35.3634727,149.1653774,15.00
197.91,39,follower,-35.3634727,149.1653664,15.00
198.41,39,follower,-35.3634727,149.1653556,15.00
198.92,39,follower,-35.3634727,149.1653447,15.00
199.41,39,follower,-35.3634727,149.1653338,15.00
199.91,39,follower,-35.3634727,149.1653229,15.00
200.41,39,follower,-35.3634728,149.1653119,15.00
200.92,39,follower,-35.3634728,149.1653011,15.00
201.42,39,follower,-35.3634728,149.1652895,15.00
201.91,39,follower,-35.3634728,149.1652768,15.00
202.41,39,follower,-35.3634728,149.1652656,15.00
202.92,39,follower,-35.3634728,149.1652544,15.00
203.42,39,follower,-35.3634728,149.1652442,15.00
203.91,39,follower,-35.3634728,149.1652326,15.00
204.42,39,follower,-35.3634728,149.1652218,15.00
204.91,39,follower,-35.3634728,149.1652105,15.00
205.41,39,follower,-35.3634728,149.1651997,15.00
205.91,39,follower,-35.3634727,149.1651927,15.00
206.42,39,follower,-35.3634726,149.1651931,15.00
206.91,39,follower,-35.3634725,149.1651971,15.00
207.42,39,follower,-35.3634724,149.1651991,15.00
207.92,39,follower,-35.3634724,149.1651996,15.00
208.41,39,follower,-35.3634725,149.1651998,15.00
208.91,39,follower,-35.3634726,149.1652001,15.00
209.41,39,follower,-35.3634726,149.1652005,15.00
209.91,39,follower,-35.3634727,149.1652010,15.00
210.41,39,follower,-35.3634728,149.1652014,15.00
210.92,39,follower,-35.3634728,149.1652017,15.00
211.41,39,follower,-35.3634728,149.1652019,15.00
93.39,40,follower,-35.3630821,149.1650635,2.23
93.89,40,follower,-35.3630821,149.1650635,3.39
94.39,40,follower,-35.3630821,149.1650634,4.67
94.89,40,follower,-35.3630821,149.1650634,5.95
95.39,40,follower,-35.3630821,149.1650634,7.19
95.90,40,follower,-35.3630821,149.1650634,8.42
96.40,40,follower,-35.3630821,149.1650634,9.66
96.90,40,follower,-35.3630821,149.1650634,10.90
97.40,40,follower,-35.3630821,149.1650635,12.13
97.90,40,follower,-35.3630821,149.1650635,13.22
98.40,40,follower,-35.3630821,149.1650635,14.08
98.90,40,follower,-35.3630822,149.1650635,14.68
99.40,40,follower,-35.3630822,149.1650635,15.02
99.90,40,follower,-35.3630822,149.1650635,15.10
100.40,40,follower,-35.3630822,149.1650635,15.00
100.90,40,follower,-35.3630822,149.1650635,14.95
101.39,40,follower,-35.3630822,149.1650635,14.96
101.89,40,follower,-35.3630822,149.1650635,14.96
102.39,40,follower,-35.3630822,149.1650635,14.97
102.90,40,follower,-35.3630822,149.1650634,14.98
103.40,40,follower,-35.3630821,149.1650634,14.98
103.90,40,follower,-35.3630821,149.1650634,14.98
104.39,40,follower,-35.3630821,149.1650634,14.99
104.90,40,follower,-35.3630821,149.1650634,14.99
105.40,40,follower,-35.3630821,149.1650634,14.99
105.90,40,follower,-35.3630821,149.1650634,14.99
106.39,40,follower,-35.3630821,149.1650634,14.99
106.90,40,follower,-35.3630821,149.1650634,14.99
107.40,40,follower,-35.3630821,149.1650634,15.00
107.90,40,follower,-35.3630821,149.1650634,15.00
108.40,40,follower,-35.3630821,149.1650635,15.00
108.89,40,follower,-35.3630821,149.1650635,15.00
109.39,40,follower,-35.3630821,149.1650635,15.00
109.90,40,follower,-35.3630821,149.1650635,15.00
110.40,40,follower,-35.3630821,149.1650635,15.00
110.90,40,follower,-35.3630821,149.1650635,15.00
111.40,40,follower,-35.3630821,149.1650635,15.00
111.90,40,follower,-35.3630821,149.1650635,15.00
112.40,40,follower,-35.3630821,149.1650635,15.00
112.90,40,follower,-35.3630821,149.1650635,15.00
113.40,40,follower,-35.3630821,149.1650635,15.00
113.90,40,follower,-35.3630821,149.1650635,15.00
114.40,40,follower,-35.3630821,149.1650635,15.00
114.90,40,follower,-35.3630821,149.1650635,15.00
115.40,40,follower,-35.3630821,149.1650635,15.00
115.90,40,follower,-35.3630821,149.1650635,15.00
116.40,40,follower,-35.3630821,149.1650635,15.00
116.90,40,follower,-35.3630821,149.1650635,15.00
117.40,40,follower,-35.3630821,149.1650635,15.00
117.90,40,follower,-35.3630821,149.1650635,15.00
118.40,40,follower,-35.3630821,149.1650635,15.00
118.90,40,follower,-35.3630821,149.1650635,15.00
119.40,40,follower,-35.3630821,149.1650635,15.00
119.90,40,follower,-35.3630821,149.1650635,15.00
120.40,40,follower,-35.3630821,149.1650635,15.00
120.90,40,follower,-35.3630821,149.1650635,15.00
121.40,40,follower,-35.3630821,149.1650635,15.00
121.90,40,follower,-35.3630821,149.1650635,15.00
122.40,40,follower,-35.3630821,149.1650635,15.00
122.90,40,follower,-35.3630821,149.1650635,15.00
123.40,40,follower,-35.3630821,149.1650635,15.00
123.90,40,follower,-35.3630821,149.1650635,15.00
124.40,40,follower,-35.3630821,149.1650635,15.00
124.90,40,follower,-35.3630821,149.1650635,15.00
125.40,40,follower,-35.3630821,149.1650635,15.00
125.90,40,follower,-35.3630821,149.1650635,15.00
126.40,40,follower,-35.3630821,149.1650635,15.00
126.90,40,follower,-35.3630821,149.1650635,15.00
127.40,40,follower,-35.3630821,149.1650635,15.00
127.90,40,follower,-35.3630821,149.1650635,15.00
128.40,40,follower,-35.3630821,149.1650635,15.00
128.90,40,follower,-35.3630822,149.1650635,15.00
129.40,40,follower,-35.3630821,149.1650635,15.00
129.90,40,follower,-35.3630821,149.1650635,15.00
130.40,40,follower,-35.3630821,149.1650635,15.00
130.90,40,follower,-35.3630821,149.1650635,15.00
131.40,40,follower,-35.3630821,149.1650635,15.00
131.90,40,follower,-35.3630821,149.1650635,15.00
132.40,40,follower,-35.3630821,149.1650635,15.00
132.90,40,follower,-35.3630821,149.1650635,15.00
133.40,40,follower,-35.3630821,149.1650635,15.00
133.90,40,follower,-35.3630821,149.1650635,15.00
134.40,40,follower,-35.3630821,149.1650635,15.00
134.90,40,follower,-35.3630821,149.1650635,15.00
135.40,40,follower,-35.3630821,149.1650635,15.00
135.90,40,follower,-35.3630821,149.1650635,15.00
136.40,40,follower,-35.3630821,149.1650635,15.00
136.90,40,follower,-35.3630821,149.1650635,15.00
137.40,40,follower,-35.3630821,149.1650635,15.00
137.90,40,follower,-35.3630821,149.1650635,15.00
138.40,40,follower,-35.3630821,149.1650635,15.00
138.90,40,follower,-35.3630821,149.1650635,15.00
139.40,40,follower,-35.3630821,149.1650635,15.00
139.90,40,follower,-35.3630821,149.1650635,15.00
140.41,40,follower,-35.3630821,149.1650635,15.00
140.90,40,follower,-35.3630821,149.1650635,15.00
141.40,40,follower,-35.3630821,149.1650635,15.00
141.90,40,follower,-35.3630821,149.1650635,15.00
142.40,40,follower,-35.3630821,149.1650635,15.00
142.90,40,follower,-35.3630821,149.1650635,15.00
143.40,40,follower,-35.3630821,149.1650635,15.00
143.90,40,follower,-35.3630821,149.1650635,15.00
144.40,40,follower,-35.3630821,149.1650635,15.00
144.90,40,follower,-35.3630820,149.1650635,15.00
145.40,40,follower,-35.3630805,149.1650633,15.00
145.90,40,follower,-35.3630740,149.1650633,15.00
146.41,40,follower,-35.3630620,149.1650632,15.00
146.90,40,follower,-35.3630489,149.1650632,15.00
147.40,40,follower,-35.3630387,149.1650632,15.00
147.91,40,follower,-35.3630295,149.1650633,15.00
148.40,40,follower,-35.3630202,149.1650633,15.00
148.91,40,follower,-35.3630108,149.1650633,15.00
149.41,40,follower,-35.3630014,149.1650633,15.00
149.90,40,follower,-35.3629921,149.1650633,15.00
150.41,40,follower,-35.3629829,149.1650633,15.00
150.90,40,follower,-35.3629738,149.1650633,15.00
151.41,40,follower,-35.3629648,149.1650633,15.00
151.91,40,follower,-35.3629559,149.1650633,15.00
152.41,40,follower,-35.3629471,149.1650633,15.00
152.91,40,follower,-35.3629382,149.1650633,15.00
153.41,40,follower,-35.3629292,149.1650632,15.00
153.90,40,follower,-35.3629204,149.1650632,15.00
154.41,40,follower,-35.3629116,149.1650632,15.00
154.91,40,follower,-35.3629028,149.1650632,15.00
155.41,40,follower,-35.3628939,149.1650632,15.00
155.91,40,follower,-35.3628851,149.1650632,15.00
156.41,40,follower,-35.3628762,149.1650632,15.00
156.91,40,follower,-35.3628673,149.1650632,15.00
157.41,40,follower,-35.3628583,149.1650632,15.00
157.90,40,follower,-35.3628494,149.1650632,15.00
158.41,40,follower,-35.3628405,149.1650632,15.00
158.91,40,follower,-35.3628316,149.1650632,15.00
159.41,40,follower,-35.3628222,149.1650632,15.00
159.91,40,follower,-35.3628120,149.1650632,15.00
160.41,40,follower,-35.3628047,149.1650632,15.00
160.90,40,follower,-35.3628032,149.1650632,15.00
161.41,40,follower,-35.3628066,149.1650643,15.00
161.91,40,follower,-35.3628102,149.1650697,15.00
162.40,40,follower,-35.3628105,149.1650808,15.00
162.91,40,follower,-35.3628101,149.1650987,15.01
163.41,40,follower,-35.3628100,149.1651195,15.01
163.91,40,follower,-35.3628102,149.1651362,15.00
164.41,40,follower,-35.3628107,149.1651482,15.00
164.91,40,follower,-35.3628113,149.1651596,15.00
165.41,40,follower,-35.3628118,149.1651712,15.00
165.91,40,follower,-35.3628121,149.1651828,15.00
166.41,40,follower,-35.3628122,149.1651941,15.00
166.91,40,follower,-35.3628122,149.1652053,15.00
167.41,40,follower,-35.3628122,149.1652164,15.00
167.91,40,follower,-35.3628122,149.1652274,15.00
168.41,40,follower,-35.3628122,149.1652383,15.00
168.91,40,follower,-35.3628122,149.1652491,15.00
169.41,40,follower,-35.3628122,149.1652600,15.00
169.91,40,follower,-35.3628122,149.1652709,15.00
170.41,40,follower,-35.3628122,149.1652818,15.00
170.91,40,follower,-35.3628121,149.1652928,15.00
171.41,40,follower,-35.3628121,149.1653038,15.00
171.91,40,follower,-35.3628121,149.1653148,15.00
172.41,40,follower,-35.3628121,149.1653257,15.00
172.91,40,follower,-35.3628121,149.1653366,15.00
173.41,40,follower,-35.3628121,149.1653475,15.00
173.91,40,follower,-35.3628121,149.1653584,15.00
174.41,40,follower,-35.3628122,149.1653693,15.00
174.91,40,follower,-35.3628122,149.1653801,15.00
175.41,40,follower,-35.3628122,149.1653898,15.00
175.91,40,follower,-35.3628123,149.1653933,15.00
176.41,40,follower,-35.3628141,149.1653903,15.00
176.91,40,follower,-35.3628197,149.1653870,15.00
177.41,40,follower,-35.3628304,149.1653865,15.00
177.91,40,follower,-35.3628458,149.1653865,15.01
178.41,40,follower,-35.3628605,149.1653865,15.01
178.91,40,follower,-35.3628706,149.1653861,15.00
179.41,40,follower,-35.3628786,149.1653854,15.00
179.91,40,follower,-35.3628881,149.1653846,15.00
180.41,40,follower,-35.3628978,149.1653841,15.00
180.91,40,follower,-35.3629076,149.1653838,15.00
181.41,40,follower,-35.3629172,149.1653837,15.00
181.91,40,follower,-35.3629265,149.1653837,15.00
182.41,40,follower,-35.3629356,149.1653837,15.00
182.91,40,follower,-35.3629446,149.1653838,15.00
183.41,40,follower,-35.3629534,149.1653837,15.00
183.91,40,follower,-35.3629623,149.1653837,15.00
184.41,40,follower,-35.3629712,149.1653837,15.00
184.91,40,follower,-35.3629800,149.1653837,15.00
185.41,40,follower,-35.3629889,149.1653837,15.00
185.91,40,follower,-35.3629979,149.1653837,15.00
186.41,40,follower,-35.3630068,149.1653837,15.00
186.91,40,follower,-35.3630157,149.1653837,15.00
187.41,40,follower,-35.3630246,149.1653837,15.00
187.91,40,follower,-35.3630335,149.1653837,15.00
188.41,40,follower,-35.3630423,149.1653837,15.00
188.91,40,follower,-35.3630512,149.1653837,15.00
189.41,40,follower,-35.3630601,149.1653837,15.00
189.91,40,follower,-35.3630690,149.1653837,15.00
190.41,40,follower,-35.3630775,149.1653837,15.00
190.91,40,follower,-35.3630827,149.1653837,15.00
191.41,40,follower,-35.3630821,149.1653834,15.00
191.91,40,follower,-35.3630780,149.1653807,15.00
192.41,40,follower,-35.3630760,149.1653729,15.00
192.91,40,follower,-35.3630760,149.1653586,15.00
193.41,40,follower,-35.3630760,149.1653385,15.01
193.92,40,follower,-35.3630758,149.1653185,15.01
194.41,40,follower,-35.3630753,149.1653042,15.00
194.91,40,follower,-35.3630746,149.1652922,15.00
195.41,40,follower,-35.3630740,149.1652812,15.00
195.91,40,follower,-35.3630736,149.1652696,15.00
196.41,40,follower,-35.3630734,149.1652588,15.00
196.91,40,follower,-35.3630734,149.1652468,15.00
197.41,40,follower,-35.3630734,149.1652349,15.00
197.92,40,follower,-35.3630735,149.1652237,15.00
198.41,40,follower,-35.3630735,149.1652126,15.00
198.91,40,follower,-35.3630735,149.1652016,15.00
199.41,40,follower,-35.3630735,149.1651907,15.00
199.91,40,follower,-35.3630735,149.1651797,15.00
200.41,40,follower,-35.3630735,149.1651687,15.00
200.91,40,follower,-35.3630735,149.1651578,15.00
201.41,40,follower,-35.3630735,149.1651470,15.00
201.92,40,follower,-35.3630735,149.1651361,15.00
202.41,40,follower,-35.3630736,149.1651252,15.00
202.92,40,follower,-35.3630736,149.1651142,15.00
203.41,40,follower,-35.3630736,149.1651032,15.00
203.91,40,follower,-35.3630736,149.1650922,15.00
204.41,40,follower,-35.3630736,149.1650813,15.00
204.91,40,follower,-35.3630736,149.1650705,15.00
205.41,40,follower,-35.3630736,149.1650599,15.00
205.91,40,follower,-35.3630736,149.1650522,15.00
206.41,40,follower,-35.3630736,149.1650516,15.00
206.92,40,follower,-35.3630734,149.1650555,15.01
207.41,40,follower,-35.3630732,149.1650577,15.00
207.91,40,follower,-35.3630732,149.1650583,15.00
208.42,40,follower,-35.3630732,149.1650585,15.00
208.92,40,follower,-35.3630733,149.1650588,15.00
209.42,40,follower,-35.3630734,149.1650592,15.00
209.92,40,follower,-35.3630736,149.1650597,15.00
210.42,40,follower,-35.3630736,149.1650601,15.00
210.91,40,follower,-35.3630736,149.1650604,15.00
211.41,40,follower,-35.3630736,149.1650605,15.00
93.39,41,follower,-35.3633015,149.1655040,2.23
93.89,41,follower,-35.3633015,149.1655040,3.39
94.39,41,follower,-35.3633015,149.1655040,4.67
94.89,41,follower,-35.3633015,149.1655040,5.95
95.39,41,follower,-35.3633015,149.1655040,7.19
95.89,41,follower,-35.3633015,149.1655040,8.42
96.40,41,follower,-35.3633015,149.1655040,9.66
96.90,41,follower,-35.3633015,149.1655040,10.90
97.40,41,follower,-35.3633015,149.1655040,12.13
97.89,41,follower,-35.3633015,149.1655040,13.22
98.40,41,follower,-35.3633015,149.1655040,14.08
98.89,41,follower,-35.3633015,149.1655040,14.67
99.40,41,follower,-35.3633015,149.1655040,15.01
99.90,41,follower,-35.3633015,149.1655040,15.10
100.39,41,follower,-35.3633015,149.1655040,15.00
100.90,41,follower,-35.3633015,149.1655040,14.95
101.39,41,follower,-35.3633015,149.1655040,14.96
101.90,41,follower,-35.3633015,149.1655040,14.96
102.39,41,follower,-35.3633015,149.1655039,14.97
102.89,41,follower,-35.3633015,149.1655038,14.98
103.40,41,follower,-35.3633014,149.1655038,14.98
103.89,41,follower,-35.3633014,149.1655038,14.98
104.40,41,follower,-35.3633014,149.1655038,14.99
104.90,41,follower,-35.3633014,149.1655038,14.99
105.39,41,follower,-35.3633014,149.1655038,14.99
105.89,41,follower,-35.3633014,149.1655038,14.99
106.40,41,follower,-35.3633014,149.1655038,14.99
106.89,41,follower,-35.3633014,149.1655038,14.99
107.39,41,follower,-35.3633014,149.1655038,14.99
107.89,41,follower,-35.3633014,149.1655038,15.00
108.40,41,follower,-35.3633014,149.1655039,15.00
108.90,41,follower,-35.3633014,149.1655039,15.00
109.39,41,follower,-35.3633014,149.1655039,15.00
109.90,41,follower,-35.3633014,149.1655039,15.00
110.40,41,follower,-35.3633014,149.1655039,15.00
110.90,41,follower,-35.3633014,149.1655039,15.00
111.39,41,follower,-35.3633014,149.1655039,15.00
111.90,41,follower,-35.3633014,149.1655039,15.00
112.39,41,follower,-35.3633014,149.1655039,15.00
112.90,41,follower,-35.3633014,149.1655039,15.00
113.40,41,follower,-35.3633014,149.1655039,15.00
113.90,41,follower,-35.3633014,149.1655039,15.00
114.39,41,follower,-35.3633014,149.1655039,15.00
114.90,41,follower,-35.3633014,149.1655039,15.00
115.39,41,follower,-35.3633014,149.1655039,15.00
115.90,41,follower,-35.3633014,149.1655039,15.00
116.39,41,follower,-35.3633014,149.1655039,15.00
116.90,41,follower,-35.3633014,149.1655039,15.00
117.40,41,follower,-35.3633014,149.1655039,15.00
117.90,41,follower,-35.3633014,149.1655039,15.00
118.40,41,follower,-35.3633014,149.1655039,15.00
118.89,41,follower,-35.3633014,149.1655039,15.00
119.40,41,follower,-35.3633014,149.1655039,15.00
119.90,41,follower,-35.3633014,149.1655039,15.00
120.40,41,follower,-35.3633014,149.1655039,15.00
120.90,41,follower,-35.3633015,149.1655039,15.00
121.40,41,follower,-35.3633015,149.1655039,15.00
121.90,41,follower,-35.3633015,149.1655039,15.00
122.40,41,follower,-35.3633015,149.1655039,15.00
122.90,41,follower,-35.3633015,149.1655039,15.00
123.40,41,follower,-35.3633015,149.1655039,15.00
123.90,41,follower,-35.3633015,149.1655039,15.00
124.40,41,follower,-35.3633015,149.1655039,15.00
124.90,41,follower,-35.3633015,149.1655039,15.00
125.40,41,follower,-35.3633015,149.1655039,15.00
125.90,41,follower,-35.3633015,149.1655039,15.00
126.40,41,follower,-35.3633015,149.1655039,15.00
126.90,41,follower,-35.3633014,149.1655039,15.00
127.40,41,follower,-35.3633014,149.1655039,15.00
127.90,41,follower,-35.3633014,149.1655039,15.00
128.40,41,follower,-35.3633014,149.1655039,15.00
128.90,41,follower,-35.3633015,149.1655039,15.00
129.40,41,follower,-35.3633015,149.1655039,15.00
129.90,41,follower,-35.3633015,149.1655039,15.00
130.40,41,follower,-35.3633015,149.1655039,15.00
130.90,41,follower,-35.3633015,149.1655039,15.00
131.40,41,follower,-35.3633015,149.1655039,15.00
131.90,41,follower,-35.3633015,149.1655039,15.00
132.40,41,follower,-35.3633015,149.1655039,15.00
132.90,41,follower,-35.3633015,149.1655039,15.00
133.40,41,follower,-35.3633015,149.1655039,15.00
133.90,41,follower,-35.3633015,149.1655039,15.00
134.40,41,follower,-35.3633015,149.1655039,15.00
134.90,41,follower,-35.3633014,149.1655039,15.00
135.40,41,follower,-35.3633014,149.1655039,15.00
135.90,41,follower,-35.3633014,149.1655039,15.00
136.40,41,follower,-35.3633014,149.1655039,15.00
136.90,41,follower,-35.3633014,149.1655039,15.00
137.40,41,follower,-35.3633015,149.1655039,15.00
137.90,41,follower,-35.3633014,149.1655039,15.00
138.40,41,follower,-35.3633014,149.1655039,15.00
138.90,41,follower,-35.3633014,149.1655039,15.00
139.40,41,follower,-35.3633014,149.1655039,15.00
139.90,41,follower,-35.3633014,149.1655039,15.00
140.40,41,follower,-35.3633014,149.1655039,15.00
140.90,41,follower,-35.3633014,149.1655039,15.00
141.40,41,follower,-35.3633014,149.1655039,15.00
141.90,41,follower,-35.3633014,149.1655039,15.00
142.40,41,follower,-35.3633014,149.1655039,15.00
142.90,41,follower,-35.3633014,149.1655039,15.00
143.40,41,follower,-35.3633014,149.1655039,15.00
143.90,41,follower,-35.3633014,149.1655039,15.00
144.40,41,follower,-35.3633014,149.1655039,15.00
144.90,41,follower,-35.3633013,149.1655039,15.00
145.40,41,follower,-35.3632997,149.1655038,15.00
145.91,41,follower,-35.3632932,149.1655037,15.00
146.40,41,follower,-35.3632811,149.1655036,15.00
146.91,41,follower,-35.3632678,149.1655036,15.00
147.41,41,follower,-35.3632576,149.1655036,15.00
147.90,41,follower,-35.3632486,149.1655037,15.00
148.40,41,follower,-35.3632395,149.1655037,15.00
148.90,41,follower,-35.3632301,149.1655037,15.00
149.40,41,follower,-35.3632208,149.1655036,15.00
149.90,41,follower,-35.3632115,149.1655036,15.00
150.40,41,follower,-35.3632024,149.1655036,15.00
150.90,41,follower,-35.3631934,149.1655036,15.00
151.41,41,follower,-35.3631845,149.1655036,15.00
151.91,41,follower,-35.3631757,149.1655036,15.00
152.40,41,follower,-35.3631669,149.1655036,15.00
152.90,41,follower,-35.3631579,149.1655036,15.00
153.41,41,follower,-35.3631489,149.1655036,15.00
153.90,41,follower,-35.3631400,149.1655036,15.00
154.40,41,follower,-35.3631312,149.1655036,15.00
154.90,41,follower,-35.3631224,149.1655036,15.00
155.40,41,follower,-35.3631135,149.1655036,15.00
155.90,41,follower,-35.3631046,149.1655036,15.00
156.40,41,follower,-35.3630958,149.1655036,15.00
156.90,41,follower,-35.3630862,149.1655036,15.00
157.41,41,follower,-35.3630766,149.1655036,15.00
157.90,41,follower,-35.3630670,149.1655036,15.00
158.40,41,follower,-35.3630585,149.1655036,15.00
158.90,41,follower,-35.3630492,149.1655036,15.00
159.40,41,follower,-35.3630407,149.1655036,15.00
159.91,41,follower,-35.3630313,149.1655036,15.00
160.40,41,follower,-35.3630241,149.1655036,15.00
160.91,41,follower,-35.3630227,149.1655036,15.00
161.41,41,follower,-35.3630262,149.1655050,15.00
161.91,41,follower,-35.3630292,149.1655110,15.00
162.41,41,follower,-35.3630294,149.1655231,15.00
162.90,41,follower,-35.3630293,149.1655417,15.01
163.41,41,follower,-35.3630292,149.1655617,15.01
163.91,41,follower,-35.3630296,149.1655764,15.00
164.41,41,follower,-35.3630301,149.1655878,15.00
164.91,41,follower,-35.3630307,149.1655991,15.00
165.41,41,follower,-35.3630312,149.1656107,15.00
165.91,41,follower,-35.3630314,149.1656222,15.00
166.41,41,follower,-35.3630315,149.1656335,15.00
166.91,41,follower,-35.3630315,149.1656446,15.00
167.40,41,follower,-35.3630315,149.1656557,15.00
167.91,41,follower,-35.3630315,149.1656667,15.00
168.41,41,follower,-35.3630315,149.1656776,15.00
168.91,41,follower,-35.3630315,149.1656884,15.00
169.41,41,follower,-35.3630314,149.1656994,15.00
169.91,41,follower,-35.3630314,149.1657103,15.00
170.41,41,follower,-35.3630314,149.1657213,15.00
170.91,41,follower,-35.3630314,149.1657322,15.00
171.41,41,follower,-35.3630314,149.1657432,15.00
171.91,41,follower,-35.3630314,149.1657541,15.00
172.41,41,follower,-35.3630314,149.1657657,15.00
172.91,41,follower,-35.3630314,149.1657780,15.00
173.41,41,follower,-35.3630314,149.1657889,15.00
173.91,41,follower,-35.3630314,149.1658004,15.00
174.41,41,follower,-35.3630314,149.1658108,15.00
174.91,41,follower,-35.3630314,149.1658225,15.00
175.41,41,follower,-35.3630315,149.1658322,15.00
175.91,41,follower,-35.3630316,149.1658356,15.00
176.41,41,follower,-35.3630321,149.1658322,15.01
176.91,41,follower,-35.3630358,149.1658271,15.00
177.41,41,follower,-35.3630437,149.1658261,15.00
177.91,41,follower,-35.3630571,149.1658267,15.01
178.41,41,follower,-35.3630740,149.1658269,15.01
178.91,41,follower,-35.3630886,149.1658267,15.00
179.41,41,follower,-35.3630988,149.1658260,15.00
179.91,41,follower,-35.3631081,149.1658251,15.00
180.41,41,follower,-35.3631175,149.1658244,15.00
180.91,41,follower,-35.3631269,149.1658241,15.00
181.41,41,follower,-35.3631362,149.1658240,15.00
181.91,41,follower,-35.3631453,149.1658240,15.00
182.41,41,follower,-35.3631544,149.1658240,15.00
182.91,41,follower,-35.3631633,149.1658240,15.00
183.41,41,follower,-35.3631722,149.1658241,15.00
183.91,41,follower,-35.3631810,149.1658241,15.00
184.41,41,follower,-35.3631898,149.1658241,15.00
184.91,41,follower,-35.3631987,149.1658241,15.00
185.41,41,follower,-35.3632077,149.1658241,15.00
185.91,41,follower,-35.3632166,149.1658241,15.00
186.41,41,follower,-35.3632255,149.1658241,15.00
186.91,41,follower,-35.3632344,149.1658241,15.00
187.41,41,follower,-35.3632433,149.1658241,15.00
187.91,41,follower,-35.3632521,149.1658241,15.00
188.41,41,follower,-35.3632614,149.1658241,15.00
188.91,41,follower,-35.3632713,149.1658241,15.00
189.41,41,follower,-35.3632802,149.1658241,15.00
189.91,41,follower,-35.3632895,149.1658241,15.00
190.41,41,follower,-35.3632973,149.1658241,15.00
190.91,41,follower,-35.3633015,149.1658239,15.00
191.41,41,follower,-35.3632999,149.1658233,15.00
191.91,41,follower,-35.3632964,149.1658191,15.00
192.41,41,follower,-35.3632955,149.1658095,15.00
192.91,41,follower,-35.3632955,149.1657929,15.01
193.41,41,follower,-35.3632954,149.1657727,15.01
193.91,41,follower,-35.3632950,149.1657561,15.00
194.41,41,follower,-35.3632945,149.1657441,15.00
194.91,41,follower,-35.3632938,149.1657327,15.00
195.41,41,follower,-35.3632933,149.1657211,15.00
195.91,41,follower,-35.3632929,149.1657096,15.00
196.41,41,follower,-35.3632928,149.1656982,15.00
196.92,41,follower,-35.3632928,149.1656870,15.00
197.42,41,follower,-35.3632928,149.1656759,15.00
197.91,41,follower,-35.3632928,149.1656651,15.00
198.41,41,follower,-35.3632928,149.1656542,15.00
198.92,41,follower,-35.3632928,149.1656433,15.00
199.41,41,follower,-35.3632929,149.1656324,15.00
199.91,41,follower,-35.3632929,149.1656215,15.00
200.42,41,follower,-35.3632929,149.1656106,15.00
200.91,41,follower,-35.3632929,149.1655998,15.00
201.41,41,follower,-35.3632929,149.1655889,15.00
201.91,41,follower,-35.3632929,149.1655780,15.00
202.42,41,follower,-35.3632929,149.1655669,15.00
202.91,41,follower,-35.3632929,149.1655546,15.00
203.41,41,follower,-35.3632929,149.1655433,15.00
203.91,41,follower,-35.3632929,149.1655314,15.00
204.42,41,follower,-35.3632929,149.1655206,15.00
204.91,41,follower,-35.3632929,149.1655093,15.00
205.41,41,follower,-35.3632929,149.1654990,15.00
205.92,41,follower,-35.3632929,149.1654923,15.00
206.42,41,follower,-35.3632928,149.1654926,15.00
206.92,41,follower,-35.3632927,149.1654964,15.00
207.41,41,follower,-35.3632926,149.1654982,15.00
207.91,41,follower,-35.3632926,149.1654986,15.00
208.42,41,follower,-35.3632926,149.1654989,15.00
208.92,41,follower,-35.3632926,149.1654992,15.00
209.42,41,follower,-35.3632927,149.1654997,15.00
209.92,41,follower,-35.3632928,149.1655001,15.00
210.41,41,follower,-35.3632929,149.1655005,15.00
210.92,41,follower,-35.3632929,149.1655008,15.00
211.42,41,follower,-35.3632929,149.1655009,15.00
